{
	"format_version": "1.12.0",
	"minecraft:geometry": [
		{
			"description": {
				"identifier": "geometry.unknown",
				"texture_width": 64,
				"texture_height": 64,
				"visible_bounds_width": 3,
				"visible_bounds_height": 1.5,
				"visible_bounds_offset": [0, 0.25, 0]
			},
			"bones": [
				{
					"name": "root",
					"pivot": [0, 0.5, 7]
				},
				{
					"name": "ammo",
					"parent": "root",
					"pivot": [0.1031, -5.24718, -14.5375]
				},
				{
					"name": "bone53",
					"parent": "ammo",
					"pivot": [0, 0.14221, 0.91126],
					"rotation": [0, 0, 22.5],
					"cubes": [
						{
							"origin": [-0.44482, 0.28974, -11.16411],
							"size": [0.88965, 1.20296, 3.54133],
							"pivot": [0, 0.89121, -10.34961],
							"rotation": [15, 0, 0],
							"uv": {
								"north": {"uv": [0, 37], "uv_size": [1, 1]},
								"east": {"uv": [32, 8], "uv_size": [4, 1]},
								"south": {"uv": [1, 37], "uv_size": [1, 1]},
								"west": {"uv": [32, 26], "uv_size": [4, 1]},
								"up": {"uv": [24, 32], "uv_size": [1, 4]},
								"down": {"uv": [25, 36], "uv_size": [1, -4]}
							}
						},
						{
							"origin": [-0.56107, 0.30779, -13.32779],
							"size": [0.47531, 1.20296, 5.77241],
							"pivot": [-0.03657, 0.90927, -10.28223],
							"rotation": [15.07887, -5.79484, -1.55823],
							"uv": {
								"north": {"uv": [2, 37], "uv_size": [1, 1]},
								"east": {"uv": [22, 24], "uv_size": [6, 1]},
								"south": {"uv": [37, 2], "uv_size": [1, 1]},
								"west": {"uv": [24, 22], "uv_size": [6, 1]},
								"up": {"uv": [22, 25], "uv_size": [1, 6]},
								"down": {"uv": [23, 31], "uv_size": [1, -6]}
							}
						},
						{
							"origin": [0.08402, 0.29917, -13.35997],
							"size": [0.47531, 1.20296, 5.77241],
							"pivot": [0.35354, 0.90065, -10.31441],
							"rotation": [15.07887, 5.79484, 1.55823],
							"uv": {
								"north": {"uv": [3, 37], "uv_size": [1, 1]},
								"east": {"uv": [24, 23], "uv_size": [6, 1]},
								"south": {"uv": [37, 9], "uv_size": [1, 1]},
								"west": {"uv": [24, 25], "uv_size": [6, 1]},
								"up": {"uv": [16, 26], "uv_size": [1, 6]},
								"down": {"uv": [17, 32], "uv_size": [1, -6]}
							}
						},
						{
							"origin": [-0.44482, -1.25713, -10.79289],
							"size": [0.88965, 0.24678, 3.54133],
							"pivot": [0, 0.77861, -9.9784],
							"rotation": [-15, 0, 0],
							"uv": {
								"north": {"uv": [10, 37], "uv_size": [1, 1]},
								"east": {"uv": [32, 27], "uv_size": [4, 1]},
								"south": {"uv": [37, 10], "uv_size": [1, 1]},
								"west": {"uv": [31, 32], "uv_size": [4, 1]},
								"up": {"uv": [31, 33], "uv_size": [1, 4]},
								"down": {"uv": [32, 37], "uv_size": [1, -4]}
							}
						},
						{
							"origin": [-0.55758, -1.25794, -13.02094],
							"size": [0.47531, 0.24678, 5.77241],
							"pivot": [-0.67052, 0.7778, -9.97537],
							"rotation": [-15.07887, -5.79484, 1.55823],
							"uv": {
								"north": {"uv": [11, 37], "uv_size": [1, 1]},
								"east": {"uv": [26, 18], "uv_size": [6, 1]},
								"south": {"uv": [37, 11], "uv_size": [1, 1]},
								"west": {"uv": [26, 19], "uv_size": [6, 1]},
								"up": {"uv": [18, 26], "uv_size": [1, 6]},
								"down": {"uv": [19, 32], "uv_size": [1, -6]}
							}
						},
						{
							"origin": [0.08576, -1.27519, -12.95658],
							"size": [0.47531, 0.24678, 5.77241],
							"pivot": [0.03657, 0.76055, -9.91101],
							"rotation": [-15.07887, 5.79484, -1.55823],
							"uv": {
								"north": {"uv": [12, 37], "uv_size": [1, 1]},
								"east": {"uv": [26, 20], "uv_size": [6, 1]},
								"south": {"uv": [37, 12], "uv_size": [1, 1]},
								"west": {"uv": [26, 21], "uv_size": [6, 1]},
								"up": {"uv": [24, 26], "uv_size": [1, 6]},
								"down": {"uv": [25, 32], "uv_size": [1, -6]}
							}
						},
						{
							"origin": [0.58848, -0.86022, -10.68429],
							"size": [0.88965, 1.20296, 3.54133],
							"pivot": [1.0333, 1.17552, -13.05705],
							"rotation": [-15, 0, 45],
							"uv": {
								"north": {"uv": [13, 37], "uv_size": [1, 1]},
								"east": {"uv": [33, 33], "uv_size": [4, 1]},
								"south": {"uv": [37, 13], "uv_size": [1, 1]},
								"west": {"uv": [34, 4], "uv_size": [4, 1]},
								"up": {"uv": [6, 34], "uv_size": [1, 4]},
								"down": {"uv": [7, 38], "uv_size": [1, -4]}
							}
						},
						{
							"origin": [-1.09275, -0.9758, -13.32779],
							"size": [0.47531, 1.20296, 5.77241],
							"pivot": [-0.56825, -0.37432, -10.28223],
							"rotation": [-15.07887, -5.79484, 46.55823],
							"uv": {
								"north": {"uv": [14, 37], "uv_size": [1, 1]},
								"east": {"uv": [26, 26], "uv_size": [6, 1]},
								"south": {"uv": [37, 14], "uv_size": [1, 1]},
								"west": {"uv": [26, 27], "uv_size": [6, 1]},
								"up": {"uv": [20, 28], "uv_size": [1, 6]},
								"down": {"uv": [21, 34], "uv_size": [1, -6]}
							}
						},
						{
							"origin": [-0.55582, -1.24555, -13.35997],
							"size": [0.47531, 1.20296, 5.77241],
							"pivot": [-0.2863, -0.64407, -10.31441],
							"rotation": [-15.07887, 5.79484, 43.44177],
							"uv": {
								"north": {"uv": [15, 37], "uv_size": [1, 1]},
								"east": {"uv": [28, 16], "uv_size": [6, 1]},
								"south": {"uv": [37, 15], "uv_size": [1, 1]},
								"west": {"uv": [28, 17], "uv_size": [6, 1]},
								"up": {"uv": [26, 28], "uv_size": [1, 6]},
								"down": {"uv": [27, 34], "uv_size": [1, -6]}
							}
						},
						{
							"origin": [0.13147, 0.18305, -11.16411],
							"size": [0.88965, 1.20296, 3.54133],
							"pivot": [0.41694, 0.78452, -10.34961],
							"rotation": [15, 0, 45],
							"uv": {
								"north": {"uv": [37, 17], "uv_size": [1, 1]},
								"east": {"uv": [34, 5], "uv_size": [4, 1]},
								"south": {"uv": [18, 37], "uv_size": [1, 1]},
								"west": {"uv": [34, 6], "uv_size": [4, 1]},
								"up": {"uv": [8, 34], "uv_size": [1, 4]},
								"down": {"uv": [9, 38], "uv_size": [1, -4]}
							}
						},
						{
							"origin": [0.08052, 0.32702, -13.35997],
							"size": [0.47531, 1.20296, 5.77241],
							"pivot": [0.2863, 0.9285, -10.31441],
							"rotation": [15.07887, -5.79484, 43.44177],
							"uv": {
								"north": {"uv": [37, 18], "uv_size": [1, 1]},
								"east": {"uv": [28, 24], "uv_size": [6, 1]},
								"south": {"uv": [19, 37], "uv_size": [1, 1]},
								"west": {"uv": [28, 28], "uv_size": [6, 1]},
								"up": {"uv": [28, 29], "uv_size": [1, 6]},
								"down": {"uv": [29, 35], "uv_size": [1, -6]}
							}
						},
						{
							"origin": [0.51676, -0.17296, -13.35997],
							"size": [0.47531, 1.20296, 5.77241],
							"pivot": [0.78629, 0.42851, -10.31441],
							"rotation": [15.07887, 5.79484, 46.55823],
							"uv": {
								"north": {"uv": [22, 37], "uv_size": [1, 1]},
								"east": {"uv": [30, 0], "uv_size": [6, 1]},
								"south": {"uv": [37, 22], "uv_size": [1, 1]},
								"west": {"uv": [30, 1], "uv_size": [6, 1]},
								"up": {"uv": [30, 2], "uv_size": [1, 6]},
								"down": {"uv": [30, 14], "uv_size": [1, -6]}
							}
						},
						{
							"origin": [0.16448, -0.9092, -11.19992],
							"size": [0.88965, 0.88423, 3.54133],
							"pivot": [0.6093, -0.46709, -10.54479],
							"rotation": [-15, 0, -45],
							"uv": {
								"north": {"uv": [23, 37], "uv_size": [1, 1]},
								"east": {"uv": [34, 7], "uv_size": [4, 1]},
								"south": {"uv": [37, 23], "uv_size": [1, 1]},
								"west": {"uv": [16, 34], "uv_size": [4, 1]},
								"up": {"uv": [34, 16], "uv_size": [1, 4]},
								"down": {"uv": [20, 38], "uv_size": [1, -4]}
							}
						},
						{
							"origin": [0.58482, -0.67782, -13.39495],
							"size": [0.47531, 0.88423, 5.77241],
							"pivot": [0.85435, -0.2357, -10.50874],
							"rotation": [-15.07887, 5.79484, -46.55823],
							"uv": {
								"north": {"uv": [25, 37], "uv_size": [1, 1]},
								"east": {"uv": [30, 14], "uv_size": [6, 1]},
								"south": {"uv": [37, 25], "uv_size": [1, 1]},
								"west": {"uv": [30, 15], "uv_size": [6, 1]},
								"up": {"uv": [30, 29], "uv_size": [1, 6]},
								"down": {"uv": [0, 37], "uv_size": [1, -6]}
							}
						},
						{
							"origin": [0.17214, -1.15425, -13.39495],
							"size": [0.47531, 0.88423, 5.77241],
							"pivot": [0.37792, -0.71213, -10.50874],
							"rotation": [-15.07887, -5.79484, -43.44177],
							"uv": {
								"north": {"uv": [37, 26], "uv_size": [1, 1]},
								"east": {"uv": [30, 22], "uv_size": [6, 1]},
								"south": {"uv": [37, 27], "uv_size": [1, 1]},
								"west": {"uv": [30, 23], "uv_size": [6, 1]},
								"up": {"uv": [1, 31], "uv_size": [1, 6]},
								"down": {"uv": [2, 37], "uv_size": [1, -6]}
							}
						},
						{
							"origin": [-1.05413, 0.3094, -11.19992],
							"size": [0.88965, 0.88423, 3.54133],
							"pivot": [-0.6093, 0.75152, -10.54479],
							"rotation": [15, 0, -45],
							"uv": {
								"north": {"uv": [29, 37], "uv_size": [1, 1]},
								"east": {"uv": [34, 20], "uv_size": [4, 1]},
								"south": {"uv": [37, 29], "uv_size": [1, 1]},
								"west": {"uv": [34, 21], "uv_size": [4, 1]},
								"up": {"uv": [21, 34], "uv_size": [1, 4]},
								"down": {"uv": [26, 38], "uv_size": [1, -4]}
							}
						},
						{
							"origin": [-0.64744, 0.55445, -13.39495],
							"size": [0.47531, 0.88423, 5.77241],
							"pivot": [-0.37792, 0.99656, -10.50874],
							"rotation": [15.07887, 5.79484, -43.44177],
							"uv": {
								"north": {"uv": [30, 37], "uv_size": [1, 1]},
								"east": {"uv": [30, 25], "uv_size": [6, 1]},
								"south": {"uv": [37, 30], "uv_size": [1, 1]},
								"west": {"uv": [31, 2], "uv_size": [6, 1]},
								"up": {"uv": [3, 31], "uv_size": [1, 6]},
								"down": {"uv": [31, 9], "uv_size": [1, -6]}
							}
						},
						{
							"origin": [-1.06013, 0.07802, -13.39495],
							"size": [0.47531, 0.88423, 5.77241],
							"pivot": [-0.85435, 0.52013, -10.50874],
							"rotation": [15.07887, -5.79484, -46.55823],
							"uv": {
								"north": {"uv": [31, 37], "uv_size": [1, 1]},
								"east": {"uv": [4, 31], "uv_size": [6, 1]},
								"south": {"uv": [37, 31], "uv_size": [1, 1]},
								"west": {"uv": [31, 9], "uv_size": [6, 1]},
								"up": {"uv": [10, 31], "uv_size": [1, 6]},
								"down": {"uv": [11, 37], "uv_size": [1, -6]}
							}
						},
						{
							"origin": [1.01649, -1.89353, -10.68429],
							"size": [0.88965, 1.20296, 3.54133],
							"pivot": [1.46131, 0.14221, -13.05705],
							"rotation": [-15, 0, 90],
							"uv": {
								"north": {"uv": [32, 37], "uv_size": [1, 1]},
								"east": {"uv": [34, 24], "uv_size": [4, 1]},
								"south": {"uv": [37, 32], "uv_size": [1, 1]},
								"west": {"uv": [34, 28], "uv_size": [4, 1]},
								"up": {"uv": [27, 34], "uv_size": [1, 4]},
								"down": {"uv": [33, 38], "uv_size": [1, -4]}
							}
						},
						{
							"origin": [-1.00523, -0.08906, -13.36625],
							"size": [0.47531, 1.20296, 5.77241],
							"pivot": [-0.79945, 0.51242, -10.16132],
							"rotation": [-15.07887, -5.79484, 91.55823],
							"uv": {
								"north": {"uv": [37, 33], "uv_size": [1, 1]},
								"east": {"uv": [31, 10], "uv_size": [6, 1]},
								"south": {"uv": [34, 37], "uv_size": [1, 1]},
								"west": {"uv": [31, 11], "uv_size": [6, 1]},
								"up": {"uv": [12, 31], "uv_size": [1, 6]},
								"down": {"uv": [13, 37], "uv_size": [1, -6]}
							}
						},
						{
							"origin": [-1.06898, -0.82947, -13.36625],
							"size": [0.47531, 1.20296, 5.77241],
							"pivot": [-0.79945, -0.22799, -10.16132],
							"rotation": [-15.07887, 5.79484, 88.44177],
							"uv": {
								"north": {"uv": [35, 37], "uv_size": [1, 1]},
								"east": {"uv": [31, 12], "uv_size": [6, 1]},
								"south": {"uv": [37, 35], "uv_size": [1, 1]},
								"west": {"uv": [31, 13], "uv_size": [6, 1]},
								"up": {"uv": [14, 31], "uv_size": [1, 6]},
								"down": {"uv": [15, 37], "uv_size": [1, -6]}
							}
						},
						{
							"origin": [0.34542, -0.45926, -11.16954],
							"size": [0.88965, 1.20296, 3.54133],
							"pivot": [0.79024, 0.14221, -10.19568],
							"rotation": [15, 0, 90],
							"uv": {
								"north": {"uv": [36, 37], "uv_size": [1, 1]},
								"east": {"uv": [34, 34], "uv_size": [4, 1]},
								"south": {"uv": [37, 36], "uv_size": [1, 1]},
								"west": {"uv": [16, 35], "uv_size": [4, 1]},
								"up": {"uv": [35, 16], "uv_size": [1, 4]},
								"down": {"uv": [28, 39], "uv_size": [1, -4]}
							}
						},
						{
							"origin": [0.59367, -0.08906, -13.36625],
							"size": [0.47531, 1.20296, 5.77241],
							"pivot": [0.79945, 0.51242, -10.16132],
							"rotation": [15.07887, -5.79484, 88.44177],
							"uv": {
								"north": {"uv": [37, 37], "uv_size": [1, 1]},
								"east": {"uv": [31, 29], "uv_size": [6, 1]},
								"south": {"uv": [0, 38], "uv_size": [1, 1]},
								"west": {"uv": [31, 30], "uv_size": [6, 1]},
								"up": {"uv": [22, 31], "uv_size": [1, 6]},
								"down": {"uv": [23, 37], "uv_size": [1, -6]}
							}
						},
						{
							"origin": [0.52993, -0.82947, -13.36625],
							"size": [0.47531, 1.20296, 5.77241],
							"pivot": [0.79945, -0.22799, -10.16132],
							"rotation": [15.07887, 5.79484, 91.55823],
							"uv": {
								"north": {"uv": [38, 0], "uv_size": [1, 1]},
								"east": {"uv": [31, 31], "uv_size": [6, 1]},
								"south": {"uv": [1, 38], "uv_size": [1, 1]},
								"west": {"uv": [32, 3], "uv_size": [6, 1]},
								"up": {"uv": [4, 32], "uv_size": [1, 6]},
								"down": {"uv": [5, 38], "uv_size": [1, -6]}
							}
						}
					]
				},
				{
					"name": "bone54",
					"parent": "bone53",
					"pivot": [0, -0.01445, 10.76594],
					"cubes": [
						{
							"origin": [-0.73246, -1.84764, -7.87136],
							"size": [1.68646, 4.07148, 14.69671],
							"pivot": [0.11078, 0.03144, 10.76594],
							"rotation": [0, 0, -45],
							"uv": {
								"north": {"uv": [16, 16], "uv_size": [2, 4]},
								"east": {"uv": [0, 0], "uv_size": [15, 4]},
								"south": {"uv": [18, 16], "uv_size": [2, 4]},
								"west": {"uv": [0, 4], "uv_size": [15, 4]},
								"up": {"uv": [0, 16], "uv_size": [2, 15]},
								"down": {"uv": [2, 31], "uv_size": [2, -15]}
							}
						},
						{
							"origin": [-0.99989, -1.73686, -7.87136],
							"size": [1.68646, 4.07148, 14.69671],
							"pivot": [-0.15666, 0.14222, 10.76594],
							"rotation": [0, 0, 90],
							"uv": {
								"north": {"uv": [16, 20], "uv_size": [2, 4]},
								"east": {"uv": [0, 8], "uv_size": [15, 4]},
								"south": {"uv": [20, 16], "uv_size": [2, 4]},
								"west": {"uv": [0, 12], "uv_size": [15, 4]},
								"up": {"uv": [4, 16], "uv_size": [2, 15]},
								"down": {"uv": [6, 31], "uv_size": [2, -15]}
							}
						},
						{
							"origin": [-0.95401, -1.84764, -7.87136],
							"size": [1.68646, 4.07148, 14.69671],
							"pivot": [-0.11078, 0.03144, 10.76594],
							"rotation": [0, 0, 45],
							"uv": {
								"north": {"uv": [18, 20], "uv_size": [2, 4]},
								"east": {"uv": [15, 0], "uv_size": [15, 4]},
								"south": {"uv": [20, 20], "uv_size": [2, 4]},
								"west": {"uv": [15, 4], "uv_size": [15, 4]},
								"up": {"uv": [8, 16], "uv_size": [2, 15]},
								"down": {"uv": [10, 31], "uv_size": [2, -15]}
							}
						},
						{
							"origin": [-0.84323, -1.89353, -7.87136],
							"size": [1.68646, 4.07148, 14.69671],
							"uv": {
								"north": {"uv": [22, 16], "uv_size": [2, 4]},
								"east": {"uv": [15, 8], "uv_size": [15, 4]},
								"south": {"uv": [22, 20], "uv_size": [2, 4]},
								"west": {"uv": [15, 12], "uv_size": [15, 4]},
								"up": {"uv": [12, 16], "uv_size": [2, 15]},
								"down": {"uv": [14, 31], "uv_size": [2, -15]}
							}
						},
						{
							"origin": [-0.84323, -0.74612, 6.78999],
							"size": [1.68646, 1.71292, 4.17878],
							"uv": {
								"north": {"uv": [32, 4], "uv_size": [2, 2]},
								"east": {"uv": [16, 24], "uv_size": [4, 2]},
								"south": {"uv": [6, 32], "uv_size": [2, 2]},
								"west": {"uv": [24, 16], "uv_size": [4, 2]},
								"up": {"uv": [24, 18], "uv_size": [2, 4]},
								"down": {"uv": [20, 28], "uv_size": [2, -4]}
							}
						},
						{
							"origin": [-1.16196, -1.06484, 9.33979],
							"size": [2.32391, 2.35037, 2.26643],
							"uv": {
								"north": {"uv": [32, 6], "uv_size": [2, 2]},
								"east": {"uv": [8, 32], "uv_size": [2, 2]},
								"south": {"uv": [16, 32], "uv_size": [2, 2]},
								"west": {"uv": [18, 32], "uv_size": [2, 2]},
								"up": {"uv": [32, 18], "uv_size": [2, 2]},
								"down": {"uv": [32, 22], "uv_size": [2, -2]}
							}
						}
					]
				},
				{
					"name": "bone55",
					"parent": "bone53",
					"pivot": [0, 0.14221, -12.63456],
					"cubes": [
						{
							"origin": [-0.19776, -0.39505, -13.70706],
							"size": [0.45534, 1.0993, 2.36811],
							"pivot": [0.02991, 0.11231, -9.50049],
							"rotation": [0, 0, -45],
							"uv": {
								"north": {"uv": [25, 36], "uv_size": [1, 1]},
								"east": {"uv": [29, 35], "uv_size": [2, 1]},
								"south": {"uv": [36, 25], "uv_size": [1, 1]},
								"west": {"uv": [35, 32], "uv_size": [2, 1]},
								"up": {"uv": [34, 35], "uv_size": [1, 2]},
								"down": {"uv": [35, 37], "uv_size": [1, -2]}
							}
						},
						{
							"origin": [-0.26997, -0.36514, -13.70706],
							"size": [0.45534, 1.0993, 2.36811],
							"pivot": [-0.0423, 0.14221, -9.50049],
							"rotation": [0, 0, 90],
							"uv": {
								"north": {"uv": [36, 26], "uv_size": [1, 1]},
								"east": {"uv": [36, 0], "uv_size": [2, 1]},
								"south": {"uv": [36, 27], "uv_size": [1, 1]},
								"west": {"uv": [36, 1], "uv_size": [2, 1]},
								"up": {"uv": [36, 14], "uv_size": [1, 2]},
								"down": {"uv": [16, 38], "uv_size": [1, -2]}
							}
						},
						{
							"origin": [-0.25758, -0.39505, -13.70706],
							"size": [0.45534, 1.0993, 2.36811],
							"pivot": [-0.02991, 0.11231, -9.50049],
							"rotation": [0, 0, 45],
							"uv": {
								"north": {"uv": [29, 36], "uv_size": [1, 1]},
								"east": {"uv": [36, 8], "uv_size": [2, 1]},
								"south": {"uv": [30, 36], "uv_size": [1, 1]},
								"west": {"uv": [36, 16], "uv_size": [2, 1]},
								"up": {"uv": [17, 36], "uv_size": [1, 2]},
								"down": {"uv": [36, 19], "uv_size": [1, -2]}
							}
						},
						{
							"origin": [-0.22767, -0.40743, -13.70706],
							"size": [0.45534, 1.0993, 2.36811],
							"uv": {
								"north": {"uv": [36, 35], "uv_size": [1, 1]},
								"east": {"uv": [18, 36], "uv_size": [2, 1]},
								"south": {"uv": [36, 36], "uv_size": [1, 1]},
								"west": {"uv": [36, 19], "uv_size": [2, 1]},
								"up": {"uv": [36, 22], "uv_size": [1, 2]},
								"down": {"uv": [24, 38], "uv_size": [1, -2]}
							}
						}
					]
				},
				{
					"name": "positioning",
					"pivot": [-3.025, -8.95, -11.225]
				},
				{
					"name": "ground",
					"parent": "positioning",
					"pivot": [0, 0, 0]
				},
				{
					"name": "fixed",
					"parent": "positioning",
					"pivot": [0, 0.5, 0],
					"rotation": [0, -90, 0]
				},
				{
					"name": "thirdperson_hand",
					"parent": "positioning",
					"pivot": [-0.025, 0.55, -0.225]
				}
			]
		}
	]
}