{
	"credit": "Made with Blockbench",
	"parent": "block/block",
	"textures": {
		"2": "create:block/encased_chain_drive_end",
		"3": "create:block/andesite_casing",
		"particle": "create_connected:block/encased_chain_cogwheel",
		"side": "create_connected:block/encased_chain_cogwheel"
	},
	"elements": [
		{
			"name": "Core",
			"from": [2, 0.95, 2],
			"to": [14, 15.05, 16],
			"faces": {
				"up": {"uv": [2, 2, 16, 14], "rotation": 90, "texture": "#2"},
				"down": {"uv": [2, 2, 16, 14], "rotation": 270, "texture": "#2"}
			}
		},
		{
			"name": "Base",
			"from": [14, 0, 0],
			"to": [16, 6, 16],
			"faces": {
				"north": {"uv": [0, 6, 2, 0], "texture": "#side"},
				"east": {"uv": [0, 0, 16, 6], "rotation": 180, "texture": "#side"},
				"south": {"uv": [14, 6, 16, 0], "texture": "#side"},
				"west": {"uv": [0, 0, 16, 6], "rotation": 180, "texture": "#side"},
				"up": {"uv": [0, 0, 16, 2], "rotation": 90, "texture": "#3"},
				"down": {"uv": [0, 14, 16, 16], "rotation": 270, "texture": "#2"}
			}
		},
		{
			"name": "Side",
			"from": [2, 0, 0],
			"to": [14, 6, 2],
			"faces": {
				"north": {"uv": [2, 0, 14, 6], "rotation": 180, "texture": "#side"},
				"south": {"uv": [2, 16, 14, 10], "rotation": 180, "texture": "#side"},
				"up": {"uv": [2, 14, 14, 16], "rotation": 180, "texture": "#3"},
				"down": {"uv": [2, 0, 14, 2], "rotation": 180, "texture": "#side"}
			}
		},
		{
			"name": "Top",
			"from": [0, 0, 0],
			"to": [2, 6, 16],
			"faces": {
				"north": {"uv": [14, 6, 16, 0], "texture": "#side"},
				"east": {"uv": [0, 10, 16, 16], "texture": "#side"},
				"south": {"uv": [14, 6, 16, 0], "texture": "#side"},
				"west": {"uv": [0, 0, 16, 6], "rotation": 180, "texture": "#side"},
				"up": {"uv": [0, 14, 16, 16], "rotation": 90, "texture": "#3"},
				"down": {"uv": [0, 0, 16, 2], "rotation": 270, "texture": "#2"}
			}
		},
		{
			"name": "Top",
			"from": [0, 10, 0],
			"to": [2, 16, 16],
			"faces": {
				"north": {"uv": [0, 6, 2, 0], "rotation": 180, "texture": "#side"},
				"east": {"uv": [0, 0, 16, 6], "texture": "#side"},
				"south": {"uv": [14, 6, 16, 0], "rotation": 180, "texture": "#side"},
				"west": {"uv": [0, 0, 16, 6], "texture": "#side"},
				"up": {"uv": [0, 14, 16, 16], "rotation": 90, "texture": "#2"},
				"down": {"uv": [0, 0, 16, 2], "rotation": 270, "texture": "#3"}
			}
		},
		{
			"name": "Side",
			"from": [2, 10, 0],
			"to": [14, 16, 2],
			"faces": {
				"north": {"uv": [2, 0, 14, 6], "texture": "#side"},
				"south": {"uv": [2, 16, 14, 10], "texture": "#side"},
				"up": {"uv": [2, 0, 14, 2], "texture": "#side"},
				"down": {"uv": [2, 14, 14, 16], "texture": "#3"}
			}
		},
		{
			"name": "Base",
			"from": [14, 10, 0],
			"to": [16, 16, 16],
			"faces": {
				"north": {"uv": [14, 6, 16, 0], "rotation": 180, "texture": "#side"},
				"east": {"uv": [0, 0, 16, 6], "texture": "#side"},
				"south": {"uv": [14, 6, 16, 0], "rotation": 180, "texture": "#side"},
				"west": {"uv": [0, 10, 16, 16], "rotation": 180, "texture": "#side"},
				"up": {"uv": [0, 0, 16, 2], "rotation": 90, "texture": "#2"},
				"down": {"uv": [0, 14, 16, 16], "rotation": 270, "texture": "#3"}
			}
		},
		{
			"from": [0, 6, 0],
			"to": [16, 10, 16],
			"faces": {
				"north": {"uv": [0, 6, 16, 10], "rotation": 180, "texture": "#side"},
				"east": {"uv": [0, 6, 16, 10], "rotation": 180, "texture": "#side"},
				"south": {"uv": [0, 6, 16, 10], "texture": "#side"},
				"west": {"uv": [0, 6, 16, 10], "rotation": 180, "texture": "#side"}
			}
		},
		{
			"from": [0.01, 10, 0.01],
			"to": [15.99, 6, 15.99],
			"faces": {
				"north": {"uv": [0, 6, 16, 10], "rotation": 180, "texture": "#side", "cullface": "north"},
				"east": {"uv": [0, 6, 16, 10], "rotation": 180, "texture": "#side", "cullface": "east"},
				"south": {"uv": [0, 6, 16, 10], "texture": "#side", "cullface": "south"},
				"west": {"uv": [0, 6, 16, 10], "rotation": 180, "texture": "#side", "cullface": "west"}
			}
		}
	],
	"groups": [
		0,
		{
			"name": "Top Half",
			"origin": [8, 8, 8],
			"color": 0,
			"children": [1, 2, 3]
		},
		{
			"name": "Bottom Half",
			"origin": [8, 8, 8],
			"color": 0,
			"children": [4, 5, 6]
		},
		{
			"name": "Center",
			"origin": [8, 8, 8],
			"color": 0,
			"children": [7, 8]
		}
	]
}
