{
	"credit": "Made with Blockbench",
	"parent": "block/block",
	"textures": {
		"0": "create:block/cogwheel_axis",
		"1": "create:block/gearbox",
		"2": "create:block/andesite_casing",
		"3": "create:block/axis_top",
		"4": "create:block/cogwheel",
		"particle": "create:block/andesite_casing",
		"side": "create_connected:block/encased_chain_cogwheel"
	},
	"elements": [
		{
			"name": "Core",
			"from": [2, 2, 0.95],
			"to": [14, 14, 15.05],
			"faces": {
				"north": {"uv": [2, 2, 14, 14], "texture": "#1"},
				"south": {"uv": [2, 2, 14, 14], "texture": "#1"}
			}
		},
		{
			"name": "Base",
			"from": [0, 0, 10],
			"to": [16, 2, 16],
			"faces": {
				"north": {"uv": [0, 14, 16, 16], "texture": "#2"},
				"east": {"uv": [14, 10, 16, 16], "rotation": 90, "texture": "#side"},
				"south": {"uv": [0, 14, 16, 16], "texture": "#1"},
				"west": {"uv": [0, 10, 2, 16], "rotation": 270, "texture": "#side"},
				"up": {"uv": [0, 10, 16, 16], "texture": "#side"},
				"down": {"uv": [0, 10, 16, 16], "rotation": 180, "texture": "#side"}
			}
		},
		{
			"name": "Top",
			"from": [0, 14, 10],
			"to": [16, 16, 16],
			"faces": {
				"north": {"uv": [0, 0, 16, 2], "texture": "#2"},
				"east": {"uv": [0, 10, 2, 16], "rotation": 90, "texture": "#side"},
				"south": {"uv": [0, 0, 16, 2], "texture": "#1"},
				"west": {"uv": [14, 10, 16, 16], "rotation": 270, "texture": "#side"},
				"up": {"uv": [0, 10, 16, 16], "texture": "#side"},
				"down": {"uv": [0, 0, 16, 6], "texture": "#side"}
			}
		},
		{
			"name": "SIde",
			"from": [0, 2, 10],
			"to": [2, 14, 16],
			"faces": {
				"north": {"uv": [14, 2, 16, 14], "texture": "#2"},
				"east": {"uv": [2, 0, 14, 6], "rotation": 270, "texture": "#side"},
				"south": {"uv": [0, 2, 2, 14], "texture": "#1"},
				"west": {"uv": [2, 10, 14, 16], "rotation": 270, "texture": "#side"}
			}
		},
		{
			"name": "Side",
			"from": [14, 2, 10],
			"to": [16, 14, 16],
			"faces": {
				"north": {"uv": [0, 2, 2, 14], "texture": "#2"},
				"east": {"uv": [2, 10, 14, 16], "rotation": 90, "texture": "#side"},
				"south": {"uv": [14, 2, 16, 14], "texture": "#1"},
				"west": {"uv": [2, 10, 14, 16], "rotation": 270, "texture": "#side"}
			}
		},
		{
			"name": "Base",
			"from": [0, 14, 0],
			"to": [16, 16, 6],
			"faces": {
				"north": {"uv": [0, 14, 16, 16], "rotation": 180, "texture": "#1"},
				"east": {"uv": [14, 10, 16, 16], "rotation": 270, "texture": "#side"},
				"south": {"uv": [0, 14, 16, 16], "rotation": 180, "texture": "#2"},
				"west": {"uv": [0, 10, 2, 16], "rotation": 90, "texture": "#side"},
				"up": {"uv": [0, 10, 16, 16], "rotation": 180, "texture": "#side"},
				"down": {"uv": [0, 10, 16, 16], "texture": "#side"}
			}
		},
		{
			"name": "Top",
			"from": [0, 0, 0],
			"to": [16, 2, 6],
			"faces": {
				"north": {"uv": [0, 0, 16, 2], "rotation": 180, "texture": "#1"},
				"east": {"uv": [0, 10, 2, 16], "rotation": 270, "texture": "#side"},
				"south": {"uv": [0, 0, 16, 2], "rotation": 180, "texture": "#2"},
				"west": {"uv": [14, 10, 16, 16], "rotation": 90, "texture": "#side"},
				"up": {"uv": [0, 0, 16, 6], "texture": "#side"},
				"down": {"uv": [0, 10, 16, 16], "texture": "#side"}
			}
		},
		{
			"name": "SIde",
			"from": [0, 2, 0],
			"to": [2, 14, 6],
			"faces": {
				"north": {"uv": [0, 2, 2, 14], "rotation": 180, "texture": "#1"},
				"east": {"uv": [2, 0, 14, 6], "rotation": 90, "texture": "#side"},
				"south": {"uv": [14, 2, 16, 14], "rotation": 180, "texture": "#2"},
				"west": {"uv": [2, 10, 14, 16], "rotation": 90, "texture": "#side"}
			}
		},
		{
			"name": "Side",
			"from": [14, 2, 0],
			"to": [16, 14, 6],
			"faces": {
				"north": {"uv": [14, 2, 16, 14], "rotation": 180, "texture": "#1"},
				"east": {"uv": [2, 10, 14, 16], "rotation": 270, "texture": "#side"},
				"south": {"uv": [0, 2, 2, 14], "rotation": 180, "texture": "#2"},
				"west": {"uv": [2, 10, 14, 16], "rotation": 90, "texture": "#side"}
			}
		},
		{
			"from": [0, 0, 6],
			"to": [16, 16, 10],
			"faces": {
				"east": {"uv": [0, 6, 16, 10], "rotation": 90, "texture": "#side"},
				"west": {"uv": [0, 6, 16, 10], "rotation": 90, "texture": "#side"},
				"up": {"uv": [0, 6, 16, 10], "texture": "#side"},
				"down": {"uv": [0, 6, 16, 10], "texture": "#side"}
			}
		},
		{
			"from": [0.01, 0.01, 10],
			"to": [15.99, 15.99, 6],
			"faces": {
				"east": {"uv": [0, 6, 16, 10], "rotation": 90, "texture": "#side"},
				"west": {"uv": [0, 6, 16, 10], "rotation": 90, "texture": "#side"},
				"up": {"uv": [0, 6, 16, 10], "texture": "#side"},
				"down": {"uv": [0, 6, 16, 10], "texture": "#side"}
			}
		},
		{
			"name": "Axis",
			"from": [6, 6, 0],
			"to": [10, 10, 16],
			"faces": {
				"north": {"uv": [6, 6, 10, 10], "rotation": 180, "texture": "#3"},
				"east": {"uv": [6, 0, 10, 16], "rotation": 90, "texture": "#0"},
				"south": {"uv": [6, 6, 10, 10], "texture": "#3"},
				"west": {"uv": [6, 0, 10, 16], "rotation": 270, "texture": "#0"},
				"up": {"uv": [6, 0, 10, 16], "texture": "#0"},
				"down": {"uv": [6, 0, 10, 16], "rotation": 180, "texture": "#0"}
			}
		},
		{
			"name": "Gear",
			"from": [-1, 6.5, 6.5],
			"to": [17, 9.5, 9.5],
			"faces": {
				"north": {"uv": [7, 6, 16, 7.5], "rotation": 180, "texture": "#4"},
				"east": {"uv": [5, 8, 6.5, 9.5], "rotation": 90, "texture": "#4"},
				"south": {"uv": [7, 6, 16, 7.5], "texture": "#4"},
				"west": {"uv": [5, 8, 6.5, 9.5], "rotation": 270, "texture": "#4"},
				"up": {"uv": [7, 8, 16, 9.5], "texture": "#4"},
				"down": {"uv": [7, 8, 16, 9.5], "rotation": 180, "texture": "#4"}
			}
		},
		{
			"name": "Gear2",
			"from": [6.5, -1, 6.5],
			"to": [9.5, 17, 9.5],
			"rotation": {"angle": 45, "axis": "z", "origin": [8, 8, 8]},
			"faces": {
				"north": {"uv": [7, 6, 16, 7.5], "rotation": 90, "texture": "#4"},
				"east": {"uv": [7, 8, 16, 9.5], "rotation": 90, "texture": "#4"},
				"south": {"uv": [7, 6, 16, 7.5], "rotation": 90, "texture": "#4"},
				"west": {"uv": [7, 8, 16, 9.5], "rotation": 270, "texture": "#4"},
				"up": {"uv": [5, 8, 6.5, 9.5], "texture": "#4"},
				"down": {"uv": [5, 8, 6.5, 9.5], "rotation": 180, "texture": "#4"}
			}
		},
		{
			"name": "Gear3",
			"from": [6.5, -1, 6.5],
			"to": [9.5, 17, 9.5],
			"rotation": {"angle": -45, "axis": "z", "origin": [8, 8, 8]},
			"faces": {
				"north": {"uv": [7, 6, 16, 7.5], "rotation": 270, "texture": "#4"},
				"east": {"uv": [7, 8, 16, 9.5], "rotation": 90, "texture": "#4"},
				"south": {"uv": [7, 6, 16, 7.5], "rotation": 270, "texture": "#4"},
				"west": {"uv": [7, 8, 16, 9.5], "rotation": 270, "texture": "#4"},
				"up": {"uv": [5, 8, 6.5, 9.5], "texture": "#4"},
				"down": {"uv": [5, 8, 6.5, 9.5], "rotation": 180, "texture": "#4"}
			}
		},
		{
			"name": "Gear4",
			"from": [6.5, -1, 6.5],
			"to": [9.5, 17, 9.5],
			"faces": {
				"north": {"uv": [7, 6, 16, 7.5], "rotation": 270, "texture": "#4"},
				"east": {"uv": [7, 8, 16, 9.5], "rotation": 90, "texture": "#4"},
				"south": {"uv": [7, 6, 16, 7.5], "rotation": 90, "texture": "#4"},
				"west": {"uv": [7, 8, 16, 9.5], "rotation": 270, "texture": "#4"},
				"up": {"uv": [5, 8, 6.5, 9.5], "texture": "#4"},
				"down": {"uv": [5, 8, 6.5, 9.5], "rotation": 180, "texture": "#4"}
			}
		},
		{
			"name": "GearCaseInner",
			"from": [2, 2, 6.55],
			"to": [14, 14, 9.45],
			"faces": {
				"north": {"uv": [4, 0, 10, 6], "rotation": 180, "texture": "#4"},
				"east": {"uv": [0, 6, 6, 7.5], "rotation": 90, "texture": "#4"},
				"south": {"uv": [4, 0, 10, 6], "texture": "#4"},
				"west": {"uv": [0, 6, 6, 7.5], "rotation": 270, "texture": "#4"},
				"up": {"uv": [0, 6, 6, 7.5], "texture": "#4"},
				"down": {"uv": [0, 6, 6, 7.5], "rotation": 180, "texture": "#4"}
			}
		},
		{
			"name": "GearCaseOuter",
			"from": [4, 4, 6],
			"to": [12, 12, 10],
			"faces": {
				"north": {"uv": [0, 0, 4, 4], "rotation": 180, "texture": "#4"},
				"east": {"uv": [0, 4, 4, 6], "rotation": 90, "texture": "#4"},
				"south": {"uv": [0, 0, 4, 4], "texture": "#4"},
				"west": {"uv": [0, 4, 4, 6], "rotation": 270, "texture": "#4"},
				"up": {"uv": [0, 4, 4, 6], "texture": "#4"},
				"down": {"uv": [0, 4, 4, 6], "rotation": 180, "texture": "#4"}
			}
		}
	],
	"groups": [
		0,
		{
			"name": "Top Half",
			"origin": [8, 8, 8],
			"color": 0,
			"children": [1, 2, 3, 4]
		},
		{
			"name": "Bottom Half",
			"origin": [8, 8, 8],
			"color": 0,
			"children": [5, 6, 7, 8]
		},
		{
			"name": "Center",
			"origin": [8, 8, 8],
			"color": 0,
			"children": [9, 10]
		},
		11,
		12,
		13,
		14,
		15,
		16,
		17
	]
}
