{
	"credit": "Made with Blockbench",
	"parent": "block/block",
	"textures": {
		"1": "create:block/encased_chain_drive_middle",
		"2": "create:block/andesite_casing",
		"particle": "create_connected:block/encased_chain_cogwheel",
		"side": "create_connected:block/encased_chain_cogwheel"
	},
	"elements": [
		{
			"name": "Core",
			"from": [0.95, 2, 0],
			"to": [15.05, 14, 16],
			"faces": {
				"east": {"uv": [0, 2, 16, 14], "texture": "#1"},
				"west": {"uv": [0, 2, 16, 14], "rotation": 180, "texture": "#1"}
			}
		},
		{
			"name": "Base",
			"from": [0, 0, 0],
			"to": [6, 2, 16],
			"faces": {
				"north": {"uv": [14, 16, 16, 10], "rotation": 90, "texture": "#side"},
				"east": {"uv": [0, 14, 16, 16], "texture": "#2"},
				"south": {"uv": [0, 16, 2, 10], "rotation": 270, "texture": "#side"},
				"west": {"uv": [0, 0, 16, 2], "rotation": 180, "texture": "#1"},
				"up": {"uv": [0, 10, 16, 16], "rotation": 90, "texture": "#side"},
				"down": {"uv": [0, 10, 16, 16], "rotation": 90, "texture": "#side"}
			}
		},
		{
			"name": "Top",
			"from": [0, 14, 0],
			"to": [6, 16, 16],
			"faces": {
				"north": {"uv": [14, 16, 16, 10], "rotation": 90, "texture": "#side"},
				"east": {"uv": [0, 0, 16, 2], "texture": "#2"},
				"south": {"uv": [14, 16, 16, 10], "rotation": 270, "texture": "#side"},
				"west": {"uv": [0, 14, 16, 16], "rotation": 180, "texture": "#1"},
				"up": {"uv": [0, 10, 16, 16], "rotation": 90, "texture": "#side"},
				"down": {"uv": [0, 0, 16, 6], "rotation": 270, "texture": "#side"}
			}
		},
		{
			"name": "Base",
			"from": [10, 14, 0],
			"to": [16, 16, 16],
			"faces": {
				"north": {"uv": [14, 16, 16, 10], "rotation": 270, "texture": "#side"},
				"east": {"uv": [0, 0, 16, 2], "texture": "#1"},
				"south": {"uv": [0, 16, 2, 10], "rotation": 90, "texture": "#side"},
				"west": {"uv": [0, 14, 16, 16], "rotation": 180, "texture": "#2"},
				"up": {"uv": [0, 10, 16, 16], "rotation": 270, "texture": "#side"},
				"down": {"uv": [0, 10, 16, 16], "rotation": 270, "texture": "#side"}
			}
		},
		{
			"name": "Top",
			"from": [10, 0, 0],
			"to": [16, 2, 16],
			"faces": {
				"north": {"uv": [14, 16, 16, 10], "rotation": 270, "texture": "#side"},
				"east": {"uv": [0, 14, 16, 16], "texture": "#1"},
				"south": {"uv": [14, 16, 16, 10], "rotation": 90, "texture": "#side"},
				"west": {"uv": [0, 0, 16, 2], "rotation": 180, "texture": "#2"},
				"up": {"uv": [0, 0, 16, 6], "rotation": 90, "texture": "#side"},
				"down": {"uv": [0, 10, 16, 16], "rotation": 270, "texture": "#side"}
			}
		},
		{
			"from": [6, 0, 0],
			"to": [10, 16, 16],
			"faces": {
				"north": {"uv": [0, 6, 16, 10], "rotation": 90, "texture": "#side"},
				"south": {"uv": [0, 6, 16, 10], "rotation": 90, "texture": "#side"},
				"up": {"uv": [0, 6, 16, 10], "rotation": 90, "texture": "#side"},
				"down": {"uv": [0, 6, 16, 10], "rotation": 90, "texture": "#side"}
			}
		},
		{
			"from": [10, 0.01, 0.01],
			"to": [6, 15.99, 15.99],
			"faces": {
				"north": {"uv": [0, 6, 16, 10], "rotation": 90, "texture": "#side", "cullface": "north"},
				"south": {"uv": [0, 6, 16, 10], "rotation": 90, "texture": "#side", "cullface": "south"},
				"up": {"uv": [0, 6, 16, 10], "rotation": 90, "texture": "#side", "cullface": "up"},
				"down": {"uv": [0, 6, 16, 10], "rotation": 90, "texture": "#side", "cullface": "down"}
			}
		}
	],
	"groups": [
		0,
		{
			"name": "Top Half",
			"origin": [8, 8, 8],
			"color": 0,
			"children": [1, 2]
		},
		{
			"name": "Bottom Half",
			"origin": [8, 8, 8],
			"color": 0,
			"children": [3, 4]
		},
		{
			"name": "Center",
			"origin": [8, 8, 8],
			"color": 0,
			"children": [5, 6]
		}
	]
}
