{
	"credit": "Made with Blockbench",
	"parent": "block/block",
	"textures": {
		"1": "create:block/gearbox",
		"2": "create:block/andesite_casing",
		"particle": "create_connected:block/encased_chain_cogwheel",
		"side": "create_connected:block/encased_chain_cogwheel"
	},
	"elements": [
		{
			"name": "Core",
			"from": [2, 2, 0.95],
			"to": [14, 14, 15.05],
			"faces": {
				"north": {"uv": [2, 2, 14, 14], "texture": "#1"},
				"south": {"uv": [2, 2, 14, 14], "texture": "#1"}
			}
		},
		{
			"name": "Base",
			"from": [0, 0, 10],
			"to": [16, 2, 16],
			"faces": {
				"north": {"uv": [0, 14, 16, 16], "texture": "#2"},
				"east": {"uv": [14, 10, 16, 16], "rotation": 90, "texture": "#side"},
				"south": {"uv": [0, 14, 16, 16], "texture": "#1"},
				"west": {"uv": [0, 10, 2, 16], "rotation": 270, "texture": "#side"},
				"up": {"uv": [0, 10, 16, 16], "texture": "#side"},
				"down": {"uv": [0, 10, 16, 16], "rotation": 180, "texture": "#side"}
			}
		},
		{
			"name": "Top",
			"from": [0, 14, 10],
			"to": [16, 16, 16],
			"faces": {
				"north": {"uv": [0, 0, 16, 2], "texture": "#2"},
				"east": {"uv": [0, 10, 2, 16], "rotation": 90, "texture": "#side"},
				"south": {"uv": [0, 0, 16, 2], "texture": "#1"},
				"west": {"uv": [14, 10, 16, 16], "rotation": 270, "texture": "#side"},
				"up": {"uv": [0, 10, 16, 16], "texture": "#side"},
				"down": {"uv": [0, 0, 16, 6], "texture": "#side"}
			}
		},
		{
			"name": "SIde",
			"from": [0, 2, 10],
			"to": [2, 14, 16],
			"faces": {
				"north": {"uv": [14, 2, 16, 14], "texture": "#2"},
				"east": {"uv": [2, 0, 14, 6], "rotation": 270, "texture": "#side"},
				"south": {"uv": [0, 2, 2, 14], "texture": "#1"},
				"west": {"uv": [2, 10, 14, 16], "rotation": 270, "texture": "#side"}
			}
		},
		{
			"name": "Side",
			"from": [14, 2, 10],
			"to": [16, 14, 16],
			"faces": {
				"north": {"uv": [0, 2, 2, 14], "texture": "#2"},
				"east": {"uv": [2, 10, 14, 16], "rotation": 90, "texture": "#side"},
				"south": {"uv": [14, 2, 16, 14], "texture": "#1"},
				"west": {"uv": [2, 10, 14, 16], "rotation": 270, "texture": "#side"}
			}
		},
		{
			"name": "Base",
			"from": [0, 14, 0],
			"to": [16, 16, 6],
			"faces": {
				"north": {"uv": [0, 14, 16, 16], "rotation": 180, "texture": "#1"},
				"east": {"uv": [14, 10, 16, 16], "rotation": 270, "texture": "#side"},
				"south": {"uv": [0, 14, 16, 16], "rotation": 180, "texture": "#2"},
				"west": {"uv": [0, 10, 2, 16], "rotation": 90, "texture": "#side"},
				"up": {"uv": [0, 10, 16, 16], "rotation": 180, "texture": "#side"},
				"down": {"uv": [0, 10, 16, 16], "texture": "#side"}
			}
		},
		{
			"name": "Top",
			"from": [0, 0, 0],
			"to": [16, 2, 6],
			"faces": {
				"north": {"uv": [0, 0, 16, 2], "rotation": 180, "texture": "#1"},
				"east": {"uv": [0, 10, 2, 16], "rotation": 270, "texture": "#side"},
				"south": {"uv": [0, 0, 16, 2], "rotation": 180, "texture": "#2"},
				"west": {"uv": [14, 10, 16, 16], "rotation": 90, "texture": "#side"},
				"up": {"uv": [0, 0, 16, 6], "texture": "#side"},
				"down": {"uv": [0, 10, 16, 16], "texture": "#side"}
			}
		},
		{
			"name": "SIde",
			"from": [0, 2, 0],
			"to": [2, 14, 6],
			"faces": {
				"north": {"uv": [0, 2, 2, 14], "rotation": 180, "texture": "#1"},
				"east": {"uv": [2, 0, 14, 6], "rotation": 90, "texture": "#side"},
				"south": {"uv": [14, 2, 16, 14], "rotation": 180, "texture": "#2"},
				"west": {"uv": [2, 10, 14, 16], "rotation": 90, "texture": "#side"}
			}
		},
		{
			"name": "Side",
			"from": [14, 2, 0],
			"to": [16, 14, 6],
			"faces": {
				"north": {"uv": [14, 2, 16, 14], "rotation": 180, "texture": "#1"},
				"east": {"uv": [2, 10, 14, 16], "rotation": 270, "texture": "#side"},
				"south": {"uv": [0, 2, 2, 14], "rotation": 180, "texture": "#2"},
				"west": {"uv": [2, 10, 14, 16], "rotation": 90, "texture": "#side"}
			}
		},
		{
			"from": [0, 0, 6],
			"to": [16, 16, 10],
			"faces": {
				"east": {"uv": [0, 6, 16, 10], "rotation": 90, "texture": "#side"},
				"west": {"uv": [0, 6, 16, 10], "rotation": 90, "texture": "#side"},
				"up": {"uv": [0, 6, 16, 10], "texture": "#side"},
				"down": {"uv": [0, 6, 16, 10], "texture": "#side"}
			}
		},
		{
			"from": [0.01, 0.01, 10],
			"to": [15.99, 15.99, 6],
			"faces": {
				"east": {"uv": [0, 6, 16, 10], "rotation": 90, "texture": "#side", "cullface": "east"},
				"west": {"uv": [0, 6, 16, 10], "rotation": 90, "texture": "#side", "cullface": "west"},
				"up": {"uv": [0, 6, 16, 10], "texture": "#side", "cullface": "up"},
				"down": {"uv": [0, 6, 16, 10], "texture": "#side", "cullface": "down"}
			}
		}
	],
	"groups": [
		0,
		{
			"name": "Top Half",
			"origin": [8, 8, 8],
			"color": 0,
			"children": [1, 2, 3, 4]
		},
		{
			"name": "Bottom Half",
			"origin": [8, 8, 8],
			"color": 0,
			"children": [5, 6, 7, 8]
		},
		{
			"name": "Center",
			"origin": [8, 8, 8],
			"color": 0,
			"children": [9, 10]
		}
	]
}
