{
	"credit": "Made with Blockbench",
	"textures": {
		"0": "create:block/metal_face",
		"2": "create:block/andesite_casing_metal",
		"3": "create:block/weighted_ejector_casing",
		"4": "create:block/weighted_ejector_top",
		"5": "create:block/weighted_ejector_inner",
		"particle": "create:block/weighted_ejector_top"
	},
	"elements": [
		{
			"from": [4, 9.5, -0.5],
			"to": [12, 12.5, 2.5],
			"faces": {
				"north": {"uv": [9, 0, 13, 1.5], "texture": "#3"},
				"east": {"uv": [12.5, 0, 13, 0.5], "texture": "#3"},
				"south": {"uv": [9, 0, 13, 1.5], "texture": "#3"},
				"west": {"uv": [12.5, 0, 13, 0.5], "texture": "#3"},
				"up": {"uv": [9, 0, 13, 1.5], "rotation": 180, "texture": "#3"},
				"down": {"uv": [9, 0, 13, 1.5], "texture": "#3"}
			}
		},
		{
			"from": [6, 7, 1],
			"to": [10, 11, 5],
			"faces": {
				"east": {"uv": [4, 8, 8, 12], "texture": "#0"},
				"south": {"uv": [5, 10, 9, 14], "texture": "#2"},
				"west": {"uv": [8, 8, 12, 12], "texture": "#0"},
				"down": {"uv": [5, 10, 9, 14], "texture": "#2"}
			}
		},
		{
			"from": [7.5, 5, 1],
			"to": [8.5, 11, 7],
			"faces": {
				"east": {"uv": [2, 8, 8, 14], "texture": "#0"},
				"south": {"uv": [13, 8, 14, 14], "texture": "#0"},
				"west": {"uv": [8, 8, 14, 14], "texture": "#0"},
				"down": {"uv": [13, 4, 14, 10], "texture": "#0"}
			}
		},
		{
			"from": [0.9, 11, 1],
			"to": [15.1, 13, 15],
			"faces": {
				"north": {"uv": [1, 14, 15, 16], "texture": "#4"},
				"east": {"uv": [1, 14, 15, 16], "texture": "#4"},
				"south": {"uv": [1, 14, 15, 16], "texture": "#4"},
				"west": {"uv": [1, 14, 15, 16], "texture": "#4"},
				"up": {"uv": [1, 0, 15, 14], "rotation": 180, "texture": "#4"},
				"down": {"uv": [1, 1, 15, 15], "texture": "#5"}
			}
		},
		{
			"from": [7, 2, 1],
			"to": [9, 11, 2],
			"rotation": {"angle": 0, "axis": "x", "origin": [8, 11, 1]},
			"faces": {
				"east": {"uv": [3, 0, 4, 9], "texture": "#2"},
				"south": {"uv": [3, 0, 5, 9], "texture": "#2"},
				"west": {"uv": [3, 0, 4, 9], "texture": "#2"},
				"down": {"uv": [3, 0, 5, 1], "texture": "#2"}
			}
		},
		{
			"from": [7, 2, 0],
			"to": [9, 11, 2],
			"rotation": {"angle": -22.5, "axis": "x", "origin": [8, 11, 1]},
			"faces": {
				"north": {"uv": [3, 0, 5, 9], "texture": "#2"},
				"east": {"uv": [3, 0, 5, 9], "texture": "#2"},
				"south": {"uv": [3, 0, 5, 9], "texture": "#2"},
				"west": {"uv": [3, 0, 5, 9], "texture": "#2"},
				"up": {"uv": [0, 0, 2, 2], "texture": "#2"},
				"down": {"uv": [3, 0, 5, 2], "texture": "#2"}
			}
		},
		{
			"from": [7, 2, 0],
			"to": [9, 11, 2],
			"rotation": {"angle": -45, "axis": "x", "origin": [8, 11, 1]},
			"faces": {
				"north": {"uv": [3, 0, 5, 9], "texture": "#2"},
				"east": {"uv": [3, 0, 5, 9], "texture": "#2"},
				"south": {"uv": [3, 0, 5, 9], "texture": "#2"},
				"west": {"uv": [3, 0, 5, 9], "texture": "#2"},
				"up": {"uv": [0, 0, 2, 2], "texture": "#2"},
				"down": {"uv": [3, 0, 5, 2], "texture": "#2"}
			}
		},
		{
			"from": [7, 10, 1],
			"to": [9, 12, 10],
			"rotation": {"angle": 22.5, "axis": "x", "origin": [8, 11, 1]},
			"faces": {
				"north": {"uv": [0, 0, 2, 2], "rotation": 180, "texture": "#2"},
				"east": {"uv": [3, 0, 5, 9], "rotation": 90, "texture": "#2"},
				"south": {"uv": [3, 0, 5, 2], "texture": "#2"},
				"west": {"uv": [3, 0, 5, 9], "rotation": 270, "texture": "#2"},
				"up": {"uv": [3, 0, 5, 9], "texture": "#2"},
				"down": {"uv": [3, 0, 5, 9], "rotation": 180, "texture": "#2"}
			}
		},
		{
			"from": [7, 10, 1],
			"to": [9, 11, 10],
			"rotation": {"angle": 0, "axis": "x", "origin": [8, 11, 1]},
			"faces": {
				"east": {"uv": [3, 0, 4, 9], "rotation": 90, "texture": "#2"},
				"south": {"uv": [3, 0, 5, 1], "texture": "#2"},
				"west": {"uv": [3, 0, 4, 9], "rotation": 270, "texture": "#2"},
				"up": {"uv": [0, 0, 2, 9], "texture": "#2"},
				"down": {"uv": [3, 0, 5, 9], "rotation": 180, "texture": "#2"}
			}
		}
	],
	"groups": [
		{
			"name": "Panel",
			"origin": [0, 0, 0],
			"color": 0,
			"children": [0, 1, 2, 3, 4, 5, 6, 7, 8]
		}
	]
}
