{
  "ammo": "suffuse:12.7x55",
  "rpm": 600,
  "bullet": {
    "life": 1.1,
    "bullet_amount": 1,
    "damage": 50,
    "tracer_count_interval": 0,
    "extra_damage": {
      "armor_ignore": 0.6,
      "head_shot_multiplier": 2.5,
      "damage_adjust": [
        {"distance": 75, "damage": 45},
        {"distance": 150, "damage": 40},
        {"distance": "infinite", "damage": 35}
      ]
    },
    "speed": 300,
    "gravity": 1,
    "knockback": 0,
    "friction": 0.03,
    "sprint_time": 0.1, // 冲刺准备时间（秒）
    "ignite": false,
    "pierce": 5,
	"explosion": {
      "explode": true,
      "damage": 30,
      "radius": 3,
      "knockback": true,
      "delay": 30
    }
  },
  "ammo_amount": 30,
  "extended_mag_ammo_amount": [
    35,
    40,
    45
  ],
  "bolt": "closed_bolt",
  "reload": {
    "type": "magazine",
    "feed": {
      "empty": 1.96,
      "tactical": 1.96
    },
    "cooldown": {
      "empty": 3.38,
      "tactical": 2.67
    }
  },
  "draw_time": 0.35,
  "put_away_time": 0.35,
  "sprint_time": 0.2,
  "aim_time": 0.3,
  "weight": 6,
  "fire_mode": [
    "auto",
    "semi"
  ],
  "burst_data": {
    "continuous_shoot": false,
    "count": 2,
    "bpm": 1300,
    "min_interval": 0.3
  },
  "allow_attachment_types": [
    "scope",
    "grip",
    "muzzle",
    "extended_mag"
  ],
  "recoil": {
    "pitch": [
      {
        "time": 0,
        "value": [2.8, 2.8]
      },
      {
        "time": 0.3,
        "value": [2.8, 2.8]
      },
      {
        "time": 0.5,
        "value": [-0.125, -0.125]
      },
      {
        "time": 0.65,
        "value": [0, 0]
      }
    ],
    "yaw": [
      {
        "time": 0,
        "value": [0.25, 0.45]
      },
      {
        "time": 0.3,
        "value": [0.25, 0.45]
      },
      {
        "time": 0.5,
        "value": [0, 0]
      }
    ]
  },
  "inaccuracy": {
    "stand": 4,
    "move": 4.8,
    "sneak": 1.5,
    "lie": 1.8,
    "aim": 0.28
  }
}
