{
  // 指定枪械弹药
  "ammo": "tacz:57x28",
  // 弹容
  "ammo_amount": 50,
  // 扩容弹夹弹药总数
  "extended_mag_ammo_amount": [
    34,
    37,
    40
  ],
  // 枪栓类型：开膛待机（open_bolt）、闭膛待击（closed_bolt）、手动上膛（manual_action)
  "bolt": "closed_bolt",
  // 每分钟射出弹药量，最大不应超过 1200
  "rpm": 850,
  // 子弹实体属性
  "bullet": {
    "life": 0.8,
    "bullet_amount": 1,
    "damage": 7.5,
    "tracer_count_interval": 0,
    "extra_damage": {
      "armor_ignore": 0.7,
      "head_shot_multiplier": 1.5,
      "damage_adjust": [
        {"distance": 25, "damage": 7.5},
        {"distance": 55, "damage": 7},
        {"distance": "infinite", "damage": 6.6}
      ]
    },
    "speed": 240,
    "gravity": 0.15,
    "knockback": 0,
    "friction": 0.02,
    "ignite": false,
    "ignite_entity_time": 2,
    "pierce": 1
  },
  "reload": {
    "type": "magazine",
    "feed": {
      "empty": 2.77,
      "tactical": 2.02
    },
    // 弹匣供弹总时长（秒），到达此时间点，枪械才可以进行开火、检视等行为。
    "cooldown": {
      // 空仓换弹
      "empty": 3.37,
      // 战术换弹
      "tactical": 2.85
    }
  },
  // 枪械抬起的动作时长，单位秒。
  // 抬起动作完成后，枪械可以进行开火、检视等行为
  "draw_time": 0.43,
  // 收枪的动作时长，单位秒。
  "put_away_time": 0.53,
  // 瞄准时长，单位秒。
  "aim_time": 0.2,
  "sprint_time": 0.2,
  "weight": 3.4,
  // 拉栓上膛的时间，仅当枪栓类型为 manual_action 时有效
  // "bolt_action_time": 0.9,
  // 开火模式
  "fire_mode": [
    // 全自动
    "auto",
    // 半自动
    "semi"
  ],
  // 多连续发数据，仅多连发会调用
  "burst_data": {
    // 是否连续射击
    "continuous_shoot": true,
    // 连发数
    "count": 3,
    // 组内连发的射速
    "bpm": 900,
    // 每组连发之间的时间间隔（上一组结束时间到下一组开始的时间间隔），单位秒
    "min_interval": 0.3
  },
  // 后坐力
  "recoil": {
    "pitch": [
      {"time": 0, "value": [0.55, 0.55]},
      {"time": 0.3, "value": [0.55, 0.55]},
      {"time": 0.5, "value": [-0.125, -0.125]},
      {"time": 0.65, "value": [0, 0]}
    ],
    "yaw": [
      {"time": 0, "value": [-0.35, 0.25]},
      {"time": 0.3, "value": [-0.35, 0.25]},
      {"time": 0.5, "value": [0, 0]}
    ]
  },
  // 近战相关
  "melee": {
    // 枪械距离参数，用来延升近战攻击范围
    // 会与刺刀等配件的距离做加和
    "distance": 1,
    // 使用时的冷却时间
    // 会与刺刀等配件的冷却时间做加和
    "cooldown": 0.7,
    // 默认近战数据，会被配件的数据替换掉
    "default": {
      // 动画类型：没有枪托的为 melee_push，有枪托的为 melee_stock
      "animation_type": "melee_push",
      // 刺刀距离参数，枪械里还有个刺刀攻击距离参数，两者做加和
      "distance": 0,
      // 刺刀范围角度
      "range_angle": 40,
      // 刺刀冷却时间，枪械里还有个刺刀冷却时间参数，两者做加和
      "cooldown": 0,
      // 伤害值
      "damage": 1,
      // 击退效果
      "knockback": 0.5,
      // 前摇时长，单位：秒
      "prep": 0.1
    }
  },
  // 开放的配件槽。未指定的槽位默认关闭。全部配件槽类型有:
  // scope, stock, muzzle, grip, laser, extended_mag
  "allow_attachment_types": [
    "scope",
    "stock",
    "laser",
    "grip",
    "muzzle"
  ]
}
