{
  "ammo": "suffuse:.22wmr",
  "rpm": 100,
  "bullet": {
    "life": 0.6,
    "bullet_amount": 1,
    "damage": 6,
    "tracer_count_interval": 0,
    "extra_damage": {
      "armor_ignore": 0.1,
      "head_shot_multiplier": 2.5,
      "damage_adjust": [
        {"distance": 15.5, "damage": 6},
        {"distance": 24.5, "damage": 5.5},
        {"distance": 44.5, "damage": 5.1},
        {"distance": "infinite", "damage": 4.4}
      ]
    },
    "speed": 220,
    "gravity": 0.8,
    "knockback": 0,
    "friction": 0.012,
    "ignite": false,
    "pierce": 1
  },
  "ammo_amount": 1,
  "bolt": "open_bolt",
  "reload": {
    "type": "magazine",
    "feed": {
      "empty": 3.58
    },
    "cooldown": {
      "empty": 4.43
    }
  },
  "draw_time": 0.7,
  "put_away_time": 0.7,
  "aim_time": 0.1,
  "sprint_time": 0.2,
  "weight": 0.2,
  "fire_mode": [
    "semi"
  ],
    "allow_attachment_types": [
    "muzzle"
  ],
  "recoil": {
    "pitch": [
      {"time": 0, "value": [0.52, 0.52]},
      {"time": 0.35, "value": [0.52, 0.52]},
      {"time": 0.6, "value": [-0.175, -0.175]},
      {"time": 0.8, "value": [0.05, 0.05]},
      {"time": 1.0, "value": [0, 0]}
    ],
    "yaw": [
      {"time": 0, "value": [-0.2, 0.2]},
      {"time": 0.45, "value": [0, 0]}
    ]
  },
  "inaccuracy": {
    "stand": 0.2,
    "move": 11.5,
    "sneak": 0.5,
    "lie": 1.8,
    "aim": 2.45
  }
}