{
  "ammo": "tacz:9mm",
  "rpm": 690,
  "bullet": {
    "life": 0.6,
    "bullet_amount": 1,
    "damage": 7,
    "tracer_count_interval": 0,
    "extra_damage": {
      "armor_ignore": 0.15,
      "head_shot_multiplier": 1.25,
      "damage_adjust": [
        {
          "distance": 20,
          "damage": 7
        },
        {
          "distance": 50,
          "damage": 6
        },
        {
          "distance": "infinite",
          "damage": 6
        }
      ]
    },
    "speed": 190,
    "gravity": 0.0245,
    "knockback": 0,
    "friction": 0.012,
    "ignite": false,
    "pierce": 1
  },
  "ammo_amount": 64,
  "extended_mag_ammo_amount": [
    40,
    50,
    60
  ],
  "bolt": "closed_bolt",
  "reload": {
    "type": "magazine",
    "feed": {
      "empty": 1.96,
      "tactical": 1.88
    },
    "cooldown": {
      "empty": 3.46,
      "tactical": 2.67
    }
  },
  "draw_time": 0.45,
  "put_away_time": 0.35,
  "sprint_time": 0.2,
  "aim_time": 0.21,
  "weight": 2.5,
  "fire_mode": [
    "auto",
    "semi"
  ],
  "burst_data": {
    "continuous_shoot": false,
    "count": 3,
    "bpm": 900,
    "min_interval": 0.3
  },
  "allow_attachment_types": [
    "scope",
    "stock",
    "muzzle"
  ],
  "recoil": {
    "pitch": [
      {"time": 0, "value": [1.20, 1.20]},
      {"time": 0.35, "value": [0.70, 0.70]},
      {"time": 0.55, "value": [-0.125, -0.125]},
      {"time": 0.7, "value": [0, 0]}
    ],
    "yaw": [
      {"time": 0, "value": [-0.3, 0.1]},
      {"time": 0.3, "value": [-0.3, 0.1]},
      {"time": 0.5, "value": [0, 0]}
    ]
  },
  "inaccuracy": {
    "stand": 5,
    "move": 4.8,
    "sneak": 1.5,
    "lie": 0.8,
    "aim": 0.29
  }
}