{
  "ammo": "tacz:9mm",
  "rpm": 1000,
  "bullet": {
    "life": 0.6,
    "bullet_amount": 1,
    "damage": 5,
    "tracer_count_interval": 0,
    "extra_damage": {
      "armor_ignore": 0.20,
      "head_shot_multiplier": 1.30,
      "damage_adjust": [
        {"distance": 10, "damage": 6},
        {"distance": 15, "damage": 5},
        {"distance": 35, "damage": 4},
        {"distance": "infinite", "damage": 3}
      ]
    },
    "speed": 180,
    "gravity": 0.15,
    "knockback": 0,
    "friction": 0.025,
    "ignite": false,
    "pierce": 0
  },
  "ammo_amount": 15,
  "extended_mag_ammo_amount": [
    20,
    30,
    50
  ],
  "bolt": "open_bolt",
  "reload": {
    "type": "magazine",
    "feed": {
      "empty": 2.4,
      "tactical": 1.7
    },
    "cooldown": {
      "empty": 3.1,
      "tactical": 2.42
    }
  },
  "draw_time": 0.3,
  "put_away_time": 0.3,
  "aim_time": 0.125,
  "sprint_time": 0.08,
  "weight": 1.5,
  "fire_mode": [
    "auto"
  ],
  "allow_attachment_types": [
    "scope",
    "grip",
    "muzzle",
    "extended_mag",
    "stock"
  ],
  "recoil": {
    "pitch": [
      {"time": 0, "value": [1.55, 1.55]},
      {"time": 0.25, "value": [1.55, 1.55]},
      {"time": 0.5, "value": [-0.125, -0.125]},
      {"time": 0.6, "value": [0.8, 0.8]},
      {"time": 1.0, "value": [0, 0]}
    ],
    "yaw": [
      {"time": 0, "value": [-0.56, 0.56]},
      {"time": 0.45, "value": [0, 0]}
    ]
  },
  "inaccuracy": {
    "stand": 8.25,
    "move": 6.85,
    "sneak": 5.5,
    "lie": 3.7,
    "aim": 2.8
  }
}