{
  "ammo": "tacz:762x25",
  "rpm": 500,
  "bullet": {
    "life": 0.6,
    "bullet_amount": 1,
    "damage": 7,
    "tracer_count_interval": 0,
    "extra_damage": {
      "armor_ignore": 0,
      "head_shot_multiplier": 1.5,
      "damage_adjust": [
        {"distance": 15.5, "damage": 7},
        {"distance": 24.5, "damage": 5},
        {"distance": 44.5, "damage": 4},
        {"distance": "infinite", "damage": 3.5}
      ]
    },
    "speed": 150,
    "gravity": 0.1,
    "knockback": 0,
    "friction": 0.012,
    "ignite": false,
    "pierce": 1
  },
  "ammo_amount": 7,
  "extended_mag_ammo_amount": [
    10,
    13,
    16
  ],
  "bolt": "closed_bolt",
  "reload": {
    "type": "magazine",
    "feed": {
      "empty": 1.57,
      "tactical": 1.27
    },
    "cooldown": {
      "empty": 1.77,
      "tactical": 1.4
    }
  },
  "draw_time": 0.5,
  "put_away_time": 0.4,
  "aim_time": 0.16,
  "sprint_time": 0.2,
  "weight": 0.8,
  "fire_mode": [
    "semi"
  ],
  "recoil": {
    "pitch": [
      {"time": 0, "value": [0.52, 0.52]},
      {"time": 0.35, "value": [0.52, 0.52]},
      {"time": 0.6, "value": [-0.175, -0.175]},
      {"time": 0.8, "value": [0.05, 0.05]},
      {"time": 1.0, "value": [0, 0]}
    ],
    "yaw": [
      {"time": 0, "value": [-0.2, 0.2]},
      {"time": 0.45, "value": [0, 0]}
    ]
  },
  "inaccuracy": {
    "stand": 3.2,
    "move": 2.7,
    "sneak": 1.5,
    "lie": 0.7,
    "aim": 0.25
  }
}