{
	"credit": "Made with Blockbench",
	"texture_size": [64, 64],
	"textures": {
		"1": "vs_tournament:block/tiny_thruster",
		"particle": "vs_tournament:block/tiny_thruster"
	},
	"elements": [
		{
			"from": [1, 1, 12],
			"to": [15, 15, 16],
			"faces": {
				"north": {"uv": [0, 7.75, 3.5, 11.25], "texture": "#1"},
				"east": {"uv": [5, 7.75, 4, 11.25], "texture": "#1"},
				"south": {"uv": [0, 4, 3.5, 7.5], "texture": "#1"},
				"west": {"uv": [4, 7.75, 5, 11.25], "texture": "#1"},
				"up": {"uv": [5, 11.25, 4, 7.75], "rotation": 270, "texture": "#1"},
				"down": {"uv": [4, 7.75, 5, 11.25], "rotation": 270, "texture": "#1"}
			}
		},
		{
			"from": [4, 4, 9],
			"to": [12, 12, 12],
			"rotation": {"angle": 0, "axis": "y", "origin": [0, 0, -4]},
			"faces": {
				"north": {"uv": [0.25, 0.25, 2.25, 2.25], "texture": "#1"},
				"east": {"uv": [3.25, 12, 4.75, 16], "texture": "#1"},
				"south": {"uv": [3.25, 12, 7.25, 16], "texture": "#1"},
				"west": {"uv": [3.25, 12, 4.75, 16], "texture": "#1"},
				"up": {"uv": [4, 16, 0, 14.5], "texture": "#1"},
				"down": {"uv": [4, 14.5, 0, 16], "texture": "#1"}
			}
		},
		{
			"from": [2, 2, 2],
			"to": [14, 4, 12],
			"rotation": {"angle": 0, "axis": "y", "origin": [0, 1, 8]},
			"faces": {
				"north": {"uv": [4.25, 6.25, 7.25, 6.75], "texture": "#1"},
				"east": {"uv": [0, 12.5, 2.5, 12], "texture": "#1"},
				"south": {"uv": [0, 15.5, 3.5, 16], "texture": "#1"},
				"west": {"uv": [2.5, 12.5, 0, 12], "texture": "#1"},
				"up": {"uv": [7.25, 2.5, 4.25, 0], "texture": "#1"},
				"down": {"uv": [7.25, 4.5, 4.25, 7], "texture": "#1"}
			}
		},
		{
			"from": [2, 12, 2],
			"to": [14, 14, 12],
			"rotation": {"angle": 0, "axis": "y", "origin": [0, -1, 8]},
			"faces": {
				"north": {"uv": [7.75, 7, 10.75, 7.5], "texture": "#1"},
				"east": {"uv": [0, 12, 2.5, 12.5], "texture": "#1"},
				"south": {"uv": [0, 15.5, 3.5, 16], "texture": "#1"},
				"west": {"uv": [0.75, 12, 3.25, 12.5], "texture": "#1"},
				"up": {"uv": [10.5, 2.5, 7.5, 0], "texture": "#1"},
				"down": {"uv": [10.75, 4.5, 7.75, 7], "texture": "#1"}
			}
		},
		{
			"from": [2, 4, 2],
			"to": [4, 12, 12],
			"rotation": {"angle": 0, "axis": "y", "origin": [1, 0, 8]},
			"faces": {
				"north": {"uv": [12.25, 0.5, 12.75, 2.5], "texture": "#1"},
				"east": {"uv": [10.25, 0.5, 12.75, 2.5], "texture": "#1"},
				"south": {"uv": [0, 13.5, 0.5, 16], "texture": "#1"},
				"west": {"uv": [11.75, 0.5, 14.25, 2.5], "texture": "#1"},
				"up": {"uv": [0.5, 16, 0, 13], "texture": "#1"},
				"down": {"uv": [0.5, 13, 0, 16], "texture": "#1"}
			}
		},
		{
			"from": [12, 4, 2],
			"to": [14, 12, 12],
			"rotation": {"angle": 0, "axis": "y", "origin": [-1, 0, 8]},
			"faces": {
				"north": {"uv": [11.75, 0.5, 12.25, 2.5], "texture": "#1"},
				"east": {"uv": [11, 0.5, 13.5, 2.5], "texture": "#1"},
				"south": {"uv": [0, 13.5, 0.5, 16], "texture": "#1"},
				"west": {"uv": [12.5, 0.5, 15, 2.5], "texture": "#1"},
				"up": {"uv": [0.5, 16, 0, 13], "texture": "#1"},
				"down": {"uv": [0.5, 13, 0, 16], "texture": "#1"}
			}
		}
	],
	"display": {
		"thirdperson_righthand": {
			"rotation": [75, 45, 0],
			"translation": [0, 2.5, 0],
			"scale": [0.375, 0.375, 0.375]
		},
		"thirdperson_lefthand": {
			"rotation": [75, 45, 0],
			"translation": [0, 2.5, 0],
			"scale": [0.375, 0.375, 0.375]
		},
		"firstperson_righthand": {
			"rotation": [0, 45, 0],
			"scale": [0.4, 0.4, 0.4]
		},
		"firstperson_lefthand": {
			"rotation": [0, 225, 0],
			"scale": [0.4, 0.4, 0.4]
		},
		"ground": {
			"translation": [0, 3, 0],
			"scale": [0.25, 0.25, 0.25]
		},
		"gui": {
			"rotation": [30, 225, 0],
			"scale": [0.625, 0.625, 0.625]
		},
		"head": {
			"rotation": [-90, 0, 0],
			"translation": [0, 1.75, 0]
		},
		"fixed": {
			"scale": [0.5, 0.5, 0.5]
		}
	}
}
