{
    "parent": "block/cube",
    "textures": {
        "particle": "block/spruce_planks",
        "all": "block/spruce_planks"
    },
    "elements": [
        {
            "from": [ 0, 0, 0 ],
            "to": [ 16, 16, 16 ],
            "faces": {
                "up":    { "uv": [ 0, 0, 16, 16 ], "texture": "#all", "cullface": "up" },
                "down":  { "uv": [ 0, 0, 16, 16 ], "texture": "#all", "cullface": "down" },
                "north": { "uv": [ 0, 0, 16, 16 ], "texture": "#all", "cullface": "north" },
                "south": { "uv": [ 0, 0, 16, 16 ], "texture": "#all", "cullface": "south" },
                "west":  { "uv": [ 0, 0, 16, 16 ], "texture": "#all", "cullface": "west" },
                "east":  { "uv": [ 0, 0, 16, 16 ], "texture": "#all", "cullface": "east" }
            }
        },
        {
            "from": [ 0, 16, 0 ],
            "to": [ 16, 18.2, 16 ],
            "faces": {
                "up":    { "uv": [ 0, 0, 16, 16 ], "texture": "#all", "cullface": "up" },
                "north": { "uv": [ 0, 0, 16, 2.2 ], "texture": "#all", "cullface": "up" },
                "south": { "uv": [ 0, 0, 16, 2.2 ], "texture": "#all", "cullface": "up" },
                "west":  { "uv": [ 0, 0, 16, 2.2 ], "texture": "#all", "cullface": "up" },
                "east":  { "uv": [ 0, 0, 16, 2.2 ], "texture": "#all", "cullface": "up" }
            }
        }
    ]
}
