{
	"credit": "Made with Blockbench",
	"parent": "block/block",
	"textures": {
		"back": "create:block/funnel/funnel_back",
		"base": "create:block/funnel/brass_funnel",
		"direction": "create:block/funnel/brass_funnel_neutral",
		"redstone": "create:block/funnel/brass_funnel_unpowered",
		"particle": "create:block/andesite_casing",
		"block": "create:block/andesite_casing"
	},
	"elements": [
		{
			"name": "LeftBottom",
			"from": [15, -5, 0],
			"to": [16, -3, 6],
			"rotation": {"angle": 0, "axis": "y", "origin": [8, -8, 0]},
			"faces": {
				"north": {"uv": [8, 8, 9, 8.5], "rotation": 90, "texture": "#base"},
				"east": {"uv": [8, 8, 9, 11], "rotation": 90, "texture": "#base"},
				"west": {"uv": [8, 13, 9, 16], "rotation": 90, "texture": "#base"},
				"down": {"uv": [0, 0, 1, 6], "rotation": 180, "texture": "#block"}
			}
		},
		{
			"name": "LeftBottom",
			"from": [0, -5, 0],
			"to": [1, -3, 6],
			"rotation": {"angle": 0, "axis": "y", "origin": [8, -8, 0]},
			"faces": {
				"north": {"uv": [8, 8, 9, 8.5], "rotation": 90, "texture": "#base"},
				"east": {"uv": [8, 8, 9, 11], "rotation": 90, "texture": "#base"},
				"west": {"uv": [8, 13, 9, 16], "rotation": 90, "texture": "#base"},
				"down": {"uv": [15, 0, 16, 6], "rotation": 180, "texture": "#block"}
			}
		},
		{
			"from": [0, -3, 0],
			"to": [16, 16, 6],
			"faces": {
				"north": {"uv": [0, 6.5, 8, 16], "rotation": 180, "texture": "#direction"},
				"east": {"uv": [11, 0, 8, 9.5], "texture": "#direction"},
				"south": {"uv": [0, 6.5, 8, 16], "rotation": 180, "texture": "#direction"},
				"west": {"uv": [8, 0, 11, 9.5], "texture": "#direction"},
				"up": {"uv": [8, 10, 16, 13], "texture": "#direction"},
				"down": {"uv": [0, 6.5, 8, 9.5], "texture": "#direction"}
			}
		},
		{
			"from": [1.95, -3, 6],
			"to": [14.05, 10.05, 0],
			"faces": {
				"east": {"uv": [13, 6, 16, 12.5], "rotation": 180, "texture": "#base"},
				"west": {"uv": [13, 8.5, 16, 16], "texture": "#base"},
				"up": {"uv": [16, 8, 13, 14], "rotation": 270, "texture": "#base"}
			}
		},
		{
			"name": "BackExtension",
			"from": [3, -2, 10],
			"to": [13, 13, 14],
			"rotation": {"angle": 0, "axis": "y", "origin": [8, -8, 6]},
			"faces": {
				"east": {"uv": [0, 0, 7.5, 2], "rotation": 90, "texture": "#back"},
				"west": {"uv": [0, 2, 7.5, 0], "rotation": 90, "texture": "#back"},
				"up": {"uv": [10.5, 3.5, 15.5, 5.5], "rotation": 180, "texture": "#back"}
			}
		},
		{
			"name": "MidExtension",
			"from": [1.95, -2, 6],
			"to": [14.05, 14.05, 10],
			"rotation": {"angle": 0, "axis": "y", "origin": [8, -8, 6]},
			"faces": {
				"north": {"uv": [0, 0, 8, 6], "rotation": 270, "texture": "#base"},
				"east": {"uv": [8, 0, 16, 2], "rotation": 90, "texture": "#back"},
				"south": {"uv": [10, 7.5, 16, 15.5], "texture": "#back"},
				"west": {"uv": [8, 2, 16, 0], "rotation": 90, "texture": "#back"},
				"up": {"uv": [10, 5.5, 16, 7.5], "rotation": 180, "texture": "#back"}
			}
		},
		{
			"name": "Back",
			"from": [2.05, -2, 14],
			"to": [13.95, 13.95, 18.1],
			"rotation": {"angle": 0, "axis": "y", "origin": [8, -8, 6]},
			"faces": {
				"north": {"uv": [4, 0, 16, 16], "texture": "#redstone"},
				"east": {"uv": [0, 0, 4, 16], "texture": "#redstone"},
				"south": {"uv": [0, 8, 6, 16], "texture": "#base"},
				"west": {"uv": [0, 16, 4, 0], "rotation": 180, "texture": "#redstone"},
				"up": {"uv": [8, 2, 12, 14], "rotation": 270, "texture": "#redstone"},
				"down": {"uv": [8, 2, 12, 14], "rotation": 90, "texture": "#redstone"}
			}
		},
		{
			"name": "RearBackPlate",
			"from": [0, -5, 6],
			"to": [16, -2, 16],
			"rotation": {"angle": 0, "axis": "y", "origin": [7, -8, 8]},
			"faces": {
				"north": {"uv": [0, 3, 16, 6], "texture": "#block"},
				"east": {"uv": [7.5, 11, 9, 16], "rotation": 90, "texture": "#base"},
				"south": {"uv": [7.5, 8, 9, 16], "rotation": 90, "texture": "#base"},
				"west": {"uv": [7.5, 8, 9, 13.5], "rotation": 90, "texture": "#base"},
				"up": {"uv": [0, 6, 16, 16], "texture": "#block"},
				"down": {"uv": [0, 6, 16, 16], "rotation": 180, "texture": "#block"}
			}
		}
	],
	"groups": [
		{
			"name": "BeltFunnel",
			"origin": [9, -4, 8],
			"color": 0,
			"children": [
				{
					"name": "FrontSection",
					"origin": [9, -4, 8],
					"color": 0,
					"children": [0, 1, 2, 3]
				},
				{
					"name": "Extension",
					"origin": [9, -4, 8],
					"color": 0,
					"children": [4, 5]
				},
				{
					"name": "Base",
					"origin": [9, -4, 8],
					"color": 0,
					"children": [6, 7]
				}
			]
		}
	]
}