{
  "model": "suffuse:gun/kacpdw_geo",
  "texture": "suffuse:gun/uv/kacpdw",
  "lod": {
    "model": "suffuse:gun/lod/kacpdw",
    "texture": "suffuse:gun/lod/kacpdw"
  },
  "hud": "suffuse:gun/hud/kac_pdw_hud",
  "slot": "suffuse:gun/slot/kac_pdw",
  "animation": "suffuse:kacpdw",
  "use_default_animation": "rifle",
  "state_machine": "suffuse:ammo_state_machine",
  "third_person_animation": "default",
  "transform": {
    "scale": {
      "thirdperson": [0.6, 0.6, 0.6],
      "ground": [0.6, 0.6, 0.6],
      "fixed": [1.2, 1.2, 1.2]
    }
  },
  "muzzle_flash": {
    "texture": "tacz:flash/common_muzzle_flash",
    "scale": 0.75
  },
  "shell": {
    "initial_velocity": [5, 2, 1],
    "random_velocity": [1, 1, 0.25],
    "acceleration": [0.0, -10, 0.0],
    "angular_velocity": [360, -1200, 90],
    "living_time": 1.0
  },
  "sounds": {
    "shoot": "suffuse:kacpdw/kacpdw_fire",
    "shoot_3p": "suffuse:kacpdw/kacpdw_fire",
    "reload_empty": "suffuse:kacpdw/kacpdw_reload_empty",
    "reload_tactical": "suffuse:kacpdw/kacpdw_reload_tactical",
    "inspect": "suffuse:kacpdw/kacpdw_inspect",
    "inspect_empty": "suffuse:kacpdw/kacpdw_inspect_empty",
    "draw": "suffuse:kacpdw/kacpdw_draw",
    "put_away": "suffuse:kacpdw/kacpdw_put_away",
    "silence": "suffuse:kacpdw/kacpdw_silence",
    "flesh_hit": "suffuse:hitsounds/hit_indication",
    "dry_fire": "suffuse:dryfire/carbine_dry_fire",
    "head_hit": "suffuse:hitsounds/hit_marker",
    "kill": "suffuse:hitsounds/killsound",
    "silence_3p": "suffuse:kacpdw/kacpdw_silence"
  },
  "offhand_show": {
    "pos": [1, 19, 4],
    "rotate": [0, 0, 50],
    "scale": [0.5, 0.5, 0.5]
  },
  "hotbar_show": {
    "0": {
      "pos": [-1, 19, 3],
      "rotate": [-180, 0, 130],
      "scale": [0.5, 0.5, 0.5]
    }
  }
}
