{
    "model": "suffuse:gun/pp19_geo",
    "texture": "suffuse:gun/uv/pp19",
    "hud": "suffuse:gun/hud/pp19_hud",
    "slot": "suffuse:gun/slot/pp19",
    "animation": "suffuse:pp19",
    "use_default_animation": "rifle",
    "third_person_animation": "default",
    "transform": {
        "scale": {
            "thirdperson": [
                0.6,
                0.6,
                0.6
            ],
            "ground": [
                0.6,
                0.6,
                0.6
            ],
            "fixed": [
                1.2,
                1.2,
                1.2
            ]
        }
    },
    "muzzle_flash": {
      "texture": "tacz:flash/common_muzzle_flash",
      "scale": 0.6
    },
    "shell": {
        "initial_velocity": [5, 2, 1],
        "random_velocity": [1, 1, 0.25],
        "acceleration": [0.0, -10, 0.0],
        "angular_velocity": [360, -1200, 90],
        "living_time": 1.0
    },
    "sounds": {
        "shoot": "suffuse:pp19/pp19_fire",
        "shoot_3p": "suffuse:pp19/pp19_fire",
        "reload_empty": "suffuse:pp19/pp19_reloadempty",
        "reload_tactical": "suffuse:pp19/pp19_reload",
        "inspect": "suffuse:pp19/pp19_inspect",
        "inspect_empty": "suffuse:pp19/pp19_inspect",
        "draw": "tacz:hk_mp5a5/hk_mp5a5_draw",
        "put_away": "tacz:hk_mp5a5/hk_mp5a5_put_away",
        "silence": "suffuse:pp19/pp19_sup",
        "flesh_hit": "suffuse:hitsounds/hit_indication",
        "dry_fire": "suffuse:dryfire/smg_dry_fire",
        "head_hit": "suffuse:hitsounds/hit_marker",
        "kill": "suffuse:hitsounds/killsound",
        "silence_3p": "suffuse:pp19/pp19_sup"
    },
    "offhand_show": {
        "pos": [0, 18, 1.5],
        "rotate": [0, 180, -30],
        "scale": [0.6, 0.6, 0.6]
    }
}