{
    "model": "suffuse:gun/qbz191_geo",
    "texture": "suffuse:gun/uv/qbz191",
    "hud": "suffuse:gun/hud/qbz191_hud",
    "slot": "suffuse:gun/slot/qbz191",
    "animation": "suffuse:qbz191",
    "use_default_animation": "rifle",
    "third_person_animation": "default",
    "transform": {
      "scale": {
        "thirdperson": [0.6, 0.6, 0.6],
        "ground": [0.6, 0.6, 0.6],
        "fixed": [1.2, 1.2, 1.2]
      }
    },
    "muzzle_flash": {
      "texture": "tacz:flash/common_muzzle_flash",
      "scale": 0.75
    },
    "shell": {
      "initial_velocity": [5, 2, 1],
      "random_velocity": [1, 1, 0.25],
      "acceleration": [0.0, -10, 0.0],
      "angular_velocity": [360, -1200, 90],
      "living_time": 1.0
    },
    "sounds": {
      "shoot": "suffuse:qbz192/qbz192_fire",
      "shoot_3p": "suffuse:qbz192/qbz192_fire",
      "reload_empty": "suffuse:qbu191/qbu191_reload_empty",
      "reload_tactical": "suffuse:qbu191/qbu191_reload_tactical",
      "inspect": "suffuse:qbu191/qbu191_inspect",
      "inspect_empty": "suffuse:qbu191/qbu191_inspect_empty",
      "draw": "tacz:ak47/ak47_draw",
      "put_away": "tacz:ak47/mak47_put_away",
      "dry_fire": "suffuse:dryfire/carbine_dry_fire",
      "silence": "suffuse:qbz192/qbz192_silence",
      "flesh_hit": "suffuse:hitsounds/hit_indication",
      "head_hit": "suffuse:hitsounds/hit_marker",
      "kill": "suffuse:hitsounds/killsound",
      "silence_3p": "suffuse:qbz192/qbz192_silence"
    },
    "offhand_show": {
      "pos": [1, 19, 4],
      "rotate": [0, 0, 50],
      "scale": [0.5, 0.5, 0.5]
    },
    "hotbar_show": {
      "0": {
        "pos": [-1, 19, 3],
        "rotate": [-180, 0, 130],
        "scale": [0.5, 0.5, 0.5]
      }
    }
  }