{
	"credit": "Made with Blockbench",
	"parent": "minecraft:block/block",
	"texture_size": [32, 32],
	"textures": {
		"0": "create:block/pole_end",
		"1": "create:block/extension_pole_side",
		"2": "createbigcannons:block/ram_head",
		"particle": "createbigcannons:block/ram_head"
	},
	"elements": [
		{
			"from": [3, 10, 3],
			"to": [13, 16, 13],
			"rotation": {"angle": 0, "axis": "y", "origin": [8, 8, 8]},
			"faces": {
				"north": {"uv": [10, 0, 15, 3], "texture": "#2"},
				"east": {"uv": [10, 0, 15, 3], "texture": "#2"},
				"south": {"uv": [10, 0, 15, 3], "texture": "#2"},
				"west": {"uv": [10, 0, 15, 3], "texture": "#2"},
				"up": {"uv": [5, 5, 0, 0], "texture": "#2"},
				"down": {"uv": [10, 0, 5, 5], "texture": "#2"}
			}
		},
		{
			"from": [6, 0, 6],
			"to": [10, 10, 10],
			"rotation": {"angle": 0, "axis": "y", "origin": [8, 8, 8]},
			"faces": {
				"north": {"uv": [0, 0, 10, 4], "rotation": 270, "texture": "#1"},
				"east": {"uv": [0, 0, 10, 4], "rotation": 270, "texture": "#1"},
				"south": {"uv": [0, 0, 10, 4], "rotation": 270, "texture": "#1"},
				"west": {"uv": [0, 0, 10, 4], "rotation": 270, "texture": "#1"},
				"down": {"uv": [6, 6, 10, 10], "texture": "#0"}
			}
		}
	]
}