{
	"format_version": "1.12.0",
	"minecraft:geometry": [
		{
			"description": {
				"identifier": "geometry.glock_17 - Converted",
				"texture_width": 128,
				"texture_height": 128,
				"visible_bounds_width": 4,
				"visible_bounds_height": 3,
				"visible_bounds_offset": [0, 0.5, 0]
			},
			"bones": [
				{
					"name": "root",
					"pivot": [-0.01875, 4, 2]
				},
				{
					"name": "lefthand_and_mag",
					"parent": "root",
					"pivot": [0.0044, 1.9746, 2.638]
				},
				{
					"name": "lefthand",
					"parent": "lefthand_and_mag",
					"pivot": [-6, 19, 0]
				},
				{
					"name": "lefthand_pos",
					"parent": "lefthand",
					"pivot": [0, 8, 0],
					"cubes": [
						{
							"origin": [-8, 8, -2],
							"size": [4, 12, 4],
							"uv": {
								"north": {"uv": [12, 0], "uv_size": [4, 12]},
								"east": {"uv": [4, 12], "uv_size": [4, 12]},
								"south": {"uv": [8, 12], "uv_size": [4, 12]},
								"west": {"uv": [12, 12], "uv_size": [4, 12]},
								"up": {"uv": [16, 8], "uv_size": [4, 4]},
								"down": {"uv": [16, 16], "uv_size": [4, -4]}
							}
						}
					]
				},
				{
					"name": "magazine",
					"parent": "lefthand_and_mag",
					"pivot": [0.00386, 1.90286, 2.78623]
				},
				{
					"name": "righthand_and_gun",
					"parent": "root",
					"pivot": [-0.01875, 4, 2]
				},
				{
					"name": "constraint",
					"parent": "righthand_and_gun",
					"pivot": [0.04674, 10.92812, -3.99007]
				},
				{
					"name": "righthand",
					"parent": "righthand_and_gun",
					"pivot": [6, 19, 0]
				},
				{
					"name": "righthand_pos",
					"parent": "righthand",
					"pivot": [0, 8, 0],
					"cubes": [
						{
							"origin": [4, 8, -2],
							"size": [4, 12, 4],
							"uv": {
								"north": {"uv": [0, 0], "uv_size": [4, 12]},
								"east": {"uv": [4, 0], "uv_size": [4, 12]},
								"south": {"uv": [8, 0], "uv_size": [4, 12]},
								"west": {"uv": [0, 12], "uv_size": [4, 12]},
								"up": {"uv": [16, 0], "uv_size": [4, 4]},
								"down": {"uv": [16, 8], "uv_size": [4, -4]}
							}
						}
					]
				},
				{
					"name": "gun_main",
					"parent": "righthand_and_gun",
					"pivot": [0, 5.3, 0.3]
				},
				{
					"name": "upper",
					"parent": "gun_main",
					"pivot": [0, 3, -0.4],
					"cubes": [
						{
							"origin": [-0.105, 4.81333, 1.80817],
							"size": [0.21, 0.567, 0.51866],
							"uv": {
								"north": {"uv": [34, 47], "uv_size": [1, 3]},
								"east": {"uv": [55, 39], "uv_size": [2, 3]},
								"south": {"uv": [2, 64], "uv_size": [1, 3]},
								"west": {"uv": [56, 21], "uv_size": [2, 3]},
								"up": {"uv": [61, 72], "uv_size": [1, 2]},
								"down": {"uv": [63, 74], "uv_size": [1, -2]}
							}
						},
						{
							"origin": [-0.1575, 5.69533, 0.96183],
							"size": [0.1155, 0.89154, 0.7665],
							"uv": {
								"north": {"uv": [29, 61], "uv_size": [1, 4]},
								"east": {"uv": [38, 3], "uv_size": [4, 4]},
								"south": {"uv": [61, 47], "uv_size": [1, 4]},
								"west": {"uv": [0, 40], "uv_size": [4, 4]},
								"up": {"uv": [61, 55], "uv_size": [1, 4]},
								"down": {"uv": [57, 65], "uv_size": [1, -4]}
							}
						},
						{
							"origin": [-0.042, 5.69533, 0.96183],
							"size": [0.084, 0.83904, 0.7665],
							"uv": {
								"north": {"uv": [59, 61], "uv_size": [1, 4]},
								"east": {"uv": [5, 40], "uv_size": [4, 4]},
								"south": {"uv": [61, 60], "uv_size": [1, 4]},
								"west": {"uv": [10, 40], "uv_size": [4, 4]},
								"up": {"uv": [62, 0], "uv_size": [1, 4]},
								"down": {"uv": [62, 15], "uv_size": [1, -4]}
							}
						},
						{
							"origin": [-0.042, 6.40933, 1.72833],
							"size": [0.084, 0.12504, 0.504],
							"uv": {
								"north": {"uv": [78, 63], "uv_size": [1, 1]},
								"east": {"uv": [72, 43], "uv_size": [2, 1]},
								"south": {"uv": [64, 78], "uv_size": [1, 1]},
								"west": {"uv": [65, 72], "uv_size": [2, 1]},
								"up": {"uv": [68, 72], "uv_size": [1, 2]},
								"down": {"uv": [70, 74], "uv_size": [1, -2]}
							}
						},
						{
							"origin": [0.042, 5.69533, 0.96183],
							"size": [0.2205, 0.89154, 0.7665],
							"uv": {
								"north": {"uv": [12, 62], "uv_size": [1, 4]},
								"east": {"uv": [36, 40], "uv_size": [4, 4]},
								"south": {"uv": [14, 62], "uv_size": [1, 4]},
								"west": {"uv": [41, 40], "uv_size": [4, 4]},
								"up": {"uv": [16, 62], "uv_size": [1, 4]},
								"down": {"uv": [62, 20], "uv_size": [1, -4]}
							}
						},
						{
							"origin": [-0.2625, 5.20183, -2.18183],
							"size": [0.525, 0.4935, 3.91016],
							"uv": {
								"north": {"uv": [57, 46], "uv_size": [3, 2]},
								"east": {"uv": [26, 9], "uv_size": [19, 2]},
								"south": {"uv": [57, 55], "uv_size": [3, 2]},
								"west": {"uv": [26, 12], "uv_size": [19, 2]},
								"up": {"uv": [0, 17], "uv_size": [3, 19]},
								"down": {"uv": [4, 36], "uv_size": [3, -19]}
							}
						},
						{
							"origin": [-0.2625, 6.91906, -2.57999],
							"size": [0.525, 0.231, 0.34017],
							"pivot": [0, 6.90331, -0.6249],
							"rotation": [45, 0, 0],
							"uv": {
								"north": {"uv": [67, 50], "uv_size": [3, 1]},
								"east": {"uv": [74, 25], "uv_size": [2, 1]},
								"south": {"uv": [67, 58], "uv_size": [3, 1]},
								"west": {"uv": [74, 27], "uv_size": [2, 1]},
								"up": {"uv": [33, 58], "uv_size": [3, 2]},
								"down": {"uv": [58, 41], "uv_size": [3, -2]}
							}
						},
						{
							"origin": [-0.2625, 5.69533, -1.9413],
							"size": [0.525, 0.24054, 2.90313],
							"uv": {
								"north": {"uv": [67, 60], "uv_size": [3, 1]},
								"east": {"uv": [43, 17], "uv_size": [14, 1]},
								"south": {"uv": [67, 62], "uv_size": [3, 1]},
								"west": {"uv": [43, 19], "uv_size": [14, 1]},
								"up": {"uv": [16, 21], "uv_size": [3, 14]},
								"down": {"uv": [20, 35], "uv_size": [3, -14]}
							}
						},
						{
							"origin": [-0.1785, 5.20183, 1.72833],
							"size": [0.441, 0.315, 0.5775],
							"uv": {
								"north": {"uv": [62, 52], "uv_size": [2, 2]},
								"east": {"uv": [58, 52], "uv_size": [3, 2]},
								"south": {"uv": [63, 5], "uv_size": [2, 2]},
								"west": {"uv": [57, 58], "uv_size": [3, 2]},
								"up": {"uv": [59, 2], "uv_size": [2, 3]},
								"down": {"uv": [59, 14], "uv_size": [2, -3]}
							}
						},
						{
							"origin": [-0.315, 5.25084, 1.89203],
							"size": [0.5565, 0.189, 0.189],
							"pivot": [-0.03675, 5.35584, 1.97603],
							"rotation": [-45, 0, 0],
							"uv": {
								"north": {"uv": [67, 64], "uv_size": [3, 1]},
								"east": {"uv": [27, 79], "uv_size": [1, 1]},
								"south": {"uv": [68, 0], "uv_size": [3, 1]},
								"west": {"uv": [29, 79], "uv_size": [1, 1]},
								"up": {"uv": [2, 68], "uv_size": [3, 1]},
								"down": {"uv": [68, 3], "uv_size": [3, -1]}
							}
						},
						{
							"origin": [-0.315, 5.56584, -1.52047],
							"size": [0.5565, 0.189, 0.189],
							"pivot": [-0.03675, 5.67084, -1.43647],
							"rotation": [-45, 0, 0],
							"uv": {
								"north": {"uv": [68, 4], "uv_size": [3, 1]},
								"east": {"uv": [79, 30], "uv_size": [1, 1]},
								"south": {"uv": [6, 68], "uv_size": [3, 1]},
								"west": {"uv": [79, 32], "uv_size": [1, 1]},
								"up": {"uv": [68, 6], "uv_size": [3, 1]},
								"down": {"uv": [68, 9], "uv_size": [3, -1]}
							}
						},
						{
							"origin": [-0.315, 6.30084, 1.52453],
							"size": [0.5565, 0.189, 0.189],
							"pivot": [-0.03675, 6.40584, 1.60853],
							"rotation": [-45, 0, 0],
							"uv": {
								"north": {"uv": [68, 10], "uv_size": [3, 1]},
								"east": {"uv": [79, 34], "uv_size": [1, 1]},
								"south": {"uv": [68, 18], "uv_size": [3, 1]},
								"west": {"uv": [37, 79], "uv_size": [1, 1]},
								"up": {"uv": [68, 23], "uv_size": [3, 1]},
								"down": {"uv": [68, 26], "uv_size": [3, -1]}
							}
						},
						{
							"origin": [-0.294, 5.61834, -2.08132],
							"size": [0.3675, 0.105, 0.105],
							"pivot": [-0.03675, 5.67084, -2.02882],
							"rotation": [-45, 0, 0],
							"uv": {
								"north": {"uv": [74, 29], "uv_size": [2, 1]},
								"east": {"uv": [79, 40], "uv_size": [1, 1]},
								"south": {"uv": [74, 31], "uv_size": [2, 1]},
								"west": {"uv": [43, 79], "uv_size": [1, 1]},
								"up": {"uv": [74, 33], "uv_size": [2, 1]},
								"down": {"uv": [74, 36], "uv_size": [2, -1]}
							}
						},
						{
							"origin": [0.126, 5.56584, -2.11282],
							"size": [0.1575, 0.21, 0.21],
							"pivot": [-0.03675, 5.67084, -2.00782],
							"rotation": [-45, 0, 0],
							"uv": {
								"north": {"uv": [45, 79], "uv_size": [1, 1]},
								"east": {"uv": [79, 45], "uv_size": [1, 1]},
								"south": {"uv": [47, 79], "uv_size": [1, 1]},
								"west": {"uv": [79, 47], "uv_size": [1, 1]},
								"up": {"uv": [49, 79], "uv_size": [1, 1]},
								"down": {"uv": [51, 80], "uv_size": [1, -1]}
							}
						},
						{
							"origin": [-0.1785, 6.16783, 1.72833],
							"size": [0.0735, 0.294, 0.5775],
							"uv": {
								"north": {"uv": [53, 79], "uv_size": [1, 1]},
								"east": {"uv": [68, 27], "uv_size": [3, 1]},
								"south": {"uv": [79, 53], "uv_size": [1, 1]},
								"west": {"uv": [28, 68], "uv_size": [3, 1]},
								"up": {"uv": [37, 67], "uv_size": [1, 3]},
								"down": {"uv": [47, 70], "uv_size": [1, -3]}
							}
						},
						{
							"origin": [-0.105, 6.38833, 1.72833],
							"size": [0.2415, 0.0735, 0.5775],
							"uv": {
								"north": {"uv": [55, 79], "uv_size": [1, 1]},
								"east": {"uv": [32, 68], "uv_size": [3, 1]},
								"south": {"uv": [79, 55], "uv_size": [1, 1]},
								"west": {"uv": [68, 37], "uv_size": [3, 1]},
								"up": {"uv": [18, 68], "uv_size": [1, 3]},
								"down": {"uv": [39, 71], "uv_size": [1, -3]}
							}
						},
						{
							"origin": [0.1365, 6.16783, 1.72833],
							"size": [0.126, 0.294, 0.5775],
							"uv": {
								"north": {"uv": [57, 79], "uv_size": [1, 1]},
								"east": {"uv": [41, 68], "uv_size": [3, 1]},
								"south": {"uv": [59, 79], "uv_size": [1, 1]},
								"west": {"uv": [68, 43], "uv_size": [3, 1]},
								"up": {"uv": [45, 68], "uv_size": [1, 3]},
								"down": {"uv": [49, 71], "uv_size": [1, -3]}
							}
						},
						{
							"origin": [-0.1575, 6.08849, 1.71137],
							"size": [0.42, 0.126, 0.0735],
							"pivot": [0, 6.15149, 1.74812],
							"rotation": [-45, 0, 0],
							"uv": {
								"north": {"uv": [74, 45], "uv_size": [2, 1]},
								"east": {"uv": [61, 79], "uv_size": [1, 1]},
								"south": {"uv": [74, 47], "uv_size": [2, 1]},
								"west": {"uv": [79, 65], "uv_size": [1, 1]},
								"up": {"uv": [74, 54], "uv_size": [2, 1]},
								"down": {"uv": [74, 57], "uv_size": [2, -1]}
							}
						},
						{
							"origin": [-0.1785, 5.45849, 1.71137],
							"size": [0.441, 0.147, 0.0735],
							"pivot": [0, 5.54249, 1.74812],
							"rotation": [45, 0, 0],
							"uv": {
								"north": {"uv": [65, 74], "uv_size": [2, 1]},
								"east": {"uv": [68, 79], "uv_size": [1, 1]},
								"south": {"uv": [72, 74], "uv_size": [2, 1]},
								"west": {"uv": [79, 70], "uv_size": [1, 1]},
								"up": {"uv": [8, 75], "uv_size": [2, 1]},
								"down": {"uv": [11, 76], "uv_size": [2, -1]}
							}
						},
						{
							"origin": [-0.1785, 6.46183, 1.72833],
							"size": [0.1365, 0.12504, 0.4515],
							"uv": {
								"north": {"uv": [79, 76], "uv_size": [1, 1]},
								"east": {"uv": [75, 17], "uv_size": [2, 1]},
								"south": {"uv": [10, 80], "uv_size": [1, 1]},
								"west": {"uv": [18, 75], "uv_size": [2, 1]},
								"up": {"uv": [14, 75], "uv_size": [1, 2]},
								"down": {"uv": [75, 21], "uv_size": [1, -2]}
							}
						},
						{
							"origin": [0.042, 6.46183, 1.72833],
							"size": [0.2205, 0.12504, 0.4515],
							"uv": {
								"north": {"uv": [12, 80], "uv_size": [1, 1]},
								"east": {"uv": [21, 75], "uv_size": [2, 1]},
								"south": {"uv": [80, 16], "uv_size": [1, 1]},
								"west": {"uv": [28, 75], "uv_size": [2, 1]},
								"up": {"uv": [24, 75], "uv_size": [1, 2]},
								"down": {"uv": [31, 77], "uv_size": [1, -2]}
							}
						},
						{
							"origin": [-0.1785, 6.63557, 2.10895],
							"size": [0.1365, 0.07281, 0.17751],
							"pivot": [0, 6.56207, 1.99771],
							"rotation": [-45, 0, 0],
							"uv": {
								"north": {"uv": [17, 80], "uv_size": [1, 1]},
								"east": {"uv": [80, 18], "uv_size": [1, 1]},
								"south": {"uv": [22, 80], "uv_size": [1, 1]},
								"west": {"uv": [80, 23], "uv_size": [1, 1]},
								"up": {"uv": [80, 25], "uv_size": [1, 1]},
								"down": {"uv": [80, 28], "uv_size": [1, -1]}
							}
						},
						{
							"origin": [0.042, 6.61457, 2.10895],
							"size": [0.2205, 0.09381, 0.17751],
							"pivot": [0, 6.56207, 1.99771],
							"rotation": [-45, 0, 0],
							"uv": {
								"north": {"uv": [31, 80], "uv_size": [1, 1]},
								"east": {"uv": [33, 80], "uv_size": [1, 1]},
								"south": {"uv": [35, 80], "uv_size": [1, 1]},
								"west": {"uv": [80, 36], "uv_size": [1, 1]},
								"up": {"uv": [80, 38], "uv_size": [1, 1]},
								"down": {"uv": [39, 81], "uv_size": [1, -1]}
							}
						},
						{
							"origin": [-0.2835, 5.18083, -1.70933],
							"size": [0.126, 0.7455, 3.43975],
							"uv": {
								"north": {"uv": [18, 63], "uv_size": [1, 4]},
								"east": {"uv": [0, 12], "uv_size": [16, 4]},
								"south": {"uv": [31, 63], "uv_size": [1, 4]},
								"west": {"uv": [14, 0], "uv_size": [16, 4]},
								"up": {"uv": [23, 42], "uv_size": [1, 16]},
								"down": {"uv": [25, 58], "uv_size": [1, -16]}
							}
						},
						{
							"origin": [-0.2835, 5.18083, 1.72833],
							"size": [0.105, 0.336, 0.5775],
							"uv": {
								"north": {"uv": [33, 75], "uv_size": [1, 2]},
								"east": {"uv": [59, 6], "uv_size": [3, 2]},
								"south": {"uv": [35, 75], "uv_size": [1, 2]},
								"west": {"uv": [14, 59], "uv_size": [3, 2]},
								"up": {"uv": [51, 68], "uv_size": [1, 3]},
								"down": {"uv": [53, 71], "uv_size": [1, -3]}
							}
						},
						{
							"origin": [-0.2835, 5.45849, 1.71137],
							"size": [0.105, 0.147, 0.0735],
							"pivot": [0, 5.54249, 1.74812],
							"rotation": [45, 0, 0],
							"uv": {
								"north": {"uv": [41, 80], "uv_size": [1, 1]},
								"east": {"uv": [80, 42], "uv_size": [1, 1]},
								"south": {"uv": [80, 49], "uv_size": [1, 1]},
								"west": {"uv": [80, 51], "uv_size": [1, 1]},
								"up": {"uv": [80, 57], "uv_size": [1, 1]},
								"down": {"uv": [80, 60], "uv_size": [1, -1]}
							}
						},
						{
							"origin": [-0.2835, 5.92633, 0.96183],
							"size": [0.126, 0.66054, 0.7665],
							"uv": {
								"north": {"uv": [55, 68], "uv_size": [1, 3]},
								"east": {"uv": [46, 9], "uv_size": [4, 3]},
								"south": {"uv": [57, 68], "uv_size": [1, 3]},
								"west": {"uv": [46, 40], "uv_size": [4, 3]},
								"up": {"uv": [39, 63], "uv_size": [1, 4]},
								"down": {"uv": [41, 67], "uv_size": [1, -4]}
							}
						},
						{
							"origin": [-0.2835, 6.08849, 1.71137],
							"size": [0.126, 0.126, 0.0735],
							"pivot": [0, 6.15149, 1.74812],
							"rotation": [-45, 0, 0],
							"uv": {
								"north": {"uv": [80, 61], "uv_size": [1, 1]},
								"east": {"uv": [63, 80], "uv_size": [1, 1]},
								"south": {"uv": [80, 63], "uv_size": [1, 1]},
								"west": {"uv": [65, 80], "uv_size": [1, 1]},
								"up": {"uv": [80, 67], "uv_size": [1, 1]},
								"down": {"uv": [70, 81], "uv_size": [1, -1]}
							}
						},
						{
							"origin": [-0.2835, 6.16783, 1.72833],
							"size": [0.105, 0.294, 0.5775],
							"uv": {
								"north": {"uv": [72, 80], "uv_size": [1, 1]},
								"east": {"uv": [63, 68], "uv_size": [3, 1]},
								"south": {"uv": [80, 72], "uv_size": [1, 1]},
								"west": {"uv": [67, 68], "uv_size": [3, 1]},
								"up": {"uv": [59, 68], "uv_size": [1, 3]},
								"down": {"uv": [0, 72], "uv_size": [1, -3]}
							}
						},
						{
							"origin": [-0.2835, 6.46183, 1.72833],
							"size": [0.105, 0.12504, 0.4515],
							"uv": {
								"north": {"uv": [74, 80], "uv_size": [1, 1]},
								"east": {"uv": [37, 75], "uv_size": [2, 1]},
								"south": {"uv": [80, 74], "uv_size": [1, 1]},
								"west": {"uv": [75, 37], "uv_size": [2, 1]},
								"up": {"uv": [40, 75], "uv_size": [1, 2]},
								"down": {"uv": [42, 77], "uv_size": [1, -2]}
							}
						},
						{
							"origin": [-0.2835, 6.61457, 2.10895],
							"size": [0.105, 0.09381, 0.17751],
							"pivot": [0, 6.56207, 1.99771],
							"rotation": [-45, 0, 0],
							"uv": {
								"north": {"uv": [76, 80], "uv_size": [1, 1]},
								"east": {"uv": [78, 80], "uv_size": [1, 1]},
								"south": {"uv": [80, 78], "uv_size": [1, 1]},
								"west": {"uv": [80, 80], "uv_size": [1, 1]},
								"up": {"uv": [0, 81], "uv_size": [1, 1]},
								"down": {"uv": [81, 1], "uv_size": [1, -1]}
							}
						}
					]
				},
				{
					"name": "barrel",
					"parent": "upper",
					"pivot": [-0.03675, 5.67084, -2.02882],
					"cubes": [
						{
							"origin": [-0.105, 5.46433, -2.21333],
							"size": [0.21, 0.483, 0.48716],
							"uv": {
								"north": {"uv": [72, 6], "uv_size": [1, 2]},
								"east": {"uv": [14, 9], "uv_size": [2, 2]},
								"south": {"uv": [8, 72], "uv_size": [1, 2]},
								"west": {"uv": [33, 61], "uv_size": [2, 2]},
								"up": {"uv": [72, 9], "uv_size": [1, 2]},
								"down": {"uv": [18, 74], "uv_size": [1, -2]}
							}
						},
						{
							"origin": [-0.0945, 5.31637, 0.5577],
							"size": [0.189, 0.1785, 0.29913],
							"uv": {
								"north": {"uv": [29, 66], "uv_size": [1, 1]},
								"east": {"uv": [37, 77], "uv_size": [1, 1]},
								"south": {"uv": [44, 77], "uv_size": [1, 1]},
								"west": {"uv": [77, 45], "uv_size": [1, 1]},
								"up": {"uv": [46, 77], "uv_size": [1, 1]},
								"down": {"uv": [77, 48], "uv_size": [1, -1]}
							}
						},
						{
							"origin": [-0.0945, 5.49487, 0.6837],
							"size": [0.189, 0.0945, 0.17313],
							"uv": {
								"north": {"uv": [48, 77], "uv_size": [1, 1]},
								"east": {"uv": [50, 77], "uv_size": [1, 1]},
								"south": {"uv": [52, 77], "uv_size": [1, 1]},
								"west": {"uv": [77, 53], "uv_size": [1, 1]},
								"up": {"uv": [54, 77], "uv_size": [1, 1]},
								"down": {"uv": [77, 56], "uv_size": [1, -1]}
							}
						},
						{
							"origin": [-0.0945, 5.24287, 0.5577],
							"size": [0.189, 0.0735, 0.17313],
							"uv": {
								"north": {"uv": [56, 77], "uv_size": [1, 1]},
								"east": {"uv": [58, 77], "uv_size": [1, 1]},
								"south": {"uv": [60, 77], "uv_size": [1, 1]},
								"west": {"uv": [62, 77], "uv_size": [1, 1]},
								"up": {"uv": [68, 77], "uv_size": [1, 1]},
								"down": {"uv": [77, 77], "uv_size": [1, -1]}
							}
						},
						{
							"origin": [-0.0945, 5.10637, 0.5577],
							"size": [0.189, 0.1365, 0.27813],
							"uv": {
								"north": {"uv": [13, 78], "uv_size": [1, 1]},
								"east": {"uv": [78, 16], "uv_size": [1, 1]},
								"south": {"uv": [23, 78], "uv_size": [1, 1]},
								"west": {"uv": [31, 78], "uv_size": [1, 1]},
								"up": {"uv": [33, 78], "uv_size": [1, 1]},
								"down": {"uv": [35, 79], "uv_size": [1, -1]}
							}
						},
						{
							"origin": [-0.0945, 5.58937, 0.5577],
							"size": [0.189, 0.3465, 0.29913],
							"uv": {
								"north": {"uv": [72, 22], "uv_size": [1, 2]},
								"east": {"uv": [72, 25], "uv_size": [1, 2]},
								"south": {"uv": [28, 72], "uv_size": [1, 2]},
								"west": {"uv": [30, 72], "uv_size": [1, 2]},
								"up": {"uv": [78, 36], "uv_size": [1, 1]},
								"down": {"uv": [78, 39], "uv_size": [1, -1]}
							}
						},
						{
							"origin": [0.042, 6.53437, -2.1723],
							"size": [0.2625, 0.0525, 3.13413],
							"uv": {
								"north": {"uv": [39, 78], "uv_size": [1, 1]},
								"east": {"uv": [43, 3], "uv_size": [15, 1]},
								"south": {"uv": [41, 78], "uv_size": [1, 1]},
								"west": {"uv": [43, 5], "uv_size": [15, 1]},
								"up": {"uv": [27, 42], "uv_size": [1, 15]},
								"down": {"uv": [29, 57], "uv_size": [1, -15]}
							}
						},
						{
							"origin": [-0.3045, 6.53437, -2.1723],
							"size": [0.2625, 0.0525, 3.13413],
							"uv": {
								"north": {"uv": [78, 43], "uv_size": [1, 1]},
								"east": {"uv": [43, 7], "uv_size": [15, 1]},
								"south": {"uv": [78, 49], "uv_size": [1, 1]},
								"west": {"uv": [43, 15], "uv_size": [15, 1]},
								"up": {"uv": [15, 43], "uv_size": [1, 15]},
								"down": {"uv": [17, 58], "uv_size": [1, -15]}
							}
						},
						{
							"origin": [-0.3045, 5.93587, -2.1723],
							"size": [0.609, 0.5985, 3.13413],
							"uv": {
								"north": {"uv": [51, 9], "uv_size": [3, 3]},
								"east": {"uv": [14, 5], "uv_size": [15, 3]},
								"south": {"uv": [37, 51], "uv_size": [3, 3]},
								"west": {"uv": [8, 17], "uv_size": [15, 3]},
								"up": {"uv": [8, 21], "uv_size": [3, 15]},
								"down": {"uv": [12, 36], "uv_size": [3, -15]}
							}
						}
					]
				},
				{
					"name": "ammo",
					"parent": "barrel",
					"pivot": [0, 6.28237, -0.13273]
				},
				{
					"name": "ammoshell",
					"parent": "ammo",
					"pivot": [0, 6.28237, -0.34273],
					"cubes": [
						{
							"origin": [-0.1785, 6.10387, 0.9252],
							"size": [0.357, 0.357, 0.08913],
							"pivot": [0, 6.28237, -0.13273],
							"rotation": [0, 0, 45],
							"uv": {
								"north": {"uv": [61, 36], "uv_size": [2, 2]},
								"east": {"uv": [32, 72], "uv_size": [1, 2]},
								"south": {"uv": [61, 44], "uv_size": [2, 2]},
								"west": {"uv": [34, 72], "uv_size": [1, 2]},
								"up": {"uv": [41, 51], "uv_size": [2, 1]},
								"down": {"uv": [59, 16], "uv_size": [2, -1]}
							}
						},
						{
							"origin": [-0.147, 6.13537, -0.6498],
							"size": [0.294, 0.294, 1.64313],
							"pivot": [0, 6.28237, -0.13273],
							"rotation": [0, 0, 45],
							"uv": {
								"north": {"uv": [78, 51], "uv_size": [1, 1]},
								"east": {"uv": [52, 37], "uv_size": [8, 1]},
								"south": {"uv": [78, 57], "uv_size": [1, 1]},
								"west": {"uv": [49, 53], "uv_size": [8, 1]},
								"up": {"uv": [12, 53], "uv_size": [1, 8]},
								"down": {"uv": [31, 62], "uv_size": [1, -8]}
							}
						}
					]
				},
				{
					"name": "head",
					"parent": "ammo",
					"pivot": [0, 6.28237, -0.34273],
					"cubes": [
						{
							"origin": [-0.126, 6.15637, -1.0173],
							"size": [0.252, 0.252, 0.3675],
							"pivot": [0, 6.28237, -0.34273],
							"rotation": [0, 0, 45],
							"uv": {
								"north": {"uv": [78, 59], "uv_size": [1, 1]},
								"east": {"uv": [72, 18], "uv_size": [2, 1]},
								"south": {"uv": [78, 61], "uv_size": [1, 1]},
								"west": {"uv": [72, 37], "uv_size": [2, 1]},
								"up": {"uv": [38, 72], "uv_size": [1, 2]},
								"down": {"uv": [40, 74], "uv_size": [1, -2]}
							}
						}
					]
				},
				{
					"name": "bone5",
					"parent": "barrel",
					"pivot": [0, 6.27473, -0.60523],
					"cubes": [
						{
							"origin": [-0.0945, 6.04658, -2.17439],
							"size": [0.189, 0.45629, 3.13832],
							"uv": {
								"north": {"uv": [42, 72], "uv_size": [1, 2]},
								"east": {"uv": [36, 22], "uv_size": [15, 2]},
								"south": {"uv": [44, 72], "uv_size": [1, 2]},
								"west": {"uv": [36, 25], "uv_size": [15, 2]},
								"up": {"uv": [19, 43], "uv_size": [1, 15]},
								"down": {"uv": [21, 58], "uv_size": [1, -15]}
							}
						},
						{
							"origin": [-0.08686, 6.03894, -2.17439],
							"size": [0.189, 0.45629, 3.13832],
							"pivot": [0.00764, 6.27473, -0.60523],
							"rotation": [0, 0, 90],
							"uv": {
								"north": {"uv": [49, 72], "uv_size": [1, 2]},
								"east": {"uv": [36, 28], "uv_size": [15, 2]},
								"south": {"uv": [51, 72], "uv_size": [1, 2]},
								"west": {"uv": [36, 31], "uv_size": [15, 2]},
								"up": {"uv": [0, 45], "uv_size": [1, 15]},
								"down": {"uv": [2, 60], "uv_size": [1, -15]}
							}
						},
						{
							"origin": [-0.08909, 6.04434, -2.17439],
							"size": [0.189, 0.45629, 3.13832],
							"pivot": [0.00541, 6.28013, -0.60523],
							"rotation": [0, 0, 45],
							"uv": {
								"north": {"uv": [53, 72], "uv_size": [1, 2]},
								"east": {"uv": [36, 34], "uv_size": [15, 2]},
								"south": {"uv": [55, 72], "uv_size": [1, 2]},
								"west": {"uv": [0, 37], "uv_size": [15, 2]},
								"up": {"uv": [4, 45], "uv_size": [1, 15]},
								"down": {"uv": [6, 60], "uv_size": [1, -15]}
							}
						},
						{
							"origin": [-0.09991, 6.04434, -2.17439],
							"size": [0.189, 0.45629, 3.13832],
							"pivot": [-0.00541, 6.28013, -0.60523],
							"rotation": [0, 0, -45],
							"uv": {
								"north": {"uv": [57, 72], "uv_size": [1, 2]},
								"east": {"uv": [36, 37], "uv_size": [15, 2]},
								"south": {"uv": [59, 72], "uv_size": [1, 2]},
								"west": {"uv": [38, 0], "uv_size": [15, 2]},
								"up": {"uv": [8, 45], "uv_size": [1, 15]},
								"down": {"uv": [10, 60], "uv_size": [1, -15]}
							}
						}
					]
				},
				{
					"name": "bone11",
					"parent": "barrel",
					"pivot": [0, 6.28343, -3.02023]
				},
				{
					"name": "bone12",
					"parent": "bone11",
					"pivot": [0, 6.28343, -2.37507]
				},
				{
					"name": "muzzle_flash",
					"parent": "barrel",
					"pivot": [-0.00855, 6.28438, -2.52969]
				},
				{
					"name": "muzzle_pos",
					"parent": "barrel",
					"pivot": [-0.00852, 6.2844, -2.1547]
				},
				{
					"name": "hammer",
					"parent": "upper",
					"pivot": [0, 5.04433, 0.54817],
					"cubes": [
						{
							"origin": [-0.2625, 5.55883, 2.88333],
							"size": [0.525, 0.56604, 0.105],
							"uv": {
								"north": {"uv": [51, 40], "uv_size": [3, 3]},
								"east": {"uv": [64, 11], "uv_size": [1, 3]},
								"south": {"uv": [52, 21], "uv_size": [3, 3]},
								"west": {"uv": [64, 15], "uv_size": [1, 3]},
								"up": {"uv": [55, 11], "uv_size": [3, 1]},
								"down": {"uv": [63, 51], "uv_size": [3, -1]}
							}
						},
						{
							"origin": [-0.2625, 6.03133, 2.56833],
							"size": [0.525, 0.09354, 0.31501],
							"uv": {
								"north": {"uv": [64, 19], "uv_size": [3, 1]},
								"east": {"uv": [72, 72], "uv_size": [2, 1]},
								"south": {"uv": [64, 23], "uv_size": [3, 1]},
								"west": {"uv": [10, 73], "uv_size": [2, 1]},
								"up": {"uv": [56, 25], "uv_size": [3, 2]},
								"down": {"uv": [56, 30], "uv_size": [3, -2]}
							}
						},
						{
							"origin": [-0.2625, 5.55883, 2.56833],
							"size": [0.525, 0.09354, 0.31501],
							"uv": {
								"north": {"uv": [64, 25], "uv_size": [3, 1]},
								"east": {"uv": [13, 73], "uv_size": [2, 1]},
								"south": {"uv": [64, 27], "uv_size": [3, 1]},
								"west": {"uv": [20, 73], "uv_size": [2, 1]},
								"up": {"uv": [56, 31], "uv_size": [3, 2]},
								"down": {"uv": [56, 36], "uv_size": [3, -2]}
							}
						},
						{
							"origin": [-0.105, 5.65237, 2.30583],
							"size": [0.21, 0.45246, 0.57751],
							"uv": {
								"north": {"uv": [0, 73], "uv_size": [1, 2]},
								"east": {"uv": [40, 57], "uv_size": [3, 2]},
								"south": {"uv": [16, 73], "uv_size": [1, 2]},
								"west": {"uv": [44, 57], "uv_size": [3, 2]},
								"up": {"uv": [64, 29], "uv_size": [1, 3]},
								"down": {"uv": [33, 67], "uv_size": [1, -3]}
							}
						},
						{
							"origin": [-0.105, 6.01987, 1.99083],
							"size": [0.21, 0.08496, 0.315],
							"uv": {
								"north": {"uv": [66, 78], "uv_size": [1, 1]},
								"east": {"uv": [23, 73], "uv_size": [2, 1]},
								"south": {"uv": [78, 68], "uv_size": [1, 1]},
								"west": {"uv": [73, 41], "uv_size": [2, 1]},
								"up": {"uv": [26, 73], "uv_size": [1, 2]},
								"down": {"uv": [73, 53], "uv_size": [1, -2]}
							}
						},
						{
							"origin": [-0.105, 6.03133, 2.46333],
							"size": [0.21, 0.37897, 0.12601],
							"uv": {
								"north": {"uv": [2, 74], "uv_size": [1, 2]},
								"east": {"uv": [74, 2], "uv_size": [1, 2]},
								"south": {"uv": [4, 74], "uv_size": [1, 2]},
								"west": {"uv": [74, 5], "uv_size": [1, 2]},
								"up": {"uv": [70, 78], "uv_size": [1, 1]},
								"down": {"uv": [72, 79], "uv_size": [1, -1]}
							}
						},
						{
							"origin": [-0.105, 6.29383, 2.58933],
							"size": [0.21, 0.11647, 0.2205],
							"uv": {
								"north": {"uv": [78, 72], "uv_size": [1, 1]},
								"east": {"uv": [74, 78], "uv_size": [1, 1]},
								"south": {"uv": [78, 74], "uv_size": [1, 1]},
								"west": {"uv": [76, 78], "uv_size": [1, 1]},
								"up": {"uv": [78, 78], "uv_size": [1, 1]},
								"down": {"uv": [0, 80], "uv_size": [1, -1]}
							}
						},
						{
							"origin": [-0.105, 6.03133, 2.80983],
							"size": [0.21, 0.37897, 0.12601],
							"uv": {
								"north": {"uv": [74, 8], "uv_size": [1, 2]},
								"east": {"uv": [74, 11], "uv_size": [1, 2]},
								"south": {"uv": [74, 14], "uv_size": [1, 2]},
								"west": {"uv": [74, 22], "uv_size": [1, 2]},
								"up": {"uv": [79, 0], "uv_size": [1, 1]},
								"down": {"uv": [2, 80], "uv_size": [1, -1]}
							}
						},
						{
							"origin": [-0.084, 5.54641, 1.70733],
							"size": [0.168, 0.21096, 0.8085],
							"uv": {
								"north": {"uv": [79, 2], "uv_size": [1, 1]},
								"east": {"uv": [62, 21], "uv_size": [4, 1]},
								"south": {"uv": [4, 79], "uv_size": [1, 1]},
								"west": {"uv": [62, 39], "uv_size": [4, 1]},
								"up": {"uv": [21, 62], "uv_size": [1, 4]},
								"down": {"uv": [23, 66], "uv_size": [1, -4]}
							}
						},
						{
							"origin": [-0.2625, 5.55883, 2.48433],
							"size": [0.525, 0.56604, 0.084],
							"uv": {
								"north": {"uv": [52, 25], "uv_size": [3, 3]},
								"east": {"uv": [64, 33], "uv_size": [1, 3]},
								"south": {"uv": [52, 29], "uv_size": [3, 3]},
								"west": {"uv": [35, 64], "uv_size": [1, 3]},
								"up": {"uv": [64, 37], "uv_size": [3, 1]},
								"down": {"uv": [64, 45], "uv_size": [3, -1]}
							}
						}
					]
				},
				{
					"name": "trigger",
					"parent": "upper",
					"pivot": [0, 4.95508, 0.3245],
					"cubes": [
						{
							"origin": [0, 4.27218, 0.12294],
							"size": [0.1575, 0.5355, 0.26667],
							"pivot": [0.07875, 4.53993, 0.24578],
							"rotation": [-25, 0, 0],
							"uv": {
								"north": {"uv": [49, 64], "uv_size": [1, 3]},
								"east": {"uv": [51, 64], "uv_size": [1, 3]},
								"south": {"uv": [65, 58], "uv_size": [1, 3]},
								"west": {"uv": [61, 65], "uv_size": [1, 3]},
								"up": {"uv": [79, 4], "uv_size": [1, 1]},
								"down": {"uv": [6, 80], "uv_size": [1, -1]}
							}
						},
						{
							"origin": [0, 4.70833, 0.18067],
							"size": [0.1575, 0.5355, 0.28766],
							"pivot": [0, 4.95508, 0.3245],
							"rotation": [5, 0, 0],
							"uv": {
								"north": {"uv": [65, 62], "uv_size": [1, 3]},
								"east": {"uv": [66, 0], "uv_size": [1, 3]},
								"south": {"uv": [66, 4], "uv_size": [1, 3]},
								"west": {"uv": [66, 8], "uv_size": [1, 3]},
								"up": {"uv": [79, 6], "uv_size": [1, 1]},
								"down": {"uv": [8, 80], "uv_size": [1, -1]}
							}
						}
					]
				},
				{
					"name": "barrel_release",
					"parent": "upper",
					"pivot": [-0.0105, 5.39433, 1.28175],
					"cubes": [
						{
							"origin": [-0.294, 5.30683, 1.07317],
							"size": [0.567, 0.1575, 0.57116],
							"uv": {
								"north": {"uv": [65, 41], "uv_size": [3, 1]},
								"east": {"uv": [65, 52], "uv_size": [3, 1]},
								"south": {"uv": [66, 12], "uv_size": [3, 1]},
								"west": {"uv": [66, 14], "uv_size": [3, 1]},
								"up": {"uv": [52, 33], "uv_size": [3, 3]},
								"down": {"uv": [41, 56], "uv_size": [3, -3]}
							}
						},
						{
							"origin": [-0.336, 5.34883, 1.09417],
							"size": [0.651, 0.0945, 0.36116],
							"uv": {
								"north": {"uv": [66, 16], "uv_size": [3, 1]},
								"east": {"uv": [73, 66], "uv_size": [2, 1]},
								"south": {"uv": [66, 29], "uv_size": [3, 1]},
								"west": {"uv": [73, 70], "uv_size": [2, 1]},
								"up": {"uv": [58, 17], "uv_size": [3, 2]},
								"down": {"uv": [27, 60], "uv_size": [3, -2]}
							}
						},
						{
							"origin": [-0.357, 5.34883, 1.36717],
							"size": [0.693, 0.0945, 0.04616],
							"uv": {
								"north": {"uv": [66, 31], "uv_size": [3, 1]},
								"east": {"uv": [79, 8], "uv_size": [1, 1]},
								"south": {"uv": [66, 33], "uv_size": [3, 1]},
								"west": {"uv": [79, 10], "uv_size": [1, 1]},
								"up": {"uv": [66, 35], "uv_size": [3, 1]},
								"down": {"uv": [66, 47], "uv_size": [3, -1]}
							}
						},
						{
							"origin": [-0.357, 5.34883, 1.28317],
							"size": [0.693, 0.0945, 0.04616],
							"uv": {
								"north": {"uv": [66, 48], "uv_size": [3, 1]},
								"east": {"uv": [79, 12], "uv_size": [1, 1]},
								"south": {"uv": [53, 66], "uv_size": [3, 1]},
								"west": {"uv": [79, 14], "uv_size": [1, 1]},
								"up": {"uv": [66, 54], "uv_size": [3, 1]},
								"down": {"uv": [66, 57], "uv_size": [3, -1]}
							}
						},
						{
							"origin": [-0.357, 5.34883, 1.19917],
							"size": [0.693, 0.0945, 0.04616],
							"uv": {
								"north": {"uv": [57, 66], "uv_size": [3, 1]},
								"east": {"uv": [15, 79], "uv_size": [1, 1]},
								"south": {"uv": [65, 66], "uv_size": [3, 1]},
								"west": {"uv": [20, 79], "uv_size": [1, 1]},
								"up": {"uv": [10, 67], "uv_size": [3, 1]},
								"down": {"uv": [14, 68], "uv_size": [3, -1]}
							}
						},
						{
							"origin": [-0.357, 5.34883, 1.11517],
							"size": [0.693, 0.0945, 0.04616],
							"uv": {
								"north": {"uv": [20, 67], "uv_size": [3, 1]},
								"east": {"uv": [79, 21], "uv_size": [1, 1]},
								"south": {"uv": [67, 21], "uv_size": [3, 1]},
								"west": {"uv": [25, 79], "uv_size": [1, 1]},
								"up": {"uv": [24, 67], "uv_size": [3, 1]},
								"down": {"uv": [67, 40], "uv_size": [3, -1]}
							}
						}
					]
				},
				{
					"name": "grip",
					"parent": "upper",
					"pivot": [-0.03675, 4.93584, 2.08102],
					"rotation": [105, 0, 0],
					"cubes": [
						{
							"origin": [-0.1554, 3.756, 1.80183],
							"size": [0.42, 0.24883, 0.19217],
							"uv": {
								"north": {"uv": [75, 39], "uv_size": [2, 1]},
								"east": {"uv": [2, 81], "uv_size": [1, 1]},
								"south": {"uv": [75, 43], "uv_size": [2, 1]},
								"west": {"uv": [81, 2], "uv_size": [1, 1]},
								"up": {"uv": [44, 75], "uv_size": [2, 1]},
								"down": {"uv": [47, 76], "uv_size": [2, -1]}
							}
						},
						{
							"origin": [-0.1575, 4.008, 1.7],
							"size": [0.42, 0.05983, 0.126],
							"pivot": [0, 3.96442, 1.763],
							"rotation": [-45, 0, 0],
							"uv": {
								"north": {"uv": [75, 49], "uv_size": [2, 1]},
								"east": {"uv": [4, 81], "uv_size": [1, 1]},
								"south": {"uv": [50, 75], "uv_size": [2, 1]},
								"west": {"uv": [81, 4], "uv_size": [1, 1]},
								"up": {"uv": [75, 51], "uv_size": [2, 1]},
								"down": {"uv": [53, 76], "uv_size": [2, -1]}
							}
						},
						{
							"origin": [-0.1575, 4.21312, 1.73277],
							"size": [0.42, 0.03884, 0.105],
							"pivot": [0, 4.27454, 1.78527],
							"rotation": [45, 0, 0],
							"uv": {
								"north": {"uv": [56, 75], "uv_size": [2, 1]},
								"east": {"uv": [6, 81], "uv_size": [1, 1]},
								"south": {"uv": [75, 58], "uv_size": [2, 1]},
								"west": {"uv": [81, 6], "uv_size": [1, 1]},
								"up": {"uv": [59, 75], "uv_size": [2, 1]},
								"down": {"uv": [75, 61], "uv_size": [2, -1]}
							}
						},
						{
							"origin": [-0.1575, 4.19212, 2.00577],
							"size": [0.42, 0.05984, 0.126],
							"pivot": [0, 4.27454, 2.07927],
							"rotation": [-45, 0, 0],
							"uv": {
								"north": {"uv": [62, 75], "uv_size": [2, 1]},
								"east": {"uv": [8, 81], "uv_size": [1, 1]},
								"south": {"uv": [75, 62], "uv_size": [2, 1]},
								"west": {"uv": [81, 8], "uv_size": [1, 1]},
								"up": {"uv": [75, 64], "uv_size": [2, 1]},
								"down": {"uv": [68, 76], "uv_size": [2, -1]}
							}
						},
						{
							"origin": [-0.2625, 3.756, -1.87],
							"size": [0.525, 0.31183, 2.41817],
							"uv": {
								"north": {"uv": [10, 69], "uv_size": [3, 1]},
								"east": {"uv": [46, 13], "uv_size": [12, 1]},
								"south": {"uv": [14, 69], "uv_size": [3, 1]},
								"west": {"uv": [47, 44], "uv_size": [12, 1]},
								"up": {"uv": [32, 21], "uv_size": [3, 12]},
								"down": {"uv": [32, 46], "uv_size": [3, -12]}
							}
						},
						{
							"origin": [-0.1554, 4.96033, 0.54817],
							"size": [0.42, 0.21, 1.54766],
							"uv": {
								"north": {"uv": [75, 68], "uv_size": [2, 1]},
								"east": {"uv": [30, 7], "uv_size": [7, 1]},
								"south": {"uv": [75, 72], "uv_size": [2, 1]},
								"west": {"uv": [53, 50], "uv_size": [7, 1]},
								"up": {"uv": [12, 45], "uv_size": [2, 7]},
								"down": {"uv": [44, 52], "uv_size": [2, -7]}
							}
						},
						{
							"origin": [-0.1575, 6.29347, 2.56105],
							"size": [0.42, 0.21, 0.29699],
							"pivot": [0, 6.39847, 0.7192],
							"rotation": [-45, 0, 0],
							"uv": {
								"north": {"uv": [75, 74], "uv_size": [2, 1]},
								"east": {"uv": [81, 10], "uv_size": [1, 1]},
								"south": {"uv": [76, 0], "uv_size": [2, 1]},
								"west": {"uv": [81, 12], "uv_size": [1, 1]},
								"up": {"uv": [76, 2], "uv_size": [2, 1]},
								"down": {"uv": [76, 5], "uv_size": [2, -1]}
							}
						},
						{
							"origin": [0.0735, 6.30397, 2.58205],
							"size": [0.231, 0.1365, 0.1365],
							"pivot": [0.021, 6.33547, 0.7192],
							"rotation": [-45, 0, 0],
							"uv": {
								"north": {"uv": [14, 81], "uv_size": [1, 1]},
								"east": {"uv": [81, 14], "uv_size": [1, 1]},
								"south": {"uv": [19, 81], "uv_size": [1, 1]},
								"west": {"uv": [81, 20], "uv_size": [1, 1]},
								"up": {"uv": [24, 81], "uv_size": [1, 1]},
								"down": {"uv": [26, 82], "uv_size": [1, -1]}
							}
						},
						{
							"origin": [-0.1554, 4.25683, 1.80183],
							"size": [0.42, 0.7035, 0.252],
							"uv": {
								"north": {"uv": [18, 59], "uv_size": [2, 3]},
								"east": {"uv": [20, 69], "uv_size": [1, 3]},
								"south": {"uv": [59, 20], "uv_size": [2, 3]},
								"west": {"uv": [22, 69], "uv_size": [1, 3]},
								"up": {"uv": [76, 6], "uv_size": [2, 1]},
								"down": {"uv": [76, 9], "uv_size": [2, -1]}
							}
						},
						{
							"origin": [-0.315, 4.38984, 1.68203],
							"size": [0.5565, 0.189, 0.189],
							"pivot": [-0.03675, 4.49484, 1.76603],
							"rotation": [-45, 0, 0],
							"uv": {
								"north": {"uv": [24, 69], "uv_size": [3, 1]},
								"east": {"uv": [28, 81], "uv_size": [1, 1]},
								"south": {"uv": [69, 41], "uv_size": [3, 1]},
								"west": {"uv": [81, 29], "uv_size": [1, 1]},
								"up": {"uv": [69, 52], "uv_size": [3, 1]},
								"down": {"uv": [69, 67], "uv_size": [3, -1]}
							}
						},
						{
							"origin": [-0.315, 3.90684, 0.67403],
							"size": [0.5565, 0.189, 0.189],
							"pivot": [-0.03675, 4.01184, 0.75803],
							"rotation": [-45, 0, 0],
							"uv": {
								"north": {"uv": [2, 70], "uv_size": [3, 1]},
								"east": {"uv": [81, 31], "uv_size": [1, 1]},
								"south": {"uv": [6, 70], "uv_size": [3, 1]},
								"west": {"uv": [81, 33], "uv_size": [1, 1]},
								"up": {"uv": [70, 12], "uv_size": [3, 1]},
								"down": {"uv": [70, 15], "uv_size": [3, -1]}
							}
						},
						{
							"origin": [-0.315, 4.87284, 0.67403],
							"size": [0.5565, 0.189, 0.189],
							"pivot": [-0.03675, 4.97784, 0.75803],
							"rotation": [-45, 0, 0],
							"uv": {
								"north": {"uv": [70, 16], "uv_size": [3, 1]},
								"east": {"uv": [37, 81], "uv_size": [1, 1]},
								"south": {"uv": [28, 70], "uv_size": [3, 1]},
								"west": {"uv": [81, 40], "uv_size": [1, 1]},
								"up": {"uv": [70, 29], "uv_size": [3, 1]},
								"down": {"uv": [70, 32], "uv_size": [3, -1]}
							}
						},
						{
							"origin": [-0.1554, 4.06783, 2.05383],
							"size": [0.42, 0.8925, 0.252],
							"uv": {
								"north": {"uv": [33, 15], "uv_size": [2, 4]},
								"east": {"uv": [43, 63], "uv_size": [1, 4]},
								"south": {"uv": [37, 55], "uv_size": [2, 4]},
								"west": {"uv": [45, 63], "uv_size": [1, 4]},
								"up": {"uv": [76, 10], "uv_size": [2, 1]},
								"down": {"uv": [76, 13], "uv_size": [2, -1]}
							}
						},
						{
							"origin": [-0.1554, 3.756, 0.54817],
							"size": [0.42, 1.20433, 1.25366],
							"uv": {
								"north": {"uv": [31, 47], "uv_size": [2, 6]},
								"east": {"uv": [31, 0], "uv_size": [6, 6]},
								"south": {"uv": [47, 46], "uv_size": [2, 6]},
								"west": {"uv": [24, 35], "uv_size": [6, 6]},
								"up": {"uv": [50, 46], "uv_size": [2, 6]},
								"down": {"uv": [34, 57], "uv_size": [2, -6]}
							}
						},
						{
							"origin": [-0.2625, 4.06783, -2.18183],
							"size": [0.525, 1.1025, 2.73],
							"uv": {
								"north": {"uv": [36, 45], "uv_size": [3, 5]},
								"east": {"uv": [0, 0], "uv_size": [13, 5]},
								"south": {"uv": [40, 45], "uv_size": [3, 5]},
								"west": {"uv": [0, 6], "uv_size": [13, 5]},
								"up": {"uv": [24, 21], "uv_size": [3, 13]},
								"down": {"uv": [28, 34], "uv_size": [3, -13]}
							}
						},
						{
							"origin": [-0.2625, 5.03092, -1.60894],
							"size": [0.525, 0.42, 0.441],
							"pivot": [0, 5.24092, -3.05794],
							"rotation": [-45, 0, 0],
							"uv": {
								"north": {"uv": [60, 33], "uv_size": [3, 2]},
								"east": {"uv": [63, 8], "uv_size": [2, 2]},
								"south": {"uv": [39, 60], "uv_size": [3, 2]},
								"west": {"uv": [63, 47], "uv_size": [2, 2]},
								"up": {"uv": [43, 60], "uv_size": [3, 2]},
								"down": {"uv": [0, 63], "uv_size": [3, -2]}
							}
						},
						{
							"origin": [-0.1575, 3.85041, 1.78093],
							"size": [0.42, 0.1785, 0.441],
							"pivot": [0, 4.06041, 2.00143],
							"rotation": [45, 0, 0],
							"uv": {
								"north": {"uv": [77, 19], "uv_size": [2, 1]},
								"east": {"uv": [20, 77], "uv_size": [2, 1]},
								"south": {"uv": [77, 24], "uv_size": [2, 1]},
								"west": {"uv": [77, 26], "uv_size": [2, 1]},
								"up": {"uv": [53, 63], "uv_size": [2, 2]},
								"down": {"uv": [63, 57], "uv_size": [2, -2]}
							}
						},
						{
							"origin": [-0.2856, 4.96033, 0.54817],
							"size": [0.1281, 0.21, 1.54766],
							"uv": {
								"north": {"uv": [81, 69], "uv_size": [1, 1]},
								"east": {"uv": [54, 0], "uv_size": [7, 1]},
								"south": {"uv": [81, 76], "uv_size": [1, 1]},
								"west": {"uv": [55, 9], "uv_size": [7, 1]},
								"up": {"uv": [53, 55], "uv_size": [1, 7]},
								"down": {"uv": [55, 62], "uv_size": [1, -7]}
							}
						},
						{
							"origin": [-0.2856, 3.756, 0.54817],
							"size": [0.1281, 1.20433, 1.25366],
							"uv": {
								"north": {"uv": [47, 60], "uv_size": [1, 6]},
								"east": {"uv": [36, 15], "uv_size": [6, 6]},
								"south": {"uv": [4, 61], "uv_size": [1, 6]},
								"west": {"uv": [16, 36], "uv_size": [6, 6]},
								"up": {"uv": [6, 61], "uv_size": [1, 6]},
								"down": {"uv": [8, 67], "uv_size": [1, -6]}
							}
						},
						{
							"origin": [-0.2856, 4.25683, 1.80183],
							"size": [0.1281, 0.7035, 0.252],
							"uv": {
								"north": {"uv": [36, 71], "uv_size": [1, 3]},
								"east": {"uv": [47, 71], "uv_size": [1, 3]},
								"south": {"uv": [72, 2], "uv_size": [1, 3]},
								"west": {"uv": [6, 72], "uv_size": [1, 3]},
								"up": {"uv": [10, 82], "uv_size": [1, 1]},
								"down": {"uv": [12, 83], "uv_size": [1, -1]}
							}
						},
						{
							"origin": [-0.2835, 6.29347, 2.56105],
							"size": [0.126, 0.21, 0.29699],
							"pivot": [0, 6.39847, 0.7192],
							"rotation": [-45, 0, 0],
							"uv": {
								"north": {"uv": [16, 82], "uv_size": [1, 1]},
								"east": {"uv": [82, 16], "uv_size": [1, 1]},
								"south": {"uv": [82, 18], "uv_size": [1, 1]},
								"west": {"uv": [21, 82], "uv_size": [1, 1]},
								"up": {"uv": [82, 22], "uv_size": [1, 1]},
								"down": {"uv": [82, 25], "uv_size": [1, -1]}
							}
						},
						{
							"origin": [-0.2856, 4.06783, 2.05383],
							"size": [0.1281, 0.8925, 0.252],
							"uv": {
								"north": {"uv": [63, 58], "uv_size": [1, 4]},
								"east": {"uv": [63, 63], "uv_size": [1, 4]},
								"south": {"uv": [0, 64], "uv_size": [1, 4]},
								"west": {"uv": [64, 0], "uv_size": [1, 4]},
								"up": {"uv": [82, 26], "uv_size": [1, 1]},
								"down": {"uv": [30, 83], "uv_size": [1, -1]}
							}
						},
						{
							"origin": [-0.2835, 3.85041, 1.78093],
							"size": [0.126, 0.1785, 0.441],
							"pivot": [0, 4.06041, 2.00143],
							"rotation": [45, 0, 0],
							"uv": {
								"north": {"uv": [32, 82], "uv_size": [1, 1]},
								"east": {"uv": [28, 77], "uv_size": [2, 1]},
								"south": {"uv": [34, 82], "uv_size": [1, 1]},
								"west": {"uv": [77, 28], "uv_size": [2, 1]},
								"up": {"uv": [77, 30], "uv_size": [1, 2]},
								"down": {"uv": [77, 35], "uv_size": [1, -2]}
							}
						},
						{
							"origin": [-0.2856, 3.756, 1.80183],
							"size": [0.1281, 0.24883, 0.19217],
							"uv": {
								"north": {"uv": [82, 35], "uv_size": [1, 1]},
								"east": {"uv": [82, 37], "uv_size": [1, 1]},
								"south": {"uv": [39, 82], "uv_size": [1, 1]},
								"west": {"uv": [41, 82], "uv_size": [1, 1]},
								"up": {"uv": [82, 42], "uv_size": [1, 1]},
								"down": {"uv": [82, 49], "uv_size": [1, -1]}
							}
						},
						{
							"origin": [-0.2835, 4.008, 1.7],
							"size": [0.126, 0.05983, 0.126],
							"pivot": [0, 3.96442, 1.763],
							"rotation": [-45, 0, 0],
							"uv": {
								"north": {"uv": [82, 50], "uv_size": [1, 1]},
								"east": {"uv": [82, 57], "uv_size": [1, 1]},
								"south": {"uv": [82, 59], "uv_size": [1, 1]},
								"west": {"uv": [82, 61], "uv_size": [1, 1]},
								"up": {"uv": [63, 82], "uv_size": [1, 1]},
								"down": {"uv": [82, 64], "uv_size": [1, -1]}
							}
						},
						{
							"origin": [-0.2835, 4.21312, 1.73277],
							"size": [0.126, 0.03884, 0.105],
							"pivot": [0, 4.27454, 1.78527],
							"rotation": [45, 0, 0],
							"uv": {
								"north": {"uv": [65, 82], "uv_size": [1, 1]},
								"east": {"uv": [82, 67], "uv_size": [1, 1]},
								"south": {"uv": [69, 82], "uv_size": [1, 1]},
								"west": {"uv": [71, 82], "uv_size": [1, 1]},
								"up": {"uv": [82, 71], "uv_size": [1, 1]},
								"down": {"uv": [73, 83], "uv_size": [1, -1]}
							}
						},
						{
							"origin": [-0.2835, 4.19212, 2.00577],
							"size": [0.126, 0.05984, 0.126],
							"pivot": [0, 4.27454, 2.07927],
							"rotation": [-45, 0, 0],
							"uv": {
								"north": {"uv": [82, 73], "uv_size": [1, 1]},
								"east": {"uv": [75, 82], "uv_size": [1, 1]},
								"south": {"uv": [77, 82], "uv_size": [1, 1]},
								"west": {"uv": [82, 78], "uv_size": [1, 1]},
								"up": {"uv": [79, 82], "uv_size": [1, 1]},
								"down": {"uv": [82, 81], "uv_size": [1, -1]}
							}
						}
					]
				},
				{
					"name": "bone14",
					"parent": "grip",
					"pivot": [-0.0105, 4.95333, 1.28175],
					"cubes": [
						{
							"origin": [-0.294, 4.86583, 1.07317],
							"size": [0.567, 0.1575, 0.57116],
							"uv": {
								"north": {"uv": [32, 70], "uv_size": [3, 1]},
								"east": {"uv": [70, 33], "uv_size": [3, 1]},
								"south": {"uv": [70, 35], "uv_size": [3, 1]},
								"west": {"uv": [41, 70], "uv_size": [3, 1]},
								"up": {"uv": [45, 53], "uv_size": [3, 3]},
								"down": {"uv": [53, 49], "uv_size": [3, -3]}
							}
						},
						{
							"origin": [-0.336, 4.90783, 1.09417],
							"size": [0.651, 0.0945, 0.36116],
							"uv": {
								"north": {"uv": [70, 45], "uv_size": [3, 1]},
								"east": {"uv": [76, 14], "uv_size": [2, 1]},
								"south": {"uv": [70, 47], "uv_size": [3, 1]},
								"west": {"uv": [76, 22], "uv_size": [2, 1]},
								"up": {"uv": [21, 59], "uv_size": [3, 2]},
								"down": {"uv": [60, 26], "uv_size": [3, -2]}
							}
						},
						{
							"origin": [-0.357, 4.90783, 1.36717],
							"size": [0.693, 0.0945, 0.04616],
							"uv": {
								"north": {"uv": [70, 54], "uv_size": [3, 1]},
								"east": {"uv": [43, 81], "uv_size": [1, 1]},
								"south": {"uv": [70, 56], "uv_size": [3, 1]},
								"west": {"uv": [81, 44], "uv_size": [1, 1]},
								"up": {"uv": [61, 70], "uv_size": [3, 1]},
								"down": {"uv": [65, 71], "uv_size": [3, -1]}
							}
						},
						{
							"origin": [-0.357, 4.90783, 1.28317],
							"size": [0.693, 0.0945, 0.04616],
							"uv": {
								"north": {"uv": [69, 70], "uv_size": [3, 1]},
								"east": {"uv": [45, 81], "uv_size": [1, 1]},
								"south": {"uv": [10, 71], "uv_size": [3, 1]},
								"west": {"uv": [81, 46], "uv_size": [1, 1]},
								"up": {"uv": [14, 71], "uv_size": [3, 1]},
								"down": {"uv": [71, 21], "uv_size": [3, -1]}
							}
						},
						{
							"origin": [-0.357, 4.90783, 1.19917],
							"size": [0.693, 0.0945, 0.04616],
							"uv": {
								"north": {"uv": [24, 71], "uv_size": [3, 1]},
								"east": {"uv": [47, 81], "uv_size": [1, 1]},
								"south": {"uv": [71, 39], "uv_size": [3, 1]},
								"west": {"uv": [49, 81], "uv_size": [1, 1]},
								"up": {"uv": [71, 49], "uv_size": [3, 1]},
								"down": {"uv": [71, 59], "uv_size": [3, -1]}
							}
						},
						{
							"origin": [-0.357, 4.90783, 1.11517],
							"size": [0.693, 0.0945, 0.04616],
							"uv": {
								"north": {"uv": [71, 60], "uv_size": [3, 1]},
								"east": {"uv": [51, 81], "uv_size": [1, 1]},
								"south": {"uv": [71, 62], "uv_size": [3, 1]},
								"west": {"uv": [53, 81], "uv_size": [1, 1]},
								"up": {"uv": [71, 64], "uv_size": [3, 1]},
								"down": {"uv": [71, 69], "uv_size": [3, -1]}
							}
						}
					]
				},
				{
					"name": "bone18",
					"parent": "grip",
					"pivot": [-0.0525, 4.12033, -0.71183],
					"cubes": [
						{
							"origin": [-0.315, 4.12033, -2.07683],
							"size": [0.0735, 1.071, 1.65266],
							"uv": {
								"north": {"uv": [10, 61], "uv_size": [1, 5]},
								"east": {"uv": [17, 9], "uv_size": [8, 5]},
								"south": {"uv": [27, 61], "uv_size": [1, 5]},
								"west": {"uv": [24, 15], "uv_size": [8, 5]},
								"up": {"uv": [49, 55], "uv_size": [1, 8]},
								"down": {"uv": [51, 63], "uv_size": [1, -8]}
							}
						},
						{
							"origin": [-0.315, 5.08342, -1.50394],
							"size": [0.525, 0.231, 0.441],
							"pivot": [-0.0525, 5.29342, -2.95294],
							"rotation": [-45, 0, 0],
							"uv": {
								"north": {"uv": [72, 0], "uv_size": [3, 1]},
								"east": {"uv": [76, 41], "uv_size": [2, 1]},
								"south": {"uv": [2, 72], "uv_size": [3, 1]},
								"west": {"uv": [65, 76], "uv_size": [2, 1]},
								"up": {"uv": [60, 27], "uv_size": [3, 2]},
								"down": {"uv": [60, 32], "uv_size": [3, -2]}
							}
						},
						{
							"origin": [-0.315, 3.8085, -1.765],
							"size": [0.0525, 0.31183, 1.34083],
							"uv": {
								"north": {"uv": [81, 53], "uv_size": [1, 1]},
								"east": {"uv": [17, 15], "uv_size": [6, 1]},
								"south": {"uv": [55, 81], "uv_size": [1, 1]},
								"west": {"uv": [58, 42], "uv_size": [6, 1]},
								"up": {"uv": [25, 59], "uv_size": [1, 6]},
								"down": {"uv": [37, 66], "uv_size": [1, -6]}
							}
						},
						{
							"origin": [-0.336, 3.85783, -1.36283],
							"size": [0.0735, 0.084, 0.44516],
							"uv": {
								"north": {"uv": [81, 55], "uv_size": [1, 1]},
								"east": {"uv": [76, 66], "uv_size": [2, 1]},
								"south": {"uv": [57, 81], "uv_size": [1, 1]},
								"west": {"uv": [76, 70], "uv_size": [2, 1]},
								"up": {"uv": [0, 76], "uv_size": [1, 2]},
								"down": {"uv": [6, 78], "uv_size": [1, -2]}
							}
						},
						{
							"origin": [-0.336, 4.01533, -1.36283],
							"size": [0.0735, 0.084, 0.44516],
							"uv": {
								"north": {"uv": [59, 81], "uv_size": [1, 1]},
								"east": {"uv": [71, 76], "uv_size": [2, 1]},
								"south": {"uv": [61, 81], "uv_size": [1, 1]},
								"west": {"uv": [74, 76], "uv_size": [2, 1]},
								"up": {"uv": [16, 76], "uv_size": [1, 2]},
								"down": {"uv": [26, 78], "uv_size": [1, -2]}
							}
						},
						{
							"origin": [-0.336, 4.17283, -1.36283],
							"size": [0.0735, 0.084, 0.44516],
							"uv": {
								"north": {"uv": [81, 65], "uv_size": [1, 1]},
								"east": {"uv": [2, 77], "uv_size": [2, 1]},
								"south": {"uv": [67, 81], "uv_size": [1, 1]},
								"west": {"uv": [8, 77], "uv_size": [2, 1]},
								"up": {"uv": [11, 77], "uv_size": [1, 2]},
								"down": {"uv": [18, 79], "uv_size": [1, -2]}
							}
						}
					]
				},
				{
					"name": "positioning2",
					"parent": "gun_main",
					"pivot": [-0.425, 0.24063, 0.075]
				},
				{
					"name": "positioning",
					"pivot": [0, 0, 0]
				},
				{
					"name": "thirdperson_hand",
					"parent": "positioning",
					"pivot": [0, 4.225, 2.82188]
				},
				{
					"name": "ground",
					"parent": "positioning",
					"pivot": [0, 1.1, -0.35]
				},
				{
					"name": "fixed",
					"parent": "positioning",
					"pivot": [0.85625, 3.68594, 0.7],
					"rotation": [0, -90, 0]
				},
				{
					"name": "camera",
					"pivot": [2.53127, 8.67188, 12.50005]
				},
				{
					"name": "views",
					"pivot": [0, 0, 0]
				},
				{
					"name": "refit_view",
					"parent": "views",
					"pivot": [13, 5, 0],
					"rotation": [0, 90, 0]
				},
				{
					"name": "refit_extended_mag_view",
					"parent": "views",
					"pivot": [7, 1, 0],
					"rotation": [0, 112.5, 0]
				},
				{
					"name": "refit_scope_view",
					"parent": "views",
					"pivot": [5, 7, 6],
					"rotation": [0, 47.5, 0]
				},
				{
					"name": "refit_muzzle_view",
					"parent": "views",
					"pivot": [5, 5.35, -8],
					"rotation": [0, 120, 0]
				},
				{
					"name": "idle_view",
					"parent": "views",
					"pivot": [2.53127, 8.67188, 12.50005]
				},
				{
					"name": "iron_view",
					"parent": "views",
					"pivot": [0, 6.50712, 12.09375]
				}
			]
		}
	]
}