{
	"credit": "Made with Blockbench",
	"texture_size": [64, 64],
	"textures": {
		"1": "vs_tournament:block/thruster/thruster0",
        "particle": "vs_tournament:block/thruster/thruster0"
	},
	"elements": [
		{
			"from": [0, 0, 12],
			"to": [16, 16, 16],
			"faces": {
				"north": {"uv": [0, 8, 4, 12], "texture": "#1"},
				"east": {"uv": [5, 8, 4, 12], "texture": "#1"},
				"south": {"uv": [0, 4, 4, 8], "texture": "#1"},
				"west": {"uv": [4, 8, 5, 12], "texture": "#1"},
				"up": {"uv": [5, 12, 4, 8], "rotation": 270, "texture": "#1"},
				"down": {"uv": [4, 8, 5, 12], "rotation": 270, "texture": "#1"}
			}
		},
		{
			"from": [3, 3, 9],
			"to": [13, 13, 12],
			"rotation": {"angle": 0, "axis": "y", "origin": [0, 0, -4]},
			"faces": {
				"north": {"uv": [0, 0, 4, 4], "texture": "#1"},
				"east": {"uv": [3.25, 12, 4.75, 16], "texture": "#1"},
				"south": {"uv": [3.25, 12, 7.25, 16], "texture": "#1"},
				"west": {"uv": [3.25, 12, 4.75, 16], "texture": "#1"},
				"up": {"uv": [4, 16, 0, 14.5], "texture": "#1"},
				"down": {"uv": [4, 14.5, 0, 16], "texture": "#1"}
			}
		},
		{
			"from": [1, 1, 0],
			"to": [15, 3, 12],
			"rotation": {"angle": 0, "axis": "y", "origin": [0, 0, 8]},
			"faces": {
				"north": {"uv": [7.5, 7.5, 11, 7], "texture": "#1"},
				"east": {"uv": [0, 12.5, 3, 12], "texture": "#1"},
				"south": {"uv": [0, 15.5, 3.5, 16], "texture": "#1"},
				"west": {"uv": [3, 12.5, 0, 12], "texture": "#1"},
				"up": {"uv": [7.5, 3, 4, 0], "texture": "#1"},
				"down": {"uv": [7.5, 4.5, 4, 7.5], "texture": "#1"}
			}
		},
		{
			"from": [1, 13, 0],
			"to": [15, 15, 12],
			"rotation": {"angle": 0, "axis": "y", "origin": [0, 0, 8]},
			"faces": {
				"north": {"uv": [7.5, 7, 11, 7.5], "texture": "#1"},
				"east": {"uv": [0, 12, 3, 12.5], "texture": "#1"},
				"south": {"uv": [0, 15.5, 3.5, 16], "texture": "#1"},
				"west": {"uv": [3, 12, 0, 12.5], "texture": "#1"},
				"up": {"uv": [11, 3, 7.5, 0], "texture": "#1"},
				"down": {"uv": [7.5, 0, 4, 3], "texture": "#1"}
			}
		},
		{
			"from": [1, 3, 0],
			"to": [3, 13, 12],
			"rotation": {"angle": 0, "axis": "y", "origin": [0, 0, 8]},
			"faces": {
				"north": {"uv": [15.5, 0, 16, 2.5], "texture": "#1"},
				"east": {"uv": [15.75, 2.5, 12.75, 5], "texture": "#1"},
				"south": {"uv": [0, 13.5, 0.5, 16], "texture": "#1"},
				"west": {"uv": [11.25, 0, 14.25, 2.5], "texture": "#1"},
				"up": {"uv": [0.5, 16, 0, 13], "texture": "#1"},
				"down": {"uv": [0.5, 13, 0, 16], "texture": "#1"}
			}
		},
		{
			"from": [13, 3, 0],
			"to": [15, 13, 12],
			"rotation": {"angle": 0, "axis": "y", "origin": [0, 0, 8]},
			"faces": {
				"north": {"uv": [15, 0, 15.5, 2.5], "texture": "#1"},
				"east": {"uv": [11, 0, 14, 2.5], "texture": "#1"},
				"south": {"uv": [0, 13.5, 0.5, 16], "texture": "#1"},
				"west": {"uv": [12.75, 2.5, 15.75, 5], "texture": "#1"},
				"up": {"uv": [0.5, 16, 0, 13], "texture": "#1"},
				"down": {"uv": [0.5, 13, 0, 16], "texture": "#1"}
			}
		}
	],
	"display": {
		"thirdperson_righthand": {
			"rotation": [75, 45, 0],
			"translation": [0, 2.5, 0],
			"scale": [0.375, 0.375, 0.375]
		},
		"thirdperson_lefthand": {
			"rotation": [75, 45, 0],
			"translation": [0, 2.5, 0],
			"scale": [0.375, 0.375, 0.375]
		},
		"firstperson_righthand": {
			"rotation": [0, 45, 0],
			"scale": [0.4, 0.4, 0.4]
		},
		"firstperson_lefthand": {
			"rotation": [0, 225, 0],
			"scale": [0.4, 0.4, 0.4]
		},
		"ground": {
			"translation": [0, 3, 0],
			"scale": [0.25, 0.25, 0.25]
		},
		"gui": {
			"rotation": [30, 225, 0],
			"scale": [0.625, 0.625, 0.625]
		},
		"head": {
			"rotation": [-90, 0, 0],
			"translation": [0, 1.75, 0]
		},
		"fixed": {
			"scale": [0.5, 0.5, 0.5]
		}
	}
}
