{
	"credit": "Made with Blockbench",
	"ambientocclusion": false,
	"textures": {
		"0": "block/lever",
		"particle": "block/lever"
	},
	"elements": [
		{
			"from": [7, 1, 7],
			"to": [9, 11, 9],
			"rotation": {"angle": 45, "axis": "x", "origin": [8, 1, 8]},
			"faces": {
				"north": {"uv": [14, 6, 16, 16], "texture": "#0"},
				"east": {"uv": [14, 6, 16, 16], "texture": "#0"},
				"south": {"uv": [14, 6, 16, 16], "texture": "#0"},
				"west": {"uv": [14, 6, 16, 16], "texture": "#0"},
				"up": {"uv": [14, 6, 16, 8], "texture": "#0"},
				"down": {"uv": [0, 0, 0, 0], "texture": "#0"}
			}
		},
		{
			"from": [5, -0.02, 4],
			"to": [11, 2.98, 12],
			"faces": {
				"north": {"uv": [0, 0, 3, 6], "rotation": 270, "texture": "#0"},
				"east": {"uv": [3, 6, 11, 9], "texture": "#0"},
				"south": {"uv": [11, 0, 14, 6], "rotation": 90, "texture": "#0"},
				"west": {"uv": [11, 6, 3, 9], "texture": "#0"},
				"up": {"uv": [3, 0, 11, 6], "rotation": 90, "texture": "#0"},
				"down": {"uv": [3, 10, 11, 16], "rotation": 90, "texture": "#0", "cullface": "down"}
			}
		}
	]
}
