{
	"credit": "Made with Blockbench",
	"parent": "block/block",
	"textures": {
		"0": "create:block/andesite_casing",
		"1": "create_connected:block/brass_gearbox_bottom",
		"2": "create_connected:block/brass_gearbox_bottom",
		"3": "create_connected:block/brass_gearbox_bottom",
		"4": "create_connected:block/brass_gearbox_bottom",
		"particle": "create:block/andesite_casing"
	},
	"elements": [
		{
			"name": "Bottom",
			"from": [0, 0, 0],
			"to": [16, 16, 2],
			"faces": {
				"north": {"uv": [0, 0, 16, 16], "texture": "#0"},
				"east": {"uv": [0, 14, 16, 16], "rotation": 270, "texture": "#0"},
				"south": {"uv": [0, 0, 16, 16], "texture": "#0"},
				"west": {"uv": [0, 14, 16, 16], "rotation": 90, "texture": "#0"},
				"up": {"uv": [0, 14, 16, 16], "rotation": 180, "texture": "#0"},
				"down": {"uv": [0, 14, 16, 16], "texture": "#0"}
			}
		},
		{
			"name": "Core",
			"from": [0.95, 0.95, 2],
			"to": [15.05, 15.05, 14],
			"faces": {
				"east": {"uv": [1, 2, 15, 14], "rotation": 270, "texture": "#4"},
				"west": {"uv": [1, 2, 15, 14], "rotation": 90, "texture": "#3"},
				"up": {"uv": [1, 2, 15, 14], "rotation": 180, "texture": "#2"},
				"down": {"uv": [1, 2, 15, 14], "texture": "#1"}
			}
		},
		{
			"name": "Top",
			"from": [0, 0, 14],
			"to": [16, 16, 16],
			"faces": {
				"north": {"uv": [0, 0, 16, 16], "texture": "#0"},
				"east": {"uv": [0, 0, 16, 2], "rotation": 270, "texture": "#0"},
				"south": {"uv": [0, 0, 16, 16], "texture": "#0"},
				"west": {"uv": [0, 0, 16, 2], "rotation": 90, "texture": "#0"},
				"up": {"uv": [0, 0, 16, 2], "rotation": 180, "texture": "#0"},
				"down": {"uv": [0, 0, 16, 2], "texture": "#0"}
			}
		}
	]
}
