{
	"credit": "Made with Blockbench",
	"parent": "block/block",
	"textures": {
		"0": "create:block/axis",
		"3": "create:block/metal_casing",
		"4": "create:block/handlebars_pole",
		"particle": "create:block/axis"
	},
	"elements": [
		{
			"name": "Connector",
			"from": [5, 6, 5],
			"to": [11, 9, 15],
			"rotation": {"angle": 0, "axis": "x", "origin": [0, 3, 3]},
			"faces": {
				"north": {"uv": [5, 0, 11, 3], "rotation": 180, "texture": "#3"},
				"east": {"uv": [13, 4, 16, 14], "rotation": 90, "texture": "#3"},
				"south": {"uv": [5, 13, 11, 16], "texture": "#3"},
				"west": {"uv": [0, 3, 3, 13], "rotation": 270, "texture": "#3"},
				"up": {"uv": [5, 3, 11, 13], "texture": "#3"},
				"down": {"uv": [5, 3, 11, 13], "texture": "#3"}
			}
		},
		{
			"name": "Arm",
			"from": [0, 7, 10],
			"to": [16, 10, 14],
			"rotation": {"angle": 0, "axis": "x", "origin": [0, 3, 3]},
			"faces": {
				"north": {"uv": [0, 0, 16, 3], "rotation": 180, "texture": "#4"},
				"east": {"uv": [0, 4, 3, 8], "rotation": 90, "texture": "#4"},
				"south": {"uv": [0, 0, 16, 3], "texture": "#4"},
				"west": {"uv": [13, 4, 16, 8], "rotation": 90, "texture": "#4"},
				"up": {"uv": [0, 0, 16, 4], "texture": "#4"},
				"down": {"uv": [0, 0, 16, 4], "rotation": 180, "texture": "#4"}
			}
		},
		{
			"name": "Grip",
			"from": [-0.3, 7, 3.5],
			"to": [2.7, 10, 9.5],
			"rotation": {"angle": 22.5, "axis": "y", "origin": [1.2, 12, 11.2]},
			"faces": {
				"north": {"uv": [7, 5, 10, 8], "rotation": 270, "texture": "#0"},
				"east": {"uv": [7, 1, 10, 7], "rotation": 270, "texture": "#0"},
				"south": {"uv": [6, 11, 9, 14], "rotation": 180, "texture": "#0"},
				"west": {"uv": [7, 1, 10, 7], "rotation": 270, "texture": "#0"},
				"up": {"uv": [7, 1, 10, 7], "rotation": 180, "texture": "#0"},
				"down": {"uv": [7, 1, 10, 7], "rotation": 180, "texture": "#0"}
			}
		},
		{
			"name": "Connector",
			"from": [0.2, 7.5, 9.5],
			"to": [2.2, 9.5, 10.5],
			"rotation": {"angle": 22.5, "axis": "y", "origin": [1.2, 12, 11.2]},
			"faces": {
				"north": {"uv": [0, 0, 2, 2], "rotation": 180, "texture": "#4"},
				"east": {"uv": [0, 0, 1, 2], "rotation": 180, "texture": "#4"},
				"south": {"uv": [0, 0, 2, 2], "rotation": 180, "texture": "#4"},
				"west": {"uv": [0, 0, 1, 2], "rotation": 180, "texture": "#4"},
				"up": {"uv": [0, 0, 2, 1], "texture": "#4"},
				"down": {"uv": [0, 0, 2, 1], "texture": "#4"}
			}
		},
		{
			"name": "Connector",
			"from": [13.8, 7.5, 9.5],
			"to": [15.8, 9.5, 10.5],
			"rotation": {"angle": -22.5, "axis": "y", "origin": [14.8, 12, 11.2]},
			"faces": {
				"north": {"uv": [0, 0, 2, 2], "rotation": 180, "texture": "#4"},
				"east": {"uv": [0, 0, 1, 2], "rotation": 180, "texture": "#4"},
				"south": {"uv": [0, 0, 2, 2], "rotation": 180, "texture": "#4"},
				"west": {"uv": [0, 0, 1, 2], "rotation": 180, "texture": "#4"},
				"up": {"uv": [0, 0, 2, 1], "texture": "#4"},
				"down": {"uv": [0, 0, 2, 1], "texture": "#4"}
			}
		},
		{
			"name": "Grip",
			"from": [13.3, 7, 3.5],
			"to": [16.3, 10, 9.5],
			"rotation": {"angle": -22.5, "axis": "y", "origin": [14.8, 12, 11.2]},
			"faces": {
				"north": {"uv": [7, 5, 10, 8], "rotation": 270, "texture": "#0"},
				"east": {"uv": [7, 1, 10, 7], "rotation": 270, "texture": "#0"},
				"south": {"uv": [6, 11, 9, 14], "rotation": 180, "texture": "#0"},
				"west": {"uv": [7, 1, 10, 7], "rotation": 270, "texture": "#0"},
				"up": {"uv": [7, 1, 10, 7], "rotation": 180, "texture": "#0"},
				"down": {"uv": [7, 1, 10, 7], "rotation": 180, "texture": "#0"}
			}
		}
	]
}
