{
	"format_version": "1.12.0",
	"minecraft:geometry": [
		{
			"description": {
				"identifier": "geometry.GunSmith_bench",
				"texture_width": 128,
				"texture_height": 128,
				"visible_bounds_width": 3,
				"visible_bounds_height": 3.5,
				"visible_bounds_offset": [0, 1.25, 0]
			},
			"bones": [
				{
					"name": "bone12",
					"pivot": [16, 0, 0],
					"rotation": [0, 90, 0],
					"cubes": [
						{
							"origin": [8.9665, 22.83, -23.91],
							"size": [0.075, 9.44, 8.85],
							"uv": {
								"west": {"uv": [0, 61], "uv_size": [8.875, 9.5]}
							}
						},
						{
							"origin": [8.85, 21.75, -14.8],
							"size": [0.25, 8, 15.5],
							"uv": {
								"west": {"uv": [48, 60], "uv_size": [15.5, 8]}
							}
						},
						{
							"origin": [10.7, 16, -13.7],
							"size": [11, 0.1, 17],
							"pivot": [16.2, 16.05, -5.2],
							"rotation": [0, -10, 0],
							"uv": {
								"north": {"uv": [79, 26], "uv_size": [11, 0.125]},
								"east": {"uv": [78, 35], "uv_size": [17, 0.125]},
								"south": {"uv": [79, 27], "uv_size": [11, 0.125]},
								"west": {"uv": [78, 46], "uv_size": [17, 0.125]},
								"up": {"uv": [48, 43], "uv_size": [11, 17]},
								"down": {"uv": [59, 60], "uv_size": [11, -17]}
							}
						},
						{
							"origin": [13.13893, 32.99577, -16],
							"size": [1, 2, 8],
							"pivot": [13.13893, 33.99577, -12],
							"rotation": [0, -10, 62.5],
							"uv": {
								"north": {"uv": [68, 78], "uv_size": [1, 2]},
								"east": {"uv": [67, 34], "uv_size": [8, 2]},
								"south": {"uv": [78, 68], "uv_size": [1, 2]},
								"up": {"uv": [71, 73], "uv_size": [1, 8]},
								"down": {"uv": [72, 81], "uv_size": [1, -8]}
							}
						}
					]
				},
				{
					"name": "bone11",
					"parent": "bone12",
					"pivot": [16.9431, 22.20833, -18.88476],
					"rotation": [0, 40, 0],
					"cubes": [
						{
							"origin": [15.7, 17.25, -20.05],
							"size": [2.5, 3.75, 1.75],
							"uv": {
								"north": {"uv": [70, 55], "uv_size": [2.5, 3.75]},
								"east": {"uv": [12, 74], "uv_size": [1.75, 3.75]},
								"south": {"uv": [0, 71], "uv_size": [2.5, 3.75]},
								"west": {"uv": [14, 74], "uv_size": [1.75, 3.75]},
								"up": {"uv": [35, 75], "uv_size": [2.5, 1.75]},
								"down": {"uv": [38, 76.75], "uv_size": [2.5, -1.75]}
							}
						},
						{
							"origin": [15.7, 16, -20.05],
							"size": [2.5, 1.25, 2.5],
							"uv": {
								"north": {"uv": [16, 77], "uv_size": [2.5, 1.25]},
								"east": {"uv": [19, 77], "uv_size": [2.5, 1.25]},
								"south": {"uv": [35, 77], "uv_size": [2.5, 1.25]},
								"west": {"uv": [38, 77], "uv_size": [2.5, 1.25]},
								"up": {"uv": [16, 74], "uv_size": [2.5, 2.5]},
								"down": {"uv": [19, 76.5], "uv_size": [2.5, -2.5]}
							}
						},
						{
							"origin": [15.45, 21, -20.05],
							"size": [3, 3, 2.25],
							"uv": {
								"north": {"uv": [71, 65], "uv_size": [3, 3]},
								"east": {"uv": [73, 73], "uv_size": [2.25, 3]},
								"south": {"uv": [71, 70], "uv_size": [3, 3]},
								"west": {"uv": [3, 74], "uv_size": [2.25, 3]},
								"up": {"uv": [6, 74], "uv_size": [3, 2.25]},
								"down": {"uv": [9, 76.25], "uv_size": [3, -2.25]}
							}
						},
						{
							"origin": [15.9, 24, -19.6],
							"size": [0.7, 5, 0.7],
							"pivot": [16.15, 25.5, -19.35],
							"rotation": [0, -45, 0],
							"uv": {
								"north": {"uv": [30, 75], "uv_size": [0.75, 5]},
								"east": {"uv": [55, 75], "uv_size": [0.75, 5]},
								"south": {"uv": [73, 76], "uv_size": [0.75, 5]},
								"west": {"uv": [76, 73], "uv_size": [0.75, 5]},
								"up": {"uv": [79, 52], "uv_size": [0.75, 0.75]},
								"down": {"uv": [79, 53.75], "uv_size": [0.75, -0.75]}
							}
						},
						{
							"origin": [17.55, 24, -18.85],
							"size": [0.6, 0.5, 0.6],
							"pivot": [17.9, 24.25, -18.6],
							"rotation": [0, -45, 0],
							"uv": {
								"north": {"uv": [80, 7], "uv_size": [0.625, 0.5]},
								"east": {"uv": [80, 8], "uv_size": [0.625, 0.5]},
								"south": {"uv": [80, 9], "uv_size": [0.625, 0.5]},
								"west": {"uv": [80, 10], "uv_size": [0.625, 0.5]},
								"up": {"uv": [79, 79], "uv_size": [0.625, 0.625]},
								"down": {"uv": [6, 80.625], "uv_size": [0.625, -0.625]}
							}
						},
						{
							"origin": [16.55, 24, -18.85],
							"size": [0.6, 0.5, 0.6],
							"pivot": [16.9, 24.25, -18.6],
							"rotation": [0, -45, 0],
							"uv": {
								"north": {"uv": [11, 80], "uv_size": [0.625, 0.5]},
								"east": {"uv": [80, 11], "uv_size": [0.625, 0.5]},
								"south": {"uv": [12, 80], "uv_size": [0.625, 0.5]},
								"west": {"uv": [80, 12], "uv_size": [0.625, 0.5]},
								"up": {"uv": [80, 6], "uv_size": [0.625, 0.625]},
								"down": {"uv": [7, 80.625], "uv_size": [0.625, -0.625]}
							}
						}
					]
				},
				{
					"name": "bone1_illuminated",
					"parent": "bone11",
					"pivot": [19.7, 21, -28.025],
					"cubes": [
						{
							"origin": [15.9375, 21.4875, -17.775],
							"size": [2.0125, 1.025, 0],
							"uv": {
								"south": {"uv": [71.50313, 71.5], "uv_size": [1.99688, 1.01406]}
							}
						}
					]
				},
				{
					"name": "bone9",
					"parent": "bone12",
					"pivot": [19, 8.1, -2.25],
					"rotation": [0, 27.5, 0],
					"cubes": [
						{
							"origin": [17.95, 7.05, -7.75],
							"size": [2.1, 2.1, 1],
							"uv": {
								"north": {"uv": [74, 70], "uv_size": [2.125, 2.125]},
								"east": {"uv": [45, 78], "uv_size": [1, 2.125]},
								"south": {"uv": [75, 30], "uv_size": [2.125, 2.125]},
								"west": {"uv": [46, 78], "uv_size": [1, 2.125]},
								"up": {"uv": [47, 78], "uv_size": [2.125, 1]},
								"down": {"uv": [78, 48], "uv_size": [2.125, -1]}
							}
						},
						{
							"origin": [17.95, 7.05, 2.25],
							"size": [2.1, 2.1, 1],
							"uv": {
								"north": {"uv": [32, 75], "uv_size": [2.125, 2.125]},
								"east": {"uv": [51, 78], "uv_size": [1, 2.125]},
								"south": {"uv": [75, 33], "uv_size": [2.125, 2.125]},
								"west": {"uv": [52, 78], "uv_size": [1, 2.125]},
								"up": {"uv": [78, 48], "uv_size": [2.125, 1]},
								"down": {"uv": [78, 50], "uv_size": [2.125, -1]}
							}
						}
					]
				},
				{
					"name": "bone_illuminated",
					"parent": "bone9",
					"pivot": [19, 8.1, -2.25],
					"cubes": [
						{
							"origin": [18.25, 7.35, -7],
							"size": [1.5, 1.5, 9.5],
							"uv": {
								"north": {"uv": [43, 78], "uv_size": [1.5, 1.5]},
								"east": {"uv": [67, 68], "uv_size": [9.5, 1.5]},
								"south": {"uv": [78, 44], "uv_size": [1.5, 1.5]},
								"west": {"uv": [69, 36], "uv_size": [9.5, 1.5]},
								"up": {"uv": [58, 68], "uv_size": [1.5, 9.5]},
								"down": {"uv": [60, 77.5], "uv_size": [1.5, -9.5]}
							}
						}
					]
				},
				{
					"name": "bone8",
					"parent": "bone12",
					"pivot": [16, 0, 0],
					"cubes": [
						{
							"origin": [7.5, 30, -13],
							"size": [2, 2, 2],
							"uv": {
								"north": {"uv": [76, 38], "uv_size": [2, 2]},
								"east": {"uv": [76, 40], "uv_size": [2, 2]},
								"south": {"uv": [76, 42], "uv_size": [2, 2]},
								"west": {"uv": [76, 44], "uv_size": [2, 2]},
								"up": {"uv": [76, 46], "uv_size": [2, 2]},
								"down": {"uv": [76, 50], "uv_size": [2, -2]}
							}
						},
						{
							"origin": [8.7, 31.9, -12.75],
							"size": [1, 3.25, 1.5],
							"pivot": [8.7, 32.9, -12],
							"rotation": [0, 0, 27.5],
							"uv": {
								"north": {"uv": [76, 59], "uv_size": [1, 3.25]},
								"east": {"uv": [65, 74], "uv_size": [1.5, 3.25]},
								"south": {"uv": [74, 76], "uv_size": [1, 3.25]},
								"west": {"uv": [0, 75], "uv_size": [1.5, 3.25]},
								"up": {"uv": [78, 76], "uv_size": [1, 1.5]},
								"down": {"uv": [78, 79.5], "uv_size": [1, -1.5]}
							}
						},
						{
							"origin": [10.73893, 33.89577, -12.75],
							"size": [1, 3.25, 1.5],
							"pivot": [10.73893, 34.89577, -12],
							"rotation": [0, 0, 90],
							"uv": {
								"north": {"uv": [75, 76], "uv_size": [1, 3.25]},
								"east": {"uv": [25, 75], "uv_size": [1.5, 3.25]},
								"south": {"uv": [3, 77], "uv_size": [1, 3.25]},
								"west": {"uv": [27, 75], "uv_size": [1.5, 3.25]},
								"up": {"uv": [0, 79], "uv_size": [1, 1.5]},
								"down": {"uv": [1, 80.5], "uv_size": [1, -1.5]}
							}
						},
						{
							"origin": [12.13893, 32.99577, -13],
							"size": [1, 2, 2],
							"pivot": [13.13893, 33.99577, -12],
							"rotation": [0, -10, 62.5],
							"uv": {
								"north": {"uv": [61, 78], "uv_size": [1, 2]},
								"east": {"uv": [51, 76], "uv_size": [2, 2]},
								"south": {"uv": [65, 78], "uv_size": [1, 2]},
								"west": {"uv": [53, 76], "uv_size": [2, 2]},
								"up": {"uv": [66, 78], "uv_size": [1, 2]},
								"down": {"uv": [67, 80], "uv_size": [1, -2]}
							}
						}
					]
				},
				{
					"name": "bone7",
					"parent": "bone12",
					"pivot": [15.125, 19.55, 1.425],
					"rotation": [28.13343, 21.84366, 155.06612],
					"cubes": [
						{
							"origin": [14.6, 14.3, 0.3],
							"size": [1, 5, 2],
							"uv": {
								"north": {"uv": [74, 63], "uv_size": [1, 5]},
								"east": {"uv": [52, 70], "uv_size": [2, 5]},
								"south": {"uv": [64, 74], "uv_size": [1, 5]},
								"west": {"uv": [54, 70], "uv_size": [2, 5]},
								"up": {"uv": [74, 30], "uv_size": [1, 2]},
								"down": {"uv": [60, 80], "uv_size": [1, -2]}
							}
						},
						{
							"origin": [15.15, 19.3, 0.55],
							"size": [0, 6, 2],
							"uv": {
								"east": {"uv": [62, 68], "uv_size": [2, 6]}
							}
						}
					]
				},
				{
					"name": "bone2",
					"parent": "bone12",
					"pivot": [12.51664, 16.5, -10.55412],
					"rotation": [0, -17.5, 0],
					"cubes": [
						{
							"origin": [12.11664, 16.1, -11.92079],
							"size": [0.8, 0.8, 4.2],
							"uv": {
								"north": {"uv": [79, 37], "uv_size": [0.75, 0.75]},
								"east": {"uv": [75, 67], "uv_size": [4.25, 0.75]},
								"south": {"uv": [49, 79], "uv_size": [0.75, 0.75]},
								"west": {"uv": [4, 77], "uv_size": [4.25, 0.75]},
								"up": {"uv": [9, 77], "uv_size": [0.75, 4.25]},
								"down": {"uv": [10, 81.25], "uv_size": [0.75, -4.25]}
							}
						},
						{
							"origin": [12.01664, 16, -14.92079],
							"size": [1, 1, 3],
							"uv": {
								"north": {"uv": [74, 50], "uv_size": [1, 1]},
								"east": {"uv": [77, 51], "uv_size": [3, 1]},
								"south": {"uv": [16, 79], "uv_size": [1, 1]},
								"west": {"uv": [77, 55], "uv_size": [3, 1]},
								"up": {"uv": [11, 77], "uv_size": [1, 3]},
								"down": {"uv": [50, 80], "uv_size": [1, -3]}
							}
						},
						{
							"origin": [11.01664, 16, -8.92079],
							"size": [3, 1, 1],
							"uv": {
								"north": {"uv": [41, 77], "uv_size": [3, 1]},
								"east": {"uv": [69, 42], "uv_size": [1, 1]},
								"south": {"uv": [44, 77], "uv_size": [3, 1]},
								"west": {"uv": [70, 59], "uv_size": [1, 1]},
								"up": {"uv": [47, 77], "uv_size": [3, 1]},
								"down": {"uv": [77, 51], "uv_size": [3, -1]}
							}
						}
					]
				},
				{
					"name": "bone3",
					"parent": "bone12",
					"pivot": [16, 1, -8],
					"cubes": [
						{
							"origin": [21, 14, 3],
							"size": [4, 3, 4],
							"uv": {
								"north": {"uv": [70, 42], "uv_size": [4, 3]},
								"east": {"uv": [70, 45], "uv_size": [4, 3]},
								"south": {"uv": [48, 70], "uv_size": [4, 3]},
								"west": {"uv": [70, 48], "uv_size": [4, 3]},
								"up": {"uv": [67, 26], "uv_size": [4, 4]},
								"down": {"uv": [67, 34], "uv_size": [4, -4]}
							}
						},
						{
							"origin": [21, 19, 3],
							"size": [4, 1, 4],
							"uv": {
								"north": {"uv": [51, 75], "uv_size": [4, 1]},
								"east": {"uv": [75, 52], "uv_size": [4, 1]},
								"south": {"uv": [75, 53], "uv_size": [4, 1]},
								"west": {"uv": [75, 54], "uv_size": [4, 1]},
								"up": {"uv": [67, 60], "uv_size": [4, 4]},
								"down": {"uv": [67, 68], "uv_size": [4, -4]}
							}
						},
						{
							"origin": [23.75, 20, 3],
							"size": [1.25, 2, 4],
							"uv": {
								"north": {"uv": [77, 60], "uv_size": [1.25, 2]},
								"east": {"uv": [71, 32], "uv_size": [4, 2]},
								"south": {"uv": [6, 78], "uv_size": [1.25, 2]},
								"west": {"uv": [48, 73], "uv_size": [4, 2]},
								"up": {"uv": [22, 74], "uv_size": [1.25, 4]},
								"down": {"uv": [74, 46], "uv_size": [1.25, -4]}
							}
						},
						{
							"origin": [24.0795, 21.58839, 3],
							"size": [0.75, 1, 4],
							"pivot": [24.2045, 22.08839, 5],
							"rotation": [0, 0, 45],
							"uv": {
								"north": {"uv": [26, 79], "uv_size": [0.75, 1]},
								"east": {"uv": [75, 63], "uv_size": [4, 1]},
								"south": {"uv": [27, 79], "uv_size": [0.75, 1]},
								"west": {"uv": [75, 64], "uv_size": [4, 1]},
								"up": {"uv": [77, 56], "uv_size": [0.75, 4]},
								"down": {"uv": [77, 72], "uv_size": [0.75, -4]}
							}
						},
						{
							"origin": [21.1705, 21.58839, 3],
							"size": [0.75, 1, 4],
							"pivot": [21.7955, 22.08839, 5],
							"rotation": [0, 0, -45],
							"uv": {
								"north": {"uv": [28, 79], "uv_size": [0.75, 1]},
								"east": {"uv": [75, 65], "uv_size": [4, 1]},
								"south": {"uv": [35, 79], "uv_size": [0.75, 1]},
								"west": {"uv": [75, 66], "uv_size": [4, 1]},
								"up": {"uv": [77, 72], "uv_size": [0.75, 4]},
								"down": {"uv": [77, 80], "uv_size": [0.75, -4]}
							}
						},
						{
							"origin": [21, 20, 3],
							"size": [1.25, 2, 4],
							"uv": {
								"north": {"uv": [12, 78], "uv_size": [1.25, 2]},
								"east": {"uv": [73, 55], "uv_size": [4, 2]},
								"south": {"uv": [14, 78], "uv_size": [1.25, 2]},
								"west": {"uv": [73, 57], "uv_size": [4, 2]},
								"up": {"uv": [74, 46], "uv_size": [1.25, 4]},
								"down": {"uv": [74, 63], "uv_size": [1.25, -4]}
							}
						},
						{
							"origin": [22, 17, 4],
							"size": [2, 2, 2],
							"uv": {
								"north": {"uv": [41, 75], "uv_size": [2, 2]},
								"east": {"uv": [43, 75], "uv_size": [2, 2]},
								"south": {"uv": [45, 75], "uv_size": [2, 2]},
								"west": {"uv": [47, 75], "uv_size": [2, 2]},
								"up": {"uv": [49, 75], "uv_size": [2, 2]},
								"down": {"uv": [75, 52], "uv_size": [2, -2]}
							}
						}
					]
				},
				{
					"name": "bone4",
					"parent": "bone12",
					"pivot": [17, 25.75, -20.3],
					"cubes": [
						{
							"origin": [9, 27.75, 1.2],
							"size": [0.5, 1, 2],
							"uv": {
								"north": {"uv": [63, 79], "uv_size": [0.5, 1]},
								"east": {"uv": [58, 78], "uv_size": [2, 1]},
								"south": {"uv": [79, 63], "uv_size": [0.5, 1]},
								"west": {"uv": [78, 58], "uv_size": [2, 1]},
								"up": {"uv": [17, 79], "uv_size": [0.5, 2]},
								"down": {"uv": [18, 81], "uv_size": [0.5, -2]}
							}
						},
						{
							"origin": [9, 28.75, 2.7],
							"size": [0.5, 1, 0.5],
							"uv": {
								"north": {"uv": [64, 79], "uv_size": [0.5, 1]},
								"east": {"uv": [79, 64], "uv_size": [0.5, 1]},
								"south": {"uv": [79, 65], "uv_size": [0.5, 1]},
								"west": {"uv": [79, 66], "uv_size": [0.5, 1]},
								"up": {"uv": [15, 80], "uv_size": [0.5, 0.5]},
								"down": {"uv": [80, 15.5], "uv_size": [0.5, -0.5]}
							}
						},
						{
							"origin": [9, 22.75, 1.7],
							"size": [0.5, 5, 1],
							"uv": {
								"north": {"uv": [8, 78], "uv_size": [0.5, 5]},
								"east": {"uv": [62, 74], "uv_size": [1, 5]},
								"south": {"uv": [22, 78], "uv_size": [0.5, 5]},
								"west": {"uv": [63, 74], "uv_size": [1, 5]},
								"up": {"uv": [79, 61], "uv_size": [0.5, 1]},
								"down": {"uv": [62, 80], "uv_size": [0.5, -1]}
							}
						},
						{
							"origin": [9, 28.75, 1.2],
							"size": [0.5, 1, 0.5],
							"uv": {
								"north": {"uv": [79, 68], "uv_size": [0.5, 1]},
								"east": {"uv": [79, 69], "uv_size": [0.5, 1]},
								"south": {"uv": [79, 73], "uv_size": [0.5, 1]},
								"west": {"uv": [79, 74], "uv_size": [0.5, 1]},
								"up": {"uv": [16, 80], "uv_size": [0.5, 0.5]},
								"down": {"uv": [80, 16.5], "uv_size": [0.5, -0.5]}
							}
						}
					]
				},
				{
					"name": "bone5",
					"parent": "bone12",
					"pivot": [11.8, 19.53084, -15.38235],
					"rotation": [0, 22.5, 0],
					"cubes": [
						{
							"origin": [10.3, 16, -18.75],
							"size": [3, 3, 3],
							"uv": {
								"north": {"uv": [3, 71], "uv_size": [3, 3]},
								"east": {"uv": [6, 71], "uv_size": [3, 3]},
								"south": {"uv": [71, 26], "uv_size": [3, 3]},
								"west": {"uv": [71, 29], "uv_size": [3, 3]},
								"up": {"uv": [71, 59], "uv_size": [3, 3]},
								"down": {"uv": [71, 65], "uv_size": [3, -3]}
							}
						},
						{
							"origin": [11.55, 20.1, -16.75],
							"size": [0.5, 0.5, 4],
							"pivot": [11.8, 20.35, -14.75],
							"rotation": [5, 0, 0],
							"uv": {
								"north": {"uv": [13, 80], "uv_size": [0.5, 0.5]},
								"east": {"uv": [78, 56], "uv_size": [4, 0.5]},
								"south": {"uv": [80, 13], "uv_size": [0.5, 0.5]},
								"west": {"uv": [78, 57], "uv_size": [4, 0.5]},
								"up": {"uv": [53, 78], "uv_size": [0.5, 4]},
								"down": {"uv": [54, 82], "uv_size": [0.5, -4]}
							}
						},
						{
							"origin": [11.55, 20.27336, -12.7794],
							"size": [0.5, 0.5, 1],
							"uv": {
								"north": {"uv": [14, 80], "uv_size": [0.5, 0.5]},
								"east": {"uv": [79, 54], "uv_size": [1, 0.5]},
								"south": {"uv": [80, 14], "uv_size": [0.5, 0.5]},
								"west": {"uv": [58, 79], "uv_size": [1, 0.5]},
								"up": {"uv": [59, 79], "uv_size": [0.5, 1]},
								"down": {"uv": [79, 61], "uv_size": [0.5, -1]}
							}
						},
						{
							"origin": [11.05, 19, -18],
							"size": [1.5, 1.5, 1.5],
							"uv": {
								"north": {"uv": [78, 31], "uv_size": [1.5, 1.5]},
								"east": {"uv": [78, 33], "uv_size": [1.5, 1.5]},
								"south": {"uv": [78, 38], "uv_size": [1.5, 1.5]},
								"west": {"uv": [78, 40], "uv_size": [1.5, 1.5]},
								"up": {"uv": [41, 78], "uv_size": [1.5, 1.5]},
								"down": {"uv": [78, 43.5], "uv_size": [1.5, -1.5]}
							}
						}
					]
				},
				{
					"name": "bone6",
					"parent": "bone12",
					"pivot": [16.95966, 9.39856, -16.25],
					"rotation": [0, 22.5, 0],
					"cubes": [
						{
							"origin": [13.59923, 9.75505, -19.75],
							"size": [5, 0.1, 7],
							"pivot": [16.09923, 9.85505, -16.25],
							"rotation": [0, 0, -20],
							"uv": {
								"north": {"uv": [36, 79], "uv_size": [5, 0.125]},
								"east": {"uv": [79, 28], "uv_size": [7, 0.125]},
								"south": {"uv": [79, 36], "uv_size": [5, 0.125]},
								"west": {"uv": [79, 29], "uv_size": [7, 0.125]},
								"up": {"uv": [64, 36], "uv_size": [5, 7]},
								"down": {"uv": [9, 74], "uv_size": [5, -7]}
							}
						},
						{
							"origin": [18.53343, 9.31108, -18.75],
							"size": [0.1, 0.45, 5],
							"pivot": [16.13343, 9.76108, -16.25],
							"rotation": [0, 0, -20],
							"uv": {
								"north": {"uv": [27, 80], "uv_size": [0.125, 0.5]},
								"east": {"uv": [77, 62], "uv_size": [5, 0.5]},
								"south": {"uv": [28, 80], "uv_size": [0.125, 0.5]},
								"west": {"uv": [78, 30], "uv_size": [5, 0.5]},
								"up": {"uv": [47, 79], "uv_size": [0.125, 5]},
								"down": {"uv": [48, 84], "uv_size": [0.125, -5]}
							}
						},
						{
							"origin": [13.75, 7, -19.75],
							"size": [5, 2, 7],
							"uv": {
								"north": {"uv": [70, 51], "uv_size": [5, 2]},
								"east": {"uv": [69, 38], "uv_size": [7, 2]},
								"south": {"uv": [70, 53], "uv_size": [5, 2]},
								"west": {"uv": [69, 40], "uv_size": [7, 2]},
								"up": {"uv": [14, 67], "uv_size": [5, 7]},
								"down": {"uv": [19, 74], "uv_size": [5, -7]}
							}
						}
					]
				},
				{
					"name": "bone10",
					"parent": "bone12",
					"pivot": [9.5, 26.02885, 5.98116],
					"cubes": [
						{
							"origin": [9.16, 21.34732, 3.6349],
							"size": [0.68, 1.36, 4.08],
							"pivot": [9.5, 22.02732, 5.6749],
							"rotation": [-10, 0, 0],
							"uv": {
								"north": {"uv": [19, 79], "uv_size": [0.625, 1.375]},
								"east": {"uv": [74, 26], "uv_size": [4.125, 1.375]},
								"south": {"uv": [20, 79], "uv_size": [0.625, 1.375]},
								"west": {"uv": [74, 28], "uv_size": [4.125, 1.375]},
								"up": {"uv": [4, 78], "uv_size": [0.625, 4.125]},
								"down": {"uv": [5, 82.125], "uv_size": [0.625, -4.125]}
							}
						},
						{
							"origin": [9.16, 22.77923, 3.78397],
							"size": [0.68, 7.48, 1.19],
							"uv": {
								"north": {"uv": [2, 75], "uv_size": [0.625, 7.5]},
								"east": {"uv": [67, 70], "uv_size": [1.25, 7.5]},
								"south": {"uv": [29, 75], "uv_size": [0.625, 7.5]},
								"west": {"uv": [69, 70], "uv_size": [1.25, 7.5]},
								"up": {"uv": [21, 79], "uv_size": [0.625, 1.25]},
								"down": {"uv": [25, 80.25], "uv_size": [0.625, -1.25]}
							}
						},
						{
							"origin": [9.16, 29.57923, 4.97397],
							"size": [0.68, 0.68, 2.55],
							"uv": {
								"north": {"uv": [79, 75], "uv_size": [0.625, 0.625]},
								"east": {"uv": [78, 59], "uv_size": [2.5, 0.625]},
								"south": {"uv": [79, 76], "uv_size": [0.625, 0.625]},
								"west": {"uv": [78, 70], "uv_size": [2.5, 0.625]},
								"up": {"uv": [69, 78], "uv_size": [0.625, 2.5]},
								"down": {"uv": [70, 80.5], "uv_size": [0.625, -2.5]}
							}
						},
						{
							"origin": [9.16, 24.13923, 4.97397],
							"size": [0.68, 0.68, 2.55],
							"uv": {
								"north": {"uv": [79, 77], "uv_size": [0.625, 0.625]},
								"east": {"uv": [78, 71], "uv_size": [2.5, 0.625]},
								"south": {"uv": [79, 78], "uv_size": [0.625, 0.625]},
								"west": {"uv": [78, 72], "uv_size": [2.5, 0.625]},
								"up": {"uv": [78, 73], "uv_size": [0.625, 2.5]},
								"down": {"uv": [76, 80.5], "uv_size": [0.625, -2.5]}
							}
						},
						{
							"origin": [9.33, 24.03923, 7.08397],
							"size": [0.34, 6.32, 0.34],
							"uv": {
								"north": {"uv": [23, 78], "uv_size": [0.375, 6.375]},
								"east": {"uv": [32, 78], "uv_size": [0.375, 6.375]},
								"south": {"uv": [33, 78], "uv_size": [0.375, 6.375]},
								"west": {"uv": [34, 78], "uv_size": [0.375, 6.375]},
								"up": {"uv": [80, 17], "uv_size": [0.375, 0.375]},
								"down": {"uv": [26, 80.375], "uv_size": [0.375, -0.375]}
							}
						}
					]
				},
				{
					"name": "bone13",
					"parent": "bone12",
					"pivot": [16, 16, -16],
					"cubes": [
						{
							"origin": [8.1, 0, 5.1],
							"size": [15.8, 13.5, 2.8],
							"uv": {
								"north": {"uv": [0, 47], "uv_size": [15.75, 13.5]},
								"east": {"uv": [25, 61], "uv_size": [2.75, 13.5]},
								"south": {"uv": [16, 47], "uv_size": [15.75, 13.5]},
								"west": {"uv": [28, 61], "uv_size": [2.75, 13.5]},
								"up": {"uv": [9, 61], "uv_size": [15.75, 2.75]},
								"down": {"uv": [64, 8.75], "uv_size": [15.75, -2.75]}
							}
						},
						{
							"origin": [8.1, 0, -23.9],
							"size": [15.8, 13.5, 2.8],
							"uv": {
								"north": {"uv": [48, 15], "uv_size": [15.75, 13.5]},
								"east": {"uv": [64, 22], "uv_size": [2.75, 13.5]},
								"south": {"uv": [48, 29], "uv_size": [15.75, 13.5]},
								"west": {"uv": [64, 60], "uv_size": [2.75, 13.5]},
								"up": {"uv": [9, 64], "uv_size": [15.75, 2.75]},
								"down": {"uv": [64, 11.75], "uv_size": [15.75, -2.75]}
							}
						},
						{
							"origin": [8, 13.5, -24],
							"size": [16, 2.5, 32],
							"uv": {
								"north": {"uv": [64, 12], "uv_size": [16, 2.5]},
								"east": {"uv": [64, 0], "uv_size": [32, 2.5]},
								"south": {"uv": [64, 15], "uv_size": [16, 2.5]},
								"west": {"uv": [64, 3], "uv_size": [32, 2.5]},
								"up": {"uv": [0, 0], "uv_size": [16, 32]},
								"down": {"uv": [16, 32], "uv_size": [16, -32]}
							}
						},
						{
							"origin": [8.5, 5.75, -23],
							"size": [16, 1.25, 30],
							"uv": {
								"north": {"uv": [67, 22], "uv_size": [16, 1.25]},
								"east": {"uv": [64, 18], "uv_size": [30, 1.25]},
								"south": {"uv": [67, 24], "uv_size": [16, 1.25]},
								"west": {"uv": [64, 20], "uv_size": [30, 1.25]},
								"up": {"uv": [32, 15], "uv_size": [16, 30]},
								"down": {"uv": [32, 75], "uv_size": [16, -30]}
							}
						},
						{
							"origin": [8, 16, -24],
							"size": [1, 15, 32],
							"uv": {
								"north": {"uv": [56, 68], "uv_size": [1, 15]},
								"east": {"uv": [0, 32], "uv_size": [32, 15]},
								"south": {"uv": [57, 68], "uv_size": [1, 15]},
								"west": {"uv": [32, 0], "uv_size": [32, 15]},
								"up": {"uv": [31, 61], "uv_size": [1, 32]},
								"down": {"uv": [24, 99], "uv_size": [1, -32]}
							}
						}
					]
				},
				{
					"name": "light_tube_illuminated",
					"parent": "bone12",
					"pivot": [-7, 29.75, 1.75],
					"cubes": [
						{
							"origin": [14.13893, 32.99577, -16],
							"size": [0, 2, 8],
							"pivot": [13.13893, 33.99577, -12],
							"rotation": [0, -10, 62.5],
							"uv": {
								"west": {"uv": [48, 68], "uv_size": [8, 2]}
							}
						}
					]
				}
			]
		}
	]
}