{
	"credit": "Made with Blockbench",
	"textures": {
		"1": "drivebywire:item/wire_cutter",
		"particle": "drivebywire:item/wire_cutter"
	},
	"elements": [
		{
			"from": [7.65, 9.5, 7],
			"to": [8.35, 11.25, 9],
			"rotation": {"angle": 0, "axis": "y", "origin": [6.5, 9.25, 7]},
			"faces": {
				"north": {"uv": [6, 0, 7, 4], "texture": "#1"},
				"east": {"uv": [0, 0, 2, 4], "texture": "#1"},
				"south": {"uv": [6, 4, 7, 8], "texture": "#1"},
				"west": {"uv": [2, 0, 4, 4], "texture": "#1"},
				"up": {"uv": [8, 11, 7, 10], "texture": "#1"},
				"down": {"uv": [8, 2, 7, 4], "texture": "#1"}
			}
		},
		{
			"from": [7.65, 9.5, 7],
			"to": [8.35, 11.75, 7],
			"rotation": {"angle": 0, "axis": "y", "origin": [6.5, 9.25, 7]},
			"faces": {
				"north": {"uv": [6, 0, 7, 4], "texture": "#1"},
				"east": {"uv": [0, 0, 2, 4], "texture": "#1"},
				"south": {"uv": [6, 4, 7, 8], "texture": "#1"},
				"west": {"uv": [2, 0, 4, 4], "texture": "#1"},
				"up": {"uv": [8, 2, 7, 0], "texture": "#1"},
				"down": {"uv": [8, 2, 7, 4], "texture": "#1"}
			}
		},
		{
			"from": [7.65, 9.5, 8.5],
			"to": [8.35, 11.75, 9],
			"rotation": {"angle": 0, "axis": "y", "origin": [6.5, 9.25, 7]},
			"faces": {
				"north": {"uv": [8, 10, 9, 11], "texture": "#1"},
				"east": {"uv": [0, 0, 2, 4], "texture": "#1"},
				"south": {"uv": [6, 4, 7, 8], "texture": "#1"},
				"west": {"uv": [2, 0, 4, 4], "texture": "#1"},
				"up": {"uv": [9, 11, 8, 10], "texture": "#1"},
				"down": {"uv": [9, 10, 8, 11], "texture": "#1"}
			}
		},
		{
			"from": [7.65, 9, 8.35],
			"to": [8.35, 9.75, 9.15],
			"rotation": {"angle": -22.5, "axis": "x", "origin": [8, 9.25, 8.875]},
			"faces": {
				"north": {"uv": [6, 0, 7, 4], "texture": "#1"},
				"east": {"uv": [0, 0, 2, 4], "texture": "#1"},
				"south": {"uv": [6, 4, 7, 8], "texture": "#1"},
				"west": {"uv": [2, 0, 4, 4], "texture": "#1"},
				"up": {"uv": [8, 2, 7, 0], "texture": "#1"},
				"down": {"uv": [8, 2, 7, 4], "texture": "#1"}
			}
		},
		{
			"from": [7.65, 9, 6.85],
			"to": [8.35, 9.75, 7.65],
			"rotation": {"angle": 22.5, "axis": "x", "origin": [8, 9.25, 7.125]},
			"faces": {
				"north": {"uv": [6, 0, 7, 4], "texture": "#1"},
				"east": {"uv": [0, 0, 2, 4], "texture": "#1"},
				"south": {"uv": [6, 4, 7, 8], "texture": "#1"},
				"west": {"uv": [2, 0, 4, 4], "texture": "#1"},
				"up": {"uv": [8, 2, 7, 0], "texture": "#1"},
				"down": {"uv": [8, 2, 7, 4], "texture": "#1"}
			}
		},
		{
			"from": [7.65, 11.63579, 6.28995],
			"to": [8.35, 12.04579, 7.69995],
			"rotation": {"angle": 45, "axis": "x", "origin": [6.5, 10.33579, 7.98995]},
			"faces": {
				"north": {"uv": [8, 10, 9, 11], "texture": "#1"},
				"east": {"uv": [9, 4, 10, 5], "texture": "#1"},
				"south": {"uv": [9, 5, 10, 6], "texture": "#1"},
				"west": {"uv": [9, 6, 10, 7], "texture": "#1"},
				"up": {"uv": [10, 8, 9, 7], "texture": "#1"},
				"down": {"uv": [9, 9, 8, 10], "texture": "#1"}
			}
		},
		{
			"from": [7.55, 11.24856, 7.64913],
			"to": [8.45, 11.95856, 8.35913],
			"rotation": {"angle": 22.5, "axis": "x", "origin": [8, 11.60356, 8.00413]},
			"faces": {
				"north": {"uv": [9, 3, 10, 4], "texture": "#1"},
				"east": {"uv": [9, 8, 10, 9], "texture": "#1"},
				"south": {"uv": [9, 5, 10, 6], "texture": "#1"},
				"west": {"uv": [9, 8, 10, 9], "texture": "#1"},
				"up": {"uv": [10, 8, 9, 7], "texture": "#1"},
				"down": {"uv": [9, 9, 8, 10], "texture": "#1"}
			}
		},
		{
			"from": [7.65, 11.34856, 7.54913],
			"to": [8.35, 11.95856, 8.35913],
			"rotation": {"angle": 22.5, "axis": "x", "origin": [8, 11.60356, 8.00413]},
			"faces": {
				"north": {"uv": [9, 3, 10, 4], "texture": "#1"},
				"east": {"uv": [9, 6, 10, 7], "texture": "#1"},
				"south": {"uv": [8, 10, 9, 11], "texture": "#1"},
				"west": {"uv": [10, 0, 11, 1], "texture": "#1"},
				"up": {"uv": [9, 11, 8, 10], "texture": "#1"},
				"down": {"uv": [9, 10, 8, 11], "texture": "#1"}
			}
		},
		{
			"from": [7.65, 11.14856, 7.82413],
			"to": [8.35, 12.08356, 8.55913],
			"rotation": {"angle": 0, "axis": "x", "origin": [8, 11.50356, 8.20413]},
			"faces": {
				"north": {"uv": [9, 3, 10, 4], "texture": "#1"},
				"east": {"uv": [9, 6, 10, 7], "texture": "#1"},
				"south": {"uv": [9, 5, 10, 6], "texture": "#1"},
				"west": {"uv": [9, 6, 10, 7], "texture": "#1"},
				"up": {"uv": [10, 7, 9, 6], "texture": "#1"},
				"down": {"uv": [9, 9, 8, 10], "texture": "#1"}
			}
		},
		{
			"from": [7.45, 11.44856, 7.84913],
			"to": [8.55, 11.75856, 8.15913],
			"rotation": {"angle": 22.5, "axis": "x", "origin": [8, 11.60356, 8.00413]},
			"faces": {
				"north": {"uv": [9, 3, 10, 4], "texture": "#1"},
				"east": {"uv": [9, 9, 10, 10], "texture": "#1"},
				"south": {"uv": [9, 5, 10, 6], "texture": "#1"},
				"west": {"uv": [9, 9, 10, 10], "texture": "#1"},
				"up": {"uv": [10, 8, 9, 7], "texture": "#1"},
				"down": {"uv": [9, 9, 8, 10], "texture": "#1"}
			}
		},
		{
			"from": [7.45, 9.93579, 6.88995],
			"to": [8.55, 10.24579, 7.19995],
			"rotation": {"angle": 45, "axis": "x", "origin": [6.5, 8.33579, 7.78995]},
			"faces": {
				"north": {"uv": [9, 3, 10, 4], "texture": "#1"},
				"east": {"uv": [9, 9, 10, 10], "texture": "#1"},
				"south": {"uv": [9, 5, 10, 6], "texture": "#1"},
				"west": {"uv": [9, 9, 10, 10], "texture": "#1"},
				"up": {"uv": [10, 8, 9, 7], "texture": "#1"},
				"down": {"uv": [9, 9, 8, 10], "texture": "#1"}
			}
		},
		{
			"from": [7.55, 9.83579, 6.78995],
			"to": [8.45, 10.34579, 7.29995],
			"rotation": {"angle": 45, "axis": "x", "origin": [6.5, 8.33579, 7.78995]},
			"faces": {
				"north": {"uv": [9, 3, 10, 4], "texture": "#1"},
				"east": {"uv": [9, 8, 10, 9], "texture": "#1"},
				"south": {"uv": [9, 5, 10, 6], "texture": "#1"},
				"west": {"uv": [9, 8, 10, 9], "texture": "#1"},
				"up": {"uv": [10, 8, 9, 7], "texture": "#1"},
				"down": {"uv": [9, 9, 8, 10], "texture": "#1"}
			}
		},
		{
			"from": [7.45, 9.93579, 5.88995],
			"to": [8.55, 10.24579, 6.19995],
			"rotation": {"angle": 45, "axis": "x", "origin": [6.5, 8.33579, 6.78995]},
			"faces": {
				"north": {"uv": [9, 3, 10, 4], "texture": "#1"},
				"east": {"uv": [9, 9, 10, 10], "texture": "#1"},
				"south": {"uv": [9, 5, 10, 6], "texture": "#1"},
				"west": {"uv": [9, 9, 10, 10], "texture": "#1"},
				"up": {"uv": [10, 8, 9, 7], "texture": "#1"},
				"down": {"uv": [9, 9, 8, 10], "texture": "#1"}
			}
		},
		{
			"from": [7.55, 9.83579, 5.78995],
			"to": [8.45, 10.34579, 6.29995],
			"rotation": {"angle": 45, "axis": "x", "origin": [6.5, 8.33579, 6.78995]},
			"faces": {
				"north": {"uv": [9, 3, 10, 4], "texture": "#1"},
				"east": {"uv": [9, 8, 10, 9], "texture": "#1"},
				"south": {"uv": [9, 5, 10, 6], "texture": "#1"},
				"west": {"uv": [9, 8, 10, 9], "texture": "#1"},
				"up": {"uv": [10, 8, 9, 7], "texture": "#1"},
				"down": {"uv": [9, 9, 8, 10], "texture": "#1"}
			}
		},
		{
			"from": [7.65, 11.28693, 6.97899],
			"to": [8.35, 11.78693, 8.38899],
			"rotation": {"angle": 22.5, "axis": "x", "origin": [8, 11.71565, 6.89666]},
			"faces": {
				"north": {"uv": [9, 3, 10, 4], "texture": "#1"},
				"east": {"uv": [9, 4, 10, 5], "texture": "#1"},
				"south": {"uv": [8, 10, 9, 11], "texture": "#1"},
				"west": {"uv": [9, 6, 10, 7], "texture": "#1"},
				"up": {"uv": [10, 8, 9, 7], "texture": "#1"},
				"down": {"uv": [9, 10, 8, 11], "texture": "#1"}
			}
		},
		{
			"from": [7.65, 10.93586, 6.74452],
			"to": [8.35, 11.44586, 7.24452],
			"rotation": {"angle": -22.5, "axis": "x", "origin": [8, 11.52819, 7.17323]},
			"faces": {
				"north": {"uv": [9, 9, 8, 10], "rotation": 180, "texture": "#1"},
				"east": {"uv": [9, 4, 10, 5], "rotation": 270, "texture": "#1"},
				"south": {"uv": [9, 11, 8, 10], "texture": "#1"},
				"west": {"uv": [9, 6, 10, 7], "rotation": 90, "texture": "#1"},
				"up": {"uv": [8, 10, 9, 11], "rotation": 180, "texture": "#1"},
				"down": {"uv": [8, 10, 9, 11], "texture": "#1"}
			}
		},
		{
			"from": [7.65, 12.05962, 6.75558],
			"to": [8.35, 12.21962, 8.16558],
			"rotation": {"angle": 0, "axis": "x", "origin": [8, 12.45567, 6.67066]},
			"faces": {
				"north": {"uv": [9, 3, 10, 4], "texture": "#1"},
				"east": {"uv": [9, 4, 10, 5], "texture": "#1"},
				"south": {"uv": [8, 10, 9, 11], "texture": "#1"},
				"west": {"uv": [9, 6, 10, 7], "texture": "#1"},
				"up": {"uv": [9, 11, 8, 10], "texture": "#1"},
				"down": {"uv": [9, 9, 8, 10], "texture": "#1"}
			}
		},
		{
			"from": [7.65, 12.06204, 7.36775],
			"to": [8.35, 12.22204, 8.77775],
			"rotation": {"angle": -22.5, "axis": "x", "origin": [6.5, 10.52204, 7.06775]},
			"faces": {
				"north": {"uv": [9, 9, 8, 10], "rotation": 180, "texture": "#1"},
				"east": {"uv": [9, 4, 10, 5], "rotation": 270, "texture": "#1"},
				"south": {"uv": [10, 8, 9, 7], "texture": "#1"},
				"west": {"uv": [9, 6, 10, 7], "rotation": 90, "texture": "#1"},
				"up": {"uv": [9, 3, 10, 4], "rotation": 180, "texture": "#1"},
				"down": {"uv": [9, 5, 10, 6], "texture": "#1"}
			}
		},
		{
			"from": [7.65, 12.2, 7.1],
			"to": [8.35, 12.41, 8.01],
			"rotation": {"angle": -22.5, "axis": "x", "origin": [8, 12.34159, 7.46869]},
			"faces": {
				"north": {"uv": [9, 9, 8, 10], "rotation": 180, "texture": "#1"},
				"east": {"uv": [9, 4, 10, 5], "rotation": 270, "texture": "#1"},
				"south": {"uv": [10, 8, 9, 7], "texture": "#1"},
				"west": {"uv": [9, 6, 10, 7], "rotation": 90, "texture": "#1"},
				"up": {"uv": [9, 3, 10, 4], "rotation": 180, "texture": "#1"},
				"down": {"uv": [9, 5, 10, 6], "texture": "#1"}
			}
		},
		{
			"from": [7.65, 12.115, 7.5],
			"to": [8.35, 12.315, 8.21],
			"rotation": {"angle": -22.5, "axis": "x", "origin": [8, 12.24159, 7.66869]},
			"faces": {
				"north": {"uv": [9, 9, 8, 10], "rotation": 180, "texture": "#1"},
				"east": {"uv": [9, 4, 10, 5], "rotation": 270, "texture": "#1"},
				"south": {"uv": [10, 8, 9, 7], "texture": "#1"},
				"west": {"uv": [9, 6, 10, 7], "rotation": 90, "texture": "#1"},
				"up": {"uv": [9, 3, 10, 4], "rotation": 180, "texture": "#1"},
				"down": {"uv": [9, 5, 10, 6], "texture": "#1"}
			}
		},
		{
			"from": [7.5, 2.36365, 9.07821],
			"to": [8.5, 7.36365, 10.07821],
			"rotation": {"angle": 0, "axis": "y", "origin": [8, 8.36365, 8.57821]},
			"faces": {
				"north": {"uv": [0, 4, 1, 9], "texture": "#1"},
				"east": {"uv": [4, 0, 5, 5], "texture": "#1"},
				"south": {"uv": [1, 4, 2, 9], "texture": "#1"},
				"west": {"uv": [2, 4, 3, 9], "texture": "#1"},
				"up": {"uv": [9, 9, 8, 8], "texture": "#1"},
				"down": {"uv": [1, 9, 0, 10], "texture": "#1"}
			}
		},
		{
			"from": [7.5, 7.17231, 5.88373],
			"to": [8.5, 9.17231, 6.88373],
			"rotation": {"angle": 22.5, "axis": "x", "origin": [8, 7.17231, 6.38373]},
			"faces": {
				"north": {"uv": [8, 4, 9, 6], "texture": "#1"},
				"east": {"uv": [6, 8, 7, 10], "texture": "#1"},
				"south": {"uv": [8, 6, 9, 8], "texture": "#1"},
				"west": {"uv": [7, 8, 8, 10], "texture": "#1"},
				"up": {"uv": [10, 3, 9, 2], "texture": "#1"},
				"down": {"uv": [4, 9, 3, 10], "texture": "#1"}
			}
		},
		{
			"from": [7.4, 9.07231, 5.78373],
			"to": [8.6, 9.17231, 6.98373],
			"rotation": {"angle": 22.5, "axis": "x", "origin": [8, 7.17231, 6.38373]},
			"faces": {
				"north": {"uv": [8, 5, 9, 6], "texture": "#1"},
				"east": {"uv": [6, 9, 7, 10], "texture": "#1"},
				"south": {"uv": [8, 7, 9, 8], "texture": "#1"},
				"west": {"uv": [7, 9, 8, 10], "texture": "#1"},
				"up": {"uv": [10, 3, 9, 2], "texture": "#1"},
				"down": {"uv": [4, 9, 3, 10], "texture": "#1"}
			}
		},
		{
			"from": [7.5, 7.17231, 9.11627],
			"to": [8.5, 9.17231, 10.11627],
			"rotation": {"angle": -22.5, "axis": "x", "origin": [8, 7.17231, 9.61627]},
			"faces": {
				"north": {"uv": [7, 4, 8, 6], "texture": "#1"},
				"east": {"uv": [7, 6, 8, 8], "texture": "#1"},
				"south": {"uv": [8, 0, 9, 2], "texture": "#1"},
				"west": {"uv": [8, 2, 9, 4], "texture": "#1"},
				"up": {"uv": [10, 2, 9, 1], "texture": "#1"},
				"down": {"uv": [3, 9, 2, 10], "texture": "#1"}
			}
		},
		{
			"from": [7.4, 9.07231, 9.01627],
			"to": [8.6, 9.17231, 10.21627],
			"rotation": {"angle": -22.5, "axis": "x", "origin": [8, 7.17231, 9.61627]},
			"faces": {
				"north": {"uv": [7, 5, 8, 6], "texture": "#1"},
				"east": {"uv": [7, 7, 8, 8], "texture": "#1"},
				"south": {"uv": [8, 1, 9, 2], "texture": "#1"},
				"west": {"uv": [8, 3, 9, 4], "texture": "#1"},
				"up": {"uv": [10, 2, 9, 1], "texture": "#1"},
				"down": {"uv": [3, 9, 2, 10], "texture": "#1"}
			}
		},
		{
			"from": [7.5, 2.36365, 5.92179],
			"to": [8.5, 7.36365, 6.92179],
			"rotation": {"angle": 0, "axis": "y", "origin": [8, 8.36365, 7.42179]},
			"faces": {
				"north": {"uv": [3, 4, 4, 9], "texture": "#1"},
				"east": {"uv": [5, 0, 6, 5], "texture": "#1"},
				"south": {"uv": [4, 5, 5, 10], "texture": "#1"},
				"west": {"uv": [5, 5, 6, 10], "texture": "#1"},
				"up": {"uv": [10, 1, 9, 0], "texture": "#1"},
				"down": {"uv": [2, 9, 1, 10], "texture": "#1"}
			}
		}
	],
	"display": {
		"thirdperson_righthand": {
			"scale": [1.5, 1.5, 1.5]
		},
		"thirdperson_lefthand": {
			"scale": [1.5, 1.5, 1.5]
		},
		"firstperson_righthand": {
			"scale": [1.5, 1.5, 1.5]
		},
		"firstperson_lefthand": {
			"scale": [1.5, 1.5, 1.5]
		},
		"ground": {
			"scale": [1.5, 1.5, 1.5]
		},
		"gui": {
			"rotation": [0, -46, 39],
			"translation": [-1, 1, 0],
			"scale": [1.5, 1.5, 1.5]
		},
		"fixed": {
			"rotation": [0, 90, 0],
			"scale": [1.5, 1.5, 1.5]
		}
	}
}