{
	"format_version": "1.8.0",
	"animations": {
		"static_idle": {
			"animation_length": 0.52,
			"bones": {
				"root": {
					"rotation": [0, 0, 0],
					"position": [0, 0, 0]
				},
				"lefthand": {
					"rotation": [119.72251, -14.35077, -196.61051],
					"position": [7.4975, -13.1125, -4.42],
					"scale": [1, 1.5, 1]
				},
				"righthand": {
					"rotation": [103.77062, 14.64903, -172.27149],
					"position": [-6.85, -13.4, 2.3],
					"scale": [1, 1.5, 1]
				},
				"mag_and_lh": {
					"rotation": [0, 0, 0],
					"position": [0, 0, 0]
				},
				"constraint": {
					"rotation": [0.2, 0.2, 0.2],
					"position": [0.2, 0.2, 0.2]
				},
				"camera": {
					"rotation": [0, 0, 0],
					"position": [0, 0, 0]
				}
			}
		},
		"reload_tactical": {
			"animation_length": 2.5185,
			"bones": {
				"mag_release": {
					"position": {
						"0.7407": {
							"pre": [0, 0, 0],
							"post": [0, 0, 0],
							"lerp_mode": "catmullrom"
						},
						"0.8148": {
							"post": [0.26563, 0, 0],
							"lerp_mode": "catmullrom"
						},
						"0.8889": [0, 0, 0],
						"1.2963": [0, 0, 0],
						"1.3333": {
							"pre": [0.26563, 0, 0],
							"post": [0.26563, 0, 0],
							"lerp_mode": "catmullrom"
						},
						"1.3704": [0, 0, 0]
					}
				},
				"root": {
					"rotation": {
						"0.0": {
							"post": [0, 0, 0],
							"lerp_mode": "catmullrom"
						},
						"0.1111": {
							"post": [-0.67997, -0.46749, 10.37018],
							"lerp_mode": "catmullrom"
						},
						"0.2593": {
							"post": [-11.93854, -10.47597, -16.50884],
							"lerp_mode": "catmullrom"
						},
						"0.3704": {
							"post": [-7.92962, -9.30593, -24.64442],
							"lerp_mode": "catmullrom"
						},
						"0.4815": {
							"post": [-9.45577, -10.71374, -17.55144],
							"lerp_mode": "catmullrom"
						},
						"0.5926": {
							"post": [-11.85315, -10.00534, -22.61331],
							"lerp_mode": "catmullrom"
						},
						"0.6667": {
							"post": [-10.95404, -6.9333, -17.2399],
							"lerp_mode": "catmullrom"
						},
						"0.7407": {
							"post": [-4.40574, -4.48917, -16.24876],
							"lerp_mode": "catmullrom"
						},
						"0.7778": {
							"post": [-5.87, -3.86, -15.46],
							"lerp_mode": "catmullrom"
						},
						"0.8519": {
							"post": [-17.81305, -5.89098, -17.55467],
							"lerp_mode": "catmullrom"
						},
						"0.9259": {
							"post": [-12.26773, -6.62484, -31.41155],
							"lerp_mode": "catmullrom"
						},
						"1.0": {
							"post": [-14.7, -4.79, -28.3],
							"lerp_mode": "catmullrom"
						},
						"1.0741": {
							"post": [-15.51132, -4.10305, -19.14636],
							"lerp_mode": "catmullrom"
						},
						"1.1111": {
							"post": [-11.32311, -1.37186, -25.83254],
							"lerp_mode": "catmullrom"
						},
						"1.1852": {
							"post": [-8.51812, -2.00687, -22.32312],
							"lerp_mode": "catmullrom"
						},
						"1.2593": {
							"post": [-9.40302, -2.66573, -22.79518],
							"lerp_mode": "catmullrom"
						},
						"1.3704": {
							"post": [-13.9259, -6.80941, -19.85937],
							"lerp_mode": "catmullrom"
						},
						"1.4074": {
							"post": [-10.93641, -4.96817, -9.14733],
							"lerp_mode": "catmullrom"
						},
						"1.5185": {
							"post": [-6.46927, -7.74737, -24.53207],
							"lerp_mode": "catmullrom"
						},
						"1.6667": {
							"post": [2.92096, 2.17743, -15.02504],
							"lerp_mode": "catmullrom"
						},
						"1.8148": {
							"post": [9.64515, -3.7773, 1.4142],
							"lerp_mode": "catmullrom"
						},
						"1.9259": {
							"post": [1.58252, -7.54015, 0.32543],
							"lerp_mode": "catmullrom"
						},
						"2.037": {
							"post": [1.66031, -1.2456, 9.02063],
							"lerp_mode": "catmullrom"
						},
						"2.1111": {
							"post": [1.52534, 1.53911, -0.90346],
							"lerp_mode": "catmullrom"
						},
						"2.1852": {
							"post": [-0.17371, 0.86146, -0.43694],
							"lerp_mode": "catmullrom"
						},
						"2.2593": {
							"post": [0.24996, -0.00436, 1.49999],
							"lerp_mode": "catmullrom"
						},
						"2.3704": {
							"post": [0.00218, 0.24999, -0.75],
							"lerp_mode": "catmullrom"
						},
						"2.4815": {
							"post": [0, 0, 0],
							"lerp_mode": "catmullrom"
						}
					},
					"position": {
						"0.0": {
							"post": [0, 0, 0],
							"lerp_mode": "catmullrom"
						},
						"0.0741": {
							"post": [-0.48312, -0.625, -0.69],
							"lerp_mode": "catmullrom"
						},
						"0.2222": {
							"post": [0.17907, 0.7193, -3.44444],
							"lerp_mode": "catmullrom"
						},
						"0.5185": {
							"post": [-0.35, 0.01, -4.92],
							"lerp_mode": "catmullrom"
						},
						"0.5926": {
							"post": [0.02, 0.52, -4.31],
							"lerp_mode": "catmullrom"
						},
						"0.6296": {
							"post": [-0.28561, 0.72915, -4.66639],
							"lerp_mode": "catmullrom"
						},
						"0.7037": {
							"post": [-0.7, 0.41, -4.43],
							"lerp_mode": "catmullrom"
						},
						"0.7778": {
							"post": [-0.74, -1.41, -4.27],
							"lerp_mode": "catmullrom"
						},
						"0.8519": {
							"post": [-0.58, -0.57, -3.26],
							"lerp_mode": "catmullrom"
						},
						"0.9259": {
							"post": [-0.29, 0.81, -2.27],
							"lerp_mode": "catmullrom"
						},
						"1.037": {
							"post": [-0.52, 1.38, -2.49],
							"lerp_mode": "catmullrom"
						},
						"1.1111": {
							"post": [-0.521, 0.35247, -2.81397],
							"lerp_mode": "catmullrom"
						},
						"1.1852": {
							"post": [-0.59812, 0.31, -2.55187],
							"lerp_mode": "catmullrom"
						},
						"1.2593": {
							"post": [-0.41062, 0.435, -2.45812],
							"lerp_mode": "catmullrom"
						},
						"1.3333": {
							"post": [-1.20813, 0.12857, -2.62563],
							"lerp_mode": "catmullrom"
						},
						"1.3704": {
							"post": [-1.2, 0.85, -2.62],
							"lerp_mode": "catmullrom"
						},
						"1.4444": {
							"post": [-1.19, 0.43, -2.6],
							"lerp_mode": "catmullrom"
						},
						"1.5185": {
							"post": [-0.55217, -0.01235, -2.5822],
							"lerp_mode": "catmullrom"
						},
						"1.5926": {
							"post": [-0.57, -0.69, -2.58],
							"lerp_mode": "catmullrom"
						},
						"1.7037": {
							"post": [0.09163, -1.75424, -0.66248],
							"lerp_mode": "catmullrom"
						},
						"1.7778": {
							"post": [0.5125, -1.91, -0.8925],
							"lerp_mode": "catmullrom"
						},
						"1.8519": {
							"post": [0.6125, -1.1975, -1.7675],
							"lerp_mode": "catmullrom"
						},
						"1.963": {
							"post": [0.3, -0.1, -0.825],
							"lerp_mode": "catmullrom"
						},
						"2.0741": {
							"post": [-0.2, -0.1, 0.625],
							"lerp_mode": "catmullrom"
						},
						"2.1481": {
							"post": [-0.01, 0.05, 0.55],
							"lerp_mode": "catmullrom"
						},
						"2.2222": {
							"post": [0, 0, 0.05],
							"lerp_mode": "catmullrom"
						},
						"2.3333": {
							"post": [0, -0.08125, 0],
							"lerp_mode": "catmullrom"
						},
						"2.4815": {
							"post": [0, 0, 0],
							"lerp_mode": "catmullrom"
						}
					}
				},
				"mag_and_lh": {
					"rotation": {
						"0.0": {
							"post": [0, 0, 0],
							"lerp_mode": "catmullrom"
						},
						"0.2222": {
							"post": [-39.02296, 38.95401, -63.30304],
							"lerp_mode": "catmullrom"
						},
						"0.3704": {
							"post": [-39.02, 38.95, -63.3],
							"lerp_mode": "catmullrom"
						},
						"0.4815": {
							"post": [9.08484, 8.21809, -22.13838],
							"lerp_mode": "catmullrom"
						},
						"0.5926": [20, 0, 0],
						"0.7037": [7.48247, 0.85481, -2.34941],
						"0.7778": [12.5, 0, 0],
						"0.8889": [12.5, 0, 0],
						"1.0": {
							"pre": [0, 0, 0],
							"post": [0, 0, 0],
							"lerp_mode": "catmullrom"
						}
					},
					"position": {
						"0.0": {
							"post": [0, 0, 0],
							"lerp_mode": "catmullrom"
						},
						"0.2222": {
							"post": [17.70249, -10.40524, 9.28036],
							"lerp_mode": "catmullrom"
						},
						"0.3704": {
							"post": [18.56, -8.25, 10.14],
							"lerp_mode": "catmullrom"
						},
						"0.5185": {
							"post": [2.39063, -1.21563, 0],
							"lerp_mode": "catmullrom"
						},
						"0.5926": [1.60524, -0.15156, -1.84115],
						"0.7037": [1.61, -0.65, -1.84],
						"0.7778": [1.60524, -0.85156, -1.84115],
						"0.8889": [-0.05578, -9.817, 1.81891],
						"1.037": [0.10938, -2.95336, -0.50663],
						"1.1481": [0.08906, -2.45127, -0.48339],
						"1.2222": [0.08953, -2.23104, -0.47338],
						"1.2963": [0.08953, -2.23104, -0.47338],
						"1.3333": {
							"pre": [0, 0, 0],
							"post": [0, 0, 0],
							"lerp_mode": "catmullrom"
						}
					}
				},
				"lefthand": {
					"rotation": {
						"0.0": [119.72251, -14.35077, -196.61051],
						"0.2963": [93.80168, -9.03152, -164.06845],
						"1.6296": {
							"pre": [107.16, 2.12, -178.32],
							"post": [107.16, 2.12, -178.32],
							"lerp_mode": "catmullrom"
						},
						"1.8148": [119.72251, -14.35077, -196.61051]
					},
					"position": {
						"0.0": [7.4975, -13.1125, -4.42],
						"0.2963": [6.7, -13.55, -3.92],
						"0.4815": [5.7, -17.55, 9.08],
						"0.7037": [6.4, -16.15, 10.08],
						"0.9259": [6.7, -17.55, 9.08],
						"1.5185": {
							"pre": [6.99, -16.4, 9.46],
							"post": [6.99, -16.4, 9.46],
							"lerp_mode": "catmullrom"
						},
						"1.6296": {
							"post": [11.55, -15.55, 8.92],
							"lerp_mode": "catmullrom"
						},
						"1.7037": {
							"post": [10.02, -15.41, 1.58],
							"lerp_mode": "catmullrom"
						},
						"1.8148": [7.4975, -13.1125, -4.42]
					},
					"scale": [1, 1.5, 1]
				},
				"mag_and_bullet2": {
					"scale": {
						"0.0": [0, 0, 0],
						"0.4444": [0, 0, 0],
						"0.4815": [1, 1, 1]
					}
				},
				"righthand": {
					"rotation": [103.77062, 14.64903, -172.27149],
					"position": [-6.85, -13.4, 2.3],
					"scale": [1, 1.5, 1]
				},
				"constraint": {
					"rotation": {
						"0.0": [0.2, 0.2, 0.2],
						"0.1481": [0.1, 0.2, 0.2],
						"1.8889": [0.1, 0.2, 0.2],
						"2.037": [0.2, 0.2, 0.2]
					},
					"position": {
						"0.0": [0.2, 0.2, 0.2],
						"0.1481": [0.2, 0.1, 0.3],
						"1.8889": [0.2, 0.1, 0.3],
						"2.037": [0.2, 0.2, 0.2]
					}
				},
				"camera": {
					"rotation": {
						"0.0": {
							"post": [0, 0, 0],
							"lerp_mode": "catmullrom"
						},
						"0.1111": {
							"post": [1, 0, -1],
							"lerp_mode": "catmullrom"
						},
						"0.2593": {
							"post": [1.5, 0.5, 0.5],
							"lerp_mode": "catmullrom"
						},
						"0.3333": {
							"post": [1.25, 0.25, -0.5],
							"lerp_mode": "catmullrom"
						},
						"0.4444": {
							"post": [2, -0.25, 0],
							"lerp_mode": "catmullrom"
						},
						"0.5556": {
							"post": [1.98, -0.3, 0.5],
							"lerp_mode": "catmullrom"
						},
						"0.6296": {
							"post": [2, -0.5, 0.5],
							"lerp_mode": "catmullrom"
						},
						"0.7407": {
							"post": [2, 0, -0.5],
							"lerp_mode": "catmullrom"
						},
						"0.8148": {
							"post": [1.22, 0.27, 0.5],
							"lerp_mode": "catmullrom"
						},
						"0.8889": {
							"post": [1, 0.25, -1],
							"lerp_mode": "catmullrom"
						},
						"0.963": {
							"post": [1, 0.25, 0],
							"lerp_mode": "catmullrom"
						},
						"1.037": {
							"post": [2, 0.5, -0.5],
							"lerp_mode": "catmullrom"
						},
						"1.0741": {
							"post": [1.75, 0.51, 0.5],
							"lerp_mode": "catmullrom"
						},
						"1.1852": {
							"post": [2.5, 0.5, -0.25],
							"lerp_mode": "catmullrom"
						},
						"1.2963": {
							"post": [2, 0.75, 0.29],
							"lerp_mode": "catmullrom"
						},
						"1.3704": {
							"post": [0.83, 0.36, -1],
							"lerp_mode": "catmullrom"
						},
						"1.4444": {
							"post": [1.5, 0.25, 0.5],
							"lerp_mode": "catmullrom"
						},
						"1.5185": {
							"post": [1, 0, -0.25],
							"lerp_mode": "catmullrom"
						},
						"1.6296": {
							"post": [1, 0.25, -0.25],
							"lerp_mode": "catmullrom"
						},
						"1.8148": {
							"post": [0, 0, -0.42],
							"lerp_mode": "catmullrom"
						},
						"1.9259": {
							"post": [0.5, -0.125, 0.47],
							"lerp_mode": "catmullrom"
						},
						"2.0": {
							"post": [-0.35, -0.28, 1],
							"lerp_mode": "catmullrom"
						},
						"2.1111": {
							"post": [-0.25, 0, -0.5],
							"lerp_mode": "catmullrom"
						},
						"2.1852": {
							"post": [0, 0, 0],
							"lerp_mode": "catmullrom"
						},
						"2.2963": {
							"post": [-0.25, 0, -0.25],
							"lerp_mode": "catmullrom"
						},
						"2.4074": {
							"post": [0, 0, 0],
							"lerp_mode": "catmullrom"
						}
					}
				},
				"magazine": {
					"scale": {
						"0.3704": {"pre": [0, 0, 0], "post": [1, 1, 1]}
					}
				},
				"additio0al_magazin11": {
					"rotation": [0, 0, 0],
					"position": {
						"0.0": [0, 0, 0],
						"0.7778": [0, 0, 0],
						"0.8148": [0, -44, 0]
					},
					"scale": {
						"1.7778": {"pre": [1, 1, 1], "post": [0, 0, 0]}
					}
				}
			},
			"sound_effects": {
				"0.0": {
					"effect": "suffuse:mpdr/mpdr_tactical_up"
				},
				"0.5926": {
					"effect": "suffuse:mpdr/mpdr_tactical_magin"
				},
				"0.6296": {
					"effect": "suffuse:mpdr/mpdr_tactical_magout"
				},
				"1.7778": {
					"effect": "suffuse:mpdr/mpdr_tactical_down"
				}
			}
		},
		"reload_empty": {
			"animation_length": 2.72,
			"bones": {
				"root": {
					"rotation": {
						"0.0": {
							"post": [0, 0, 0],
							"lerp_mode": "catmullrom"
						},
						"0.08": {
							"post": [-12.89757, -7.01063, 4.10559],
							"lerp_mode": "catmullrom"
						},
						"0.16": {
							"post": [-21.7978, -16.58393, 11.06117],
							"lerp_mode": "catmullrom"
						},
						"0.24": {
							"post": [-18.89238, -11.20922, 13.38085],
							"lerp_mode": "catmullrom"
						},
						"0.28": {
							"post": [-2.52145, -9.5847, 19.70308],
							"lerp_mode": "catmullrom"
						},
						"0.32": {
							"post": [-12.00005, -5.02179, 81.21468],
							"lerp_mode": "catmullrom"
						},
						"0.36": {
							"post": [-13.54048, -11.37176, 77.86266],
							"lerp_mode": "catmullrom"
						},
						"0.44": {
							"post": [-0.35388, -10.97864, 50.30301],
							"lerp_mode": "catmullrom"
						},
						"0.52": {
							"post": [2.29739, -14.87963, 42.64945],
							"lerp_mode": "catmullrom"
						},
						"0.64": {
							"post": [-13.88029, -17.92248, 3.45538],
							"lerp_mode": "catmullrom"
						},
						"0.76": {
							"post": [-39.92676, -16.94193, -13.99214],
							"lerp_mode": "catmullrom"
						},
						"0.92": {
							"post": [-50.99428, -43.67366, -35.84235],
							"lerp_mode": "catmullrom"
						},
						"1.04": {
							"post": [-52.65, -47.31, -37.19],
							"lerp_mode": "catmullrom"
						},
						"1.08": {
							"post": [-46.04286, -49.58597, -39.03896],
							"lerp_mode": "catmullrom"
						},
						"1.12": {
							"post": [-46.15, -48.74, -37.7],
							"lerp_mode": "catmullrom"
						},
						"1.16": {
							"post": [-24.30336, -53.30723, -56.74261],
							"lerp_mode": "catmullrom"
						},
						"1.2": {
							"post": [-50.22993, -39.62139, -26.28311],
							"lerp_mode": "catmullrom"
						},
						"1.28": {
							"post": [-44.99456, -50.58746, -35.08031],
							"lerp_mode": "catmullrom"
						},
						"1.36": {
							"post": [-55.4469, -41.46343, -23.47854],
							"lerp_mode": "catmullrom"
						},
						"1.44": {
							"post": [-49.04849, -30.84679, -11.44676],
							"lerp_mode": "catmullrom"
						},
						"1.6": {
							"post": [-9.34381, -12.68633, -2.94095],
							"lerp_mode": "catmullrom"
						},
						"1.68": {
							"post": [-0.13194, -15.60922, 18.69748],
							"lerp_mode": "catmullrom"
						},
						"1.72": {
							"post": [-3.76539, -13.19259, 35.09264],
							"lerp_mode": "catmullrom"
						},
						"1.8": {
							"post": [1.09894, -12.33238, 11.24846],
							"lerp_mode": "catmullrom"
						},
						"1.88": {
							"post": [-0.3281, -11.05106, 17.11105],
							"lerp_mode": "catmullrom"
						},
						"1.92": {
							"post": [-2.29251, -7.35643, 29.57712],
							"lerp_mode": "catmullrom"
						},
						"2.0": {
							"post": [-0.09593, -2.70289, 12.92779],
							"lerp_mode": "catmullrom"
						},
						"2.08": {
							"post": [1.57038, -2.54204, 0.46348],
							"lerp_mode": "catmullrom"
						},
						"2.16": {
							"post": [1.66031, -1.2456, 9.02063],
							"lerp_mode": "catmullrom"
						},
						"2.28": {
							"post": [-0.17371, 0.86146, -0.43694],
							"lerp_mode": "catmullrom"
						},
						"2.36": {
							"post": [0.24996, -0.00436, 1.49999],
							"lerp_mode": "catmullrom"
						},
						"2.48": {
							"post": [0.00218, 0.24999, -0.75],
							"lerp_mode": "catmullrom"
						},
						"2.6": {
							"post": [0, 0, 0],
							"lerp_mode": "catmullrom"
						}
					},
					"position": {
						"0.0": {
							"post": [0, 0, 0],
							"lerp_mode": "catmullrom"
						},
						"0.12": {
							"post": [0, 0.825, 0],
							"lerp_mode": "catmullrom"
						},
						"0.2": {
							"post": [0.25, 1.255, 0],
							"lerp_mode": "catmullrom"
						},
						"0.24": {
							"post": [0.25, 1.45, -0.075],
							"lerp_mode": "catmullrom"
						},
						"0.32": {
							"post": [-0.75, -1.89, -4.59],
							"lerp_mode": "catmullrom"
						},
						"0.4": {
							"post": [-1.18, -3.61, -3.5],
							"lerp_mode": "catmullrom"
						},
						"0.48": {
							"post": [-1.3375, -1.8625, -0.075],
							"lerp_mode": "catmullrom"
						},
						"0.6": {
							"post": [-1.58, -0.6025, -0.64],
							"lerp_mode": "catmullrom"
						},
						"0.72": {
							"post": [-2.15, 2.725, -2.885],
							"lerp_mode": "catmullrom"
						},
						"0.88": {
							"post": [-3.3, 5.9425, -2.88],
							"lerp_mode": "catmullrom"
						},
						"1.12": {
							"post": [-2.7375, 7.265, -2.88],
							"lerp_mode": "catmullrom"
						},
						"1.16": {
							"post": [-3.83, 7.49, -2.88],
							"lerp_mode": "catmullrom"
						},
						"1.24": {
							"post": [-3.325, 7.27, -2.88],
							"lerp_mode": "catmullrom"
						},
						"1.4": {
							"post": [-2.8375, 4.145, -2.88],
							"lerp_mode": "catmullrom"
						},
						"1.56": {
							"post": [-1.69, -2.27, 0.29],
							"lerp_mode": "catmullrom"
						},
						"1.68": {
							"post": [-0.0875, -2.61, -0.8925],
							"lerp_mode": "catmullrom"
						},
						"1.72": {
							"post": [-1.1, -2.37, -1.18],
							"lerp_mode": "catmullrom"
						},
						"1.76": {
							"post": [0.26, -2.05, -1.41],
							"lerp_mode": "catmullrom"
						},
						"1.84": {
							"post": [0.37, -1.62, -0.46],
							"lerp_mode": "catmullrom"
						},
						"1.88": {
							"post": [0.2125, -1.1975, -1.7675],
							"lerp_mode": "catmullrom"
						},
						"1.96": {
							"post": [-0.8875, -1.01, -2.5925],
							"lerp_mode": "catmullrom"
						},
						"2.04": {
							"post": [0.2125, -1.1975, -2.8675],
							"lerp_mode": "catmullrom"
						},
						"2.2": {
							"post": [-0.2, -0.1, 0.625],
							"lerp_mode": "catmullrom"
						},
						"2.28": {
							"post": [-0.01, 0.05, 0.55],
							"lerp_mode": "catmullrom"
						},
						"2.32": {
							"post": [0, 0, 0.05],
							"lerp_mode": "catmullrom"
						},
						"2.44": {
							"post": [0, -0.08125, 0],
							"lerp_mode": "catmullrom"
						},
						"2.6": {
							"post": [0, 0, 0],
							"lerp_mode": "catmullrom"
						}
					}
				},
				"lefthand": {
					"rotation": {
						"0.0": [119.72251, -14.35077, -196.61051],
						"0.08": {
							"pre": [152.36421, -15.9845, -212.91253],
							"post": [152.36421, -15.9845, -212.91253],
							"lerp_mode": "catmullrom"
						},
						"0.16": {
							"post": [145.07692, 13.77595, -256.36493],
							"lerp_mode": "catmullrom"
						},
						"0.24": [155.33377, 17.42816, -233.00455],
						"0.52": [151.18454, 20.53087, -244.11223],
						"0.6": {
							"pre": [145.83718, 15.761, -253.38361],
							"post": [145.83718, 15.761, -253.38361],
							"lerp_mode": "catmullrom"
						},
						"0.72": {
							"post": [155.0395, 20.47949, -228.96341],
							"lerp_mode": "catmullrom"
						},
						"0.8": {
							"post": [145.36008, 21.81104, -278.50949],
							"lerp_mode": "catmullrom"
						},
						"0.84": {
							"post": [107.16, 2.12, -178.32],
							"lerp_mode": "catmullrom"
						},
						"1.32": {
							"post": [107.16, 2.12, -178.32],
							"lerp_mode": "catmullrom"
						},
						"1.6": {
							"post": [106.84823, -9.39105, -221.22568],
							"lerp_mode": "catmullrom"
						},
						"1.84": [108.63464, -0.52906, -248.23111],
						"1.88": [108.42086, -5.59018, -233.239],
						"2.08": [119.72251, -14.35077, -196.61051]
					},
					"position": {
						"0.0": [7.4975, -13.1125, -4.42],
						"0.08": {
							"pre": [9.3875, -11.925, -3.92],
							"post": [9.3875, -11.925, -3.92],
							"lerp_mode": "catmullrom"
						},
						"0.16": {
							"post": [7.7, -8.4875, -2.295],
							"lerp_mode": "catmullrom"
						},
						"0.24": [7.575, -8.9875, -2.29],
						"0.56": [7.45, -8.55, -2.29],
						"0.76": {
							"pre": [17.45, -15.55, 18.71],
							"post": [17.45, -15.55, 18.71],
							"lerp_mode": "catmullrom"
						},
						"0.8": {
							"post": [18.45, -20.55, 18.92],
							"lerp_mode": "catmullrom"
						},
						"0.84": {
							"post": [7.45, -15.55, 8.92],
							"lerp_mode": "catmullrom"
						},
						"1.32": {
							"post": [7.45, -15.55, 8.92],
							"lerp_mode": "catmullrom"
						},
						"1.44": {
							"post": [10.02, -15.41, 1.58],
							"lerp_mode": "catmullrom"
						},
						"1.56": {
							"post": [8.6975, -10.55, -3.92],
							"lerp_mode": "catmullrom"
						},
						"1.64": {
							"post": [8.6975, -10.55, -3.92],
							"lerp_mode": "catmullrom"
						},
						"1.72": {
							"post": [8.7, -10.55, 0.08],
							"lerp_mode": "catmullrom"
						},
						"1.84": [8.7, -10.55, 0.08],
						"1.88": [9.6975, -11.95, 5.08],
						"1.92": {
							"pre": [10.02, -12.91, 1.58],
							"post": [10.02, -12.91, 1.58],
							"lerp_mode": "catmullrom"
						},
						"1.96": {
							"post": [10.02, -12.91, 1.58],
							"lerp_mode": "catmullrom"
						},
						"2.0": {
							"post": [8.79, -13.29, 0.4],
							"lerp_mode": "catmullrom"
						},
						"2.08": [7.4975, -13.1125, -4.42]
					},
					"scale": {
						"0.0": {
							"post": [1, 1.5, 1],
							"lerp_mode": "catmullrom"
						}
					}
				},
				"righthand": {
					"rotation": {
						"0.0": [103.77062, 14.64903, -172.27149],
						"0.28": [103.77, 14.65, -172.27],
						"0.36": [103.32555, -2.37042, -176.378],
						"0.64": [103.77, 14.65, -172.27]
					},
					"position": [-6.85, -13.4, 2.3],
					"scale": [1, 1.5, 1]
				},
				"mag_and_lh": {
					"rotation": {
						"0.72": [0, 0, 0],
						"0.76": [-55.41141, 18.82943, -77.45293],
						"0.84": {
							"pre": [-8.96287, 32.14239, -35.31791],
							"post": [-8.96287, 32.14239, -35.31791],
							"lerp_mode": "catmullrom"
						},
						"0.92": {
							"post": [-7.7614, 14.8687, -27.00307],
							"lerp_mode": "catmullrom"
						},
						"0.96": {
							"post": [-7.15638, 10.08123, -3.68087],
							"lerp_mode": "catmullrom"
						},
						"1.04": [-2.5, 2.5, 0],
						"1.08": [0, 0, 0],
						"1.12": [0, 0, 0]
					},
					"position": {
						"0.72": [0, 0, 0],
						"0.76": [12, -5, 14],
						"0.8": {
							"pre": [-8.96956, -5.44756, 13.16024],
							"post": [-8.96956, -5.44756, 13.16024],
							"lerp_mode": "catmullrom"
						},
						"0.96": {
							"post": [1, -3, 0],
							"lerp_mode": "catmullrom"
						},
						"1.04": [0, -2.75, 0],
						"1.08": [0, -3, 0],
						"1.12": [0, 0, 0]
					}
				},
				"mag_and_bullet2": {
					"rotation": {
						"0.32": [0, 0, 0],
						"0.36": [-37.5, 0, 30],
						"0.4": [25, 0, 146.15],
						"0.52": [0, -35, 320.38],
						"0.64": [0, 0, 417.83],
						"0.84": [0, 0, 0]
					},
					"position": {
						"0.32": {
							"pre": [0, 0, 0],
							"post": [0, 0, 0],
							"lerp_mode": "catmullrom"
						},
						"0.36": {
							"post": [-2.957, -7.50341, -9.20478],
							"lerp_mode": "catmullrom"
						},
						"0.4": {
							"post": [-7.24001, -15.32006, -21.50356],
							"lerp_mode": "catmullrom"
						},
						"0.44": {
							"post": [-16.25674, -21.78606, -36.96568],
							"lerp_mode": "catmullrom"
						},
						"0.48": {
							"post": [-21.364, -26.38351, -47.11006],
							"lerp_mode": "catmullrom"
						},
						"0.52": {
							"post": [-27.60072, -34.33107, -55.2906],
							"lerp_mode": "catmullrom"
						},
						"0.56": {
							"post": [-33.89195, -42.47267, -57.47841],
							"lerp_mode": "catmullrom"
						},
						"0.6": {
							"post": [7.40269, -7.40015, -2.24536],
							"lerp_mode": "catmullrom"
						},
						"0.68": [0, -12, 28],
						"0.8": [11, -4, 10],
						"0.84": [0, 0, 0]
					}
				},
				"bolt": {
					"position": {
						"1.56": [0, 0, 0],
						"1.64": [0, 0, 0],
						"1.72": [0, 0, 4],
						"1.84": [0, 0, 4],
						"1.88": [0, 0, 0]
					}
				},
				"constraint": {
					"rotation": {
						"0.0": [0.2, 0.2, 0.2],
						"0.28": [0.2, 0.2, 1],
						"0.36": [0.5, 0.2, 0.8],
						"0.44": [0.2, 0.2, 0.8],
						"0.68": [0.2, 0.2, 0.2],
						"0.8": [0.2, 0.2, 0.2],
						"2.0": [0.2, 0.2, 0.2]
					},
					"position": {
						"0.0": [0.2, 0.2, 0.2],
						"0.24": [0.2, 0.2, 0.2],
						"0.36": [0.5, 0.8, 0.2],
						"0.6": [0.2, 0.2, 0.2],
						"1.72": [0.2, 0.2, 0.2],
						"2.0": [0.2, 0.2, 0.2]
					}
				},
				"camera": {
					"rotation": {
						"0.0": {
							"post": [0, 0, 0],
							"lerp_mode": "catmullrom"
						},
						"0.16": {
							"post": [1.28, 0.65, 0.91],
							"lerp_mode": "catmullrom"
						},
						"0.28": {
							"post": [2.5, 0.5, 1],
							"lerp_mode": "catmullrom"
						},
						"0.32": {
							"post": [3, -0.5, -1],
							"lerp_mode": "catmullrom"
						},
						"0.44": {
							"post": [1, 0.5, 2],
							"lerp_mode": "catmullrom"
						},
						"0.52": {
							"post": [1.67, 1, 1.16],
							"lerp_mode": "catmullrom"
						},
						"0.64": {
							"post": [1.5, 0.75, 0],
							"lerp_mode": "catmullrom"
						},
						"0.76": {
							"post": [0.5, 0.25, 0],
							"lerp_mode": "catmullrom"
						},
						"0.96": {
							"post": [1, 0.5, -0.5],
							"lerp_mode": "catmullrom"
						},
						"1.08": {
							"post": [1, 1, 1],
							"lerp_mode": "catmullrom"
						},
						"1.12": {
							"post": [0.91, 0.78, 1],
							"lerp_mode": "catmullrom"
						},
						"1.16": {
							"post": [1.07, 0.79, -1],
							"lerp_mode": "catmullrom"
						},
						"1.2": {
							"post": [1, 1, 1],
							"lerp_mode": "catmullrom"
						},
						"1.44": {
							"post": [2, -0.16, 0.26],
							"lerp_mode": "catmullrom"
						},
						"1.64": {
							"post": [1, 0, 1],
							"lerp_mode": "catmullrom"
						},
						"1.72": {
							"post": [0, 0.5, 0],
							"lerp_mode": "catmullrom"
						},
						"1.76": {
							"post": [0, 0.06, 1],
							"lerp_mode": "catmullrom"
						},
						"1.84": {
							"post": [0, 0.12, 0],
							"lerp_mode": "catmullrom"
						},
						"1.88": {
							"post": [1, 0.2, -1],
							"lerp_mode": "catmullrom"
						},
						"1.96": {
							"post": [0.23, 0.41, 0.5],
							"lerp_mode": "catmullrom"
						},
						"2.04": {
							"post": [0.37, 1, 0.55],
							"lerp_mode": "catmullrom"
						},
						"2.12": {
							"post": [0.5, 0.875, 0.47],
							"lerp_mode": "catmullrom"
						},
						"2.16": {
							"post": [-0.35, 0.72, 1],
							"lerp_mode": "catmullrom"
						},
						"2.28": {
							"post": [-0.25, 0, -0.5],
							"lerp_mode": "catmullrom"
						},
						"2.36": {
							"post": [0, 0, 0],
							"lerp_mode": "catmullrom"
						},
						"2.48": {
							"post": [-0.25, 0, -0.25],
							"lerp_mode": "catmullrom"
						},
						"2.56": {
							"post": [0, 0, 0],
							"lerp_mode": "catmullrom"
						}
					}
				},
				"additio0al_magazin11": {
					"scale": 0
				}
			},
			"sound_effects": {
				"0.04": {
					"effect": "suffuse:mpdr/mpdr_empty_magout"
				},
				"0.36": {
					"effect": "suffuse:mpdr/mpdr_tactical_up"
				},
				"1.0": {
					"effect": "suffuse:mpdr/mpdr_empty_magin"
				},
				"1.56": {
					"effect": "suffuse:mpdr/mpdr_boltpull_1"
				},
				"1.6": {
					"effect": "suffuse:mpdr/mpdr_boltpull_2"
				},
				"1.8": {
					"effect": "suffuse:mpdr/mpdr_boltforward"
				},
				"2.04": {
					"effect": "suffuse:mpdr/mpdr_tactical_down"
				}
			}
		},
		"shoot": {
			"loop": true,
			"animation_length": 0.4417,
			"bones": {
				"bullet_in_barrel": {
					"rotation": {
						"0.0167": [0, 0, 0],
						"0.0333": [-4, 0, 0],
						"0.0667": [0, 0, 0]
					},
					"position": {
						"0.0167": [0.1, -0.6, 0.1],
						"0.0333": [0, 0.1, 0],
						"0.05": [0, 0.15, 0],
						"0.0667": [0, 0, 0]
					},
					"scale": 1
				},
				"root": {
					"rotation": {
						"0.0": [0, 0, 0],
						"0.0083": [-0.52679, -0.5435, -2.85],
						"0.0167": [-1.20906, -0.92772, 5.29983],
						"0.0333": {
							"pre": [-1.479, 0.99888, 2.98914],
							"post": [-1.479, 0.99888, 2.98914],
							"lerp_mode": "catmullrom"
						},
						"0.0667": [-0.23378, 0.01021, -1.0132],
						"0.1083": {
							"pre": [0.01926, -0.00011, 2.0635],
							"post": [0.01926, -0.00011, 2.0635],
							"lerp_mode": "catmullrom"
						},
						"0.1917": [-0.23378, 0.01021, 1.0132],
						"0.4167": {
							"pre": [0, 0, 0],
							"post": [0, 0, 0],
							"lerp_mode": "catmullrom"
						}
					},
					"position": {
						"0.0": [0, 0, 0],
						"0.0167": [-0.04, 0.07, 2.11],
						"0.0333": {
							"pre": [0.05, 0.18, 1.23],
							"post": [0.05, 0.18, 1.23],
							"lerp_mode": "catmullrom"
						},
						"0.0667": {
							"post": [-0.1, -0.15, 0.85528],
							"lerp_mode": "catmullrom"
						},
						"0.125": {
							"post": [-0.05, -0.24, -0.12],
							"lerp_mode": "catmullrom"
						},
						"0.25": {
							"post": [-0.02, -0.03, -0.13],
							"lerp_mode": "catmullrom"
						},
						"0.3833": {
							"post": [0, 0, 0],
							"lerp_mode": "catmullrom"
						}
					}
				},
				"constraint": {
					"rotation": {
						"0.0": [0.1, 0.1, 0.1],
						"0.0333": [0.2, 0.2, 0.2]
					},
					"position": {
						"0.0": [0.2, 0.2, 0.5],
						"0.0167": [0.2, 0.2, 0.5],
						"0.0667": [0.2, 0.2, 0.5],
						"0.1333": [0.2, 0.2, 0.2]
					}
				},
				"bone8": {
					"position": {
						"0.0": [0, 0, 0],
						"0.0083": [0, 0, 4.3],
						"0.0167": [0, 0, 4.3],
						"0.0333": [0, 0, 2.37],
						"0.0417": [0, 0, 0]
					}
				},
				"bolt3": {
					"position": {
						"0.0": [0, 0, 0],
						"0.0083": [0, 0, 4.3],
						"0.0167": [0, 0, 4.3],
						"0.0333": [0, 0, 2.37],
						"0.0417": [0, 0, 0]
					}
				},
				"camera": {
					"rotation": {
						"0.0": [0, 0, 0],
						"0.0333": {
							"pre": [0.125, -0.21782, -0.4905],
							"post": [0.125, -0.21782, -0.4905],
							"lerp_mode": "catmullrom"
						},
						"0.0667": {
							"post": [0.25953, 0.21782, 0.4905],
							"lerp_mode": "catmullrom"
						},
						"0.1": [0.125, 0, 0],
						"0.15": [0.25, 0, -0.4],
						"0.2": [0, 0, -0.07],
						"0.2333": {
							"pre": [0, -0.125, 0],
							"post": [0, -0.125, 0],
							"lerp_mode": "catmullrom"
						},
						"0.3": {
							"post": [0, 0, 0],
							"lerp_mode": "catmullrom"
						}
					}
				}
			}
		},
		"inspect": {
			"animation_length": 5.4737,
			"bones": {
				"root": {
					"rotation": {
						"0.0": [0, 0, 0],
						"0.0702": {
							"pre": [-9.23974, 2.02851, -1.44081],
							"post": [-9.23974, 2.02851, -1.44081],
							"lerp_mode": "catmullrom"
						},
						"0.1404": {
							"post": [-14.67038, -7.83016, -19.37676],
							"lerp_mode": "catmullrom"
						},
						"0.2281": {
							"post": [-18.47828, -12.86515, -35.16937],
							"lerp_mode": "catmullrom"
						},
						"0.3684": {
							"post": [-20.48063, -10.72735, -41.2858],
							"lerp_mode": "catmullrom"
						},
						"0.4211": {
							"post": [-24.47179, -13.41016, -42.19536],
							"lerp_mode": "catmullrom"
						},
						"0.4912": {
							"post": [-22.28056, -19.83323, -50.954],
							"lerp_mode": "catmullrom"
						},
						"0.5614": {
							"post": [-25.40771, -20.31548, -47.16148],
							"lerp_mode": "catmullrom"
						},
						"0.6491": {
							"post": [-27.19429, -19.747, -43.41065],
							"lerp_mode": "catmullrom"
						},
						"0.7895": {
							"post": [-26.12556, -25.36451, -45.38707],
							"lerp_mode": "catmullrom"
						},
						"0.9474": {
							"post": [-26.74935, -26.80035, -44.6903],
							"lerp_mode": "catmullrom"
						},
						"1.0877": {
							"post": [-26.85801, -28.85563, -44.46685],
							"lerp_mode": "catmullrom"
						},
						"1.2456": {
							"post": [-26.0332, -30.19561, -46.64422],
							"lerp_mode": "catmullrom"
						},
						"1.386": {
							"post": [-26.99733, -30.56785, -48.03938],
							"lerp_mode": "catmullrom"
						},
						"1.5263": {
							"post": [-17.2055, -41.35774, -62.82964],
							"lerp_mode": "catmullrom"
						},
						"1.6667": {
							"post": [-22.38705, -39.55075, -57.15206],
							"lerp_mode": "catmullrom"
						},
						"1.7895": {
							"post": [-20.39401, -39.6883, -58.55789],
							"lerp_mode": "catmullrom"
						},
						"2.0175": {
							"post": [-24.56591, -38.3426, -52.63682],
							"lerp_mode": "catmullrom"
						},
						"2.2105": {
							"post": [-28.87013, -33.59638, -45.75236],
							"lerp_mode": "catmullrom"
						},
						"2.4035": {
							"post": [-24.40455, -23.88234, -40.98591],
							"lerp_mode": "catmullrom"
						},
						"2.5439": {
							"post": [-15.97503, -0.55753, -1.07595],
							"lerp_mode": "catmullrom"
						},
						"2.6667": {
							"post": [-13.53423, 7.34937, 68.52177],
							"lerp_mode": "catmullrom"
						},
						"2.7368": {
							"post": [-13.36679, 9.77229, 75.88669],
							"lerp_mode": "catmullrom"
						},
						"2.8421": {
							"post": [-14.64294, 10.73701, 66.7469],
							"lerp_mode": "catmullrom"
						},
						"2.9298": {
							"post": [-13.86426, 14.80866, 66.64007],
							"lerp_mode": "catmullrom"
						},
						"3.0351": {
							"post": [-14.03002, 16.90148, 70.82609],
							"lerp_mode": "catmullrom"
						},
						"3.1579": {
							"post": [-15.72295, 17.1149, 67.51384],
							"lerp_mode": "catmullrom"
						},
						"3.2982": {
							"post": [-16.54722, 16.3244, 64.6541],
							"lerp_mode": "catmullrom"
						},
						"3.4561": {
							"post": [-22.28947, 18.65921, 65.38703],
							"lerp_mode": "catmullrom"
						},
						"3.4912": {
							"post": [-11.59231, 14.33466, 68.97263],
							"lerp_mode": "catmullrom"
						},
						"3.5789": {
							"post": [-8.84435, 20.81898, 72.91372],
							"lerp_mode": "catmullrom"
						},
						"3.9123": {
							"post": [-15.19648, 21.93134, 71.42689],
							"lerp_mode": "catmullrom"
						},
						"4.193": {
							"post": [-7.91074, 33.26177, 84.4206],
							"lerp_mode": "catmullrom"
						},
						"4.3684": {
							"post": [-11.01, 32.95, 85.69],
							"lerp_mode": "catmullrom"
						},
						"4.386": {
							"post": [-11.13, 32.62, 84.69],
							"lerp_mode": "catmullrom"
						},
						"4.4035": {
							"post": [-5.62827, 28.81915, 95.80982],
							"lerp_mode": "catmullrom"
						},
						"4.4737": {
							"post": [-7.77987, 24.34803, 90.61517],
							"lerp_mode": "catmullrom"
						},
						"4.5789": {
							"post": [-13.70351, 29.02806, 73.66392],
							"lerp_mode": "catmullrom"
						},
						"4.7018": {
							"post": [-16.49526, 14.88479, 41.25007],
							"lerp_mode": "catmullrom"
						},
						"4.8246": {
							"post": [-0.77103, -5.04029, 27.49027],
							"lerp_mode": "catmullrom"
						},
						"4.9825": {
							"post": [1.52534, 1.53911, -0.90346],
							"lerp_mode": "catmullrom"
						},
						"5.0526": {
							"post": [-0.17371, 0.86146, -0.43694],
							"lerp_mode": "catmullrom"
						},
						"5.1228": {
							"post": [0.24996, -0.00436, 1.49999],
							"lerp_mode": "catmullrom"
						},
						"5.2456": {
							"post": [0.00218, 0.24999, -0.75],
							"lerp_mode": "catmullrom"
						},
						"5.3509": {
							"post": [0, 0, 0],
							"lerp_mode": "catmullrom"
						}
					},
					"position": {
						"0.0": [0, 0, 0],
						"0.1228": {
							"pre": [0, -0.875, -2.25],
							"post": [0, -0.875, -2.25],
							"lerp_mode": "catmullrom"
						},
						"0.2281": {
							"post": [0.02, 0.45, -3.67],
							"lerp_mode": "catmullrom"
						},
						"0.4737": {
							"post": [0.03, 2.33, -1.075],
							"lerp_mode": "catmullrom"
						},
						"0.5965": {
							"post": [0.185, 2.525, -1.495],
							"lerp_mode": "catmullrom"
						},
						"0.7193": {
							"post": [0.19, 2.53, -1.22],
							"lerp_mode": "catmullrom"
						},
						"0.807": {
							"post": [0.165, 2.68, -1.22],
							"lerp_mode": "catmullrom"
						},
						"0.9649": {
							"post": [0.17, 2.705, -1.54],
							"lerp_mode": "catmullrom"
						},
						"1.1579": {
							"post": [0.17, 2.71, -1.54],
							"lerp_mode": "catmullrom"
						},
						"1.2982": {
							"post": [0.125, 2.76, -1.54],
							"lerp_mode": "catmullrom"
						},
						"1.386": {
							"post": [0.13, 2.7, -1.79],
							"lerp_mode": "catmullrom"
						},
						"1.5263": {
							"post": [-0.07, 2.61, -2.19],
							"lerp_mode": "catmullrom"
						},
						"1.6667": {
							"post": [-0.09, 2.68, -2.1],
							"lerp_mode": "catmullrom"
						},
						"2.0175": {
							"post": [0.055, 3.1, -1.725],
							"lerp_mode": "catmullrom"
						},
						"2.3158": {
							"post": [0.13, 2.61, -2.09],
							"lerp_mode": "catmullrom"
						},
						"2.4386": {
							"post": [0.16, 1.92, -2.28],
							"lerp_mode": "catmullrom"
						},
						"2.5965": {
							"post": [-1.27, -2.19, -2.59],
							"lerp_mode": "catmullrom"
						},
						"2.6667": {
							"post": [-1.72, -1.815, -2.59],
							"lerp_mode": "catmullrom"
						},
						"2.7895": {
							"post": [-0.92, 0.84, -2.015],
							"lerp_mode": "catmullrom"
						},
						"3.0": {
							"post": [-0.52, 1.89, -1.93],
							"lerp_mode": "catmullrom"
						},
						"3.2105": {
							"post": [-0.62, 2.345, -1.9],
							"lerp_mode": "catmullrom"
						},
						"3.386": {
							"post": [-0.23, 2.07, -1.55],
							"lerp_mode": "catmullrom"
						},
						"3.4561": {
							"post": [-0.24, 2.12, -1.55],
							"lerp_mode": "catmullrom"
						},
						"3.5263": {
							"post": [-0.77, 1.59, -1.57],
							"lerp_mode": "catmullrom"
						},
						"3.6316": {
							"post": [-0.78, 1.77, -3.61],
							"lerp_mode": "catmullrom"
						},
						"3.7895": {
							"post": [-0.71, 2.21, -3.26],
							"lerp_mode": "catmullrom"
						},
						"4.0351": {
							"post": [-0.59, 2.93, -3.02],
							"lerp_mode": "catmullrom"
						},
						"4.1404": {
							"post": [-0.62, 2.845, -2.4],
							"lerp_mode": "catmullrom"
						},
						"4.3333": {
							"post": [-0.74, 2.85, -3.03],
							"lerp_mode": "catmullrom"
						},
						"4.3684": {
							"post": [-0.74, 2.875, -6.39],
							"lerp_mode": "catmullrom"
						},
						"4.4211": {
							"post": [-0.71, 2.42, -4.85],
							"lerp_mode": "catmullrom"
						},
						"4.614": {
							"post": [-0.54, 1.53, -4.6],
							"lerp_mode": "catmullrom"
						},
						"4.7368": {
							"post": [0.34687, -0.27687, -2.75],
							"lerp_mode": "catmullrom"
						},
						"4.8596": {
							"post": [0.2125, -0.4975, -0.3675],
							"lerp_mode": "catmullrom"
						},
						"4.9123": {
							"post": [-0.2, -0.1, 0.625],
							"lerp_mode": "catmullrom"
						},
						"5.0175": {
							"post": [-0.01, 0.05, -0.05],
							"lerp_mode": "catmullrom"
						},
						"5.0877": {
							"post": [0, 0, -0.25],
							"lerp_mode": "catmullrom"
						},
						"5.193": {
							"post": [0, -0.08125, 0],
							"lerp_mode": "catmullrom"
						},
						"5.3509": {
							"post": [0, 0, 0],
							"lerp_mode": "catmullrom"
						}
					}
				},
				"lefthand": {
					"rotation": {
						"0.0": [119.72251, -14.35077, -196.61051],
						"0.193": [126.11696, -37.36345, -164.41127],
						"0.3333": [103.2847, -1.74375, -154.50356],
						"0.4737": [127.41169, -28.57789, -160.09312],
						"2.4386": [127.41169, -28.57789, -160.09312],
						"2.5965": [97.52806, -43.19228, -174.5172],
						"2.9825": [87.17289, -31.25054, -151.93833],
						"3.1404": [87.17, -31.25, -151.94],
						"3.3509": {
							"pre": [110.43519, -19.56543, -254.31388],
							"post": [110.43519, -19.56543, -254.31388],
							"lerp_mode": "catmullrom"
						},
						"3.4211": [110.43519, -19.56543, -254.31388],
						"3.4561": [110.43519, -19.56543, -254.31388],
						"3.4912": [111.89, -26.31, -257.4],
						"3.5263": [112.86, -30.8, -259.46],
						"3.5965": [113.53, -33.92, -260.89],
						"3.7719": [113.9309, -35.79777, -261.74738],
						"4.193": [113.9309, -35.79777, -261.74738],
						"4.3509": [113.9309, -35.79777, -261.74738],
						"4.4561": [76.43662, -10.10715, -218.79532],
						"4.7018": [119.72251, -14.35077, -196.61051]
					},
					"position": {
						"0.0": [7.4975, -13.1125, -4.42],
						"0.0877": [6.6975, -13.55, -3.92],
						"0.2105": {
							"pre": [12.37, -18.195, 4.805],
							"post": [12.37, -18.195, 4.805],
							"lerp_mode": "catmullrom"
						},
						"0.3509": {
							"post": [8.05, -36.18, 7.835],
							"lerp_mode": "catmullrom"
						},
						"0.6316": {
							"post": [-4.04, -37.25, 8.1],
							"lerp_mode": "catmullrom"
						},
						"2.4561": {
							"post": [2.75, -36.18, 7.835],
							"lerp_mode": "catmullrom"
						},
						"2.5965": [10.925, -14.505, -6.61],
						"2.6842": [8.2975, -12.25, -3.92],
						"3.1404": [8.2975, -12.25, -3.92],
						"3.3509": {
							"pre": [8.6975, -10.55, -3.92],
							"post": [8.6975, -10.55, -3.92],
							"lerp_mode": "catmullrom"
						},
						"3.4211": [8.6975, -10.55, -3.92],
						"3.4561": [8.6975, -10.55, -3.92],
						"3.4912": [8.7, -10.55, -2.67],
						"3.5263": [8.7, -10.55, -1.84],
						"3.5965": [8.7, -10.55, -1.26],
						"3.7719": [8.7, -10.55, -1.92],
						"4.193": [8.7, -10.55, -1.92],
						"4.3509": [8.7, -10.55, -0.92],
						"4.386": [11.6975, -10.95, 0.08],
						"4.5965": {
							"pre": [10.02, -12.91, 1.58],
							"post": [10.02, -12.91, 1.58],
							"lerp_mode": "catmullrom"
						},
						"4.6316": {
							"post": [8.79, -13.29, 0.4],
							"lerp_mode": "catmullrom"
						},
						"4.7018": [7.4975, -13.1125, -4.42]
					},
					"scale": {
						"0.0": [1, 1.5, 1],
						"0.3333": [1, 1.5, 1],
						"0.3509": [0, 0, 0],
						"2.4561": [0, 0, 0],
						"2.4737": [1, 1.5, 1]
					}
				},
				"righthand": {
					"rotation": {
						"0.0": [103.77062, -345.351, -172.27149],
						"0.2807": [99.6, -347.93, -176.72],
						"2.5789": [99.6, -347.93, -176.72],
						"2.6667": [100.5, -360, -175.75],
						"4.4912": [100.5, -360, -175.75],
						"4.614": [103.77062, -345.351, -172.27149]
					},
					"position": {
						"0.0": [-6.85, -13.4, 2.3],
						"2.5965": [-6.85, -13.4, 2.3],
						"2.6842": [-6.85, -13.4, 2.3],
						"4.4912": [-6.85, -13.4, 2.3],
						"4.6316": [-6.85, -13.4, 2.3]
					},
					"scale": [1, 1.5, 1]
				},
				"bolt": {
					"position": {
						"3.4561": [0, 0, 0],
						"3.4912": [0, 0, 1.25],
						"3.5263": [0, 0, 2.08],
						"3.5965": [0, 0, 2.66],
						"3.7719": [0, 0, 2],
						"4.193": [0, 0, 2],
						"4.3509": [0, 0, 3],
						"4.3684": [0, 0, 2.3],
						"4.386": [0, 0, 0]
					}
				},
				"constraint": {
					"rotation": [0.2, 0.2, 0.2],
					"position": [0.2, 0.2, 0.2]
				},
				"additio0al_magazin11": {
					"scale": 0
				},
				"camera": {
					"rotation": {
						"0.0": [0, 0, 0],
						"0.1754": {
							"pre": [2, 0, -1],
							"post": [2, 0, -1],
							"lerp_mode": "catmullrom"
						},
						"0.2982": {
							"post": [2.33, -0.07, -0.22],
							"lerp_mode": "catmullrom"
						},
						"0.4737": {
							"post": [4, 1, 1],
							"lerp_mode": "catmullrom"
						},
						"0.8421": {
							"post": [6, 1.5, -0.5],
							"lerp_mode": "catmullrom"
						},
						"1.1754": {
							"post": [8, 3, 0],
							"lerp_mode": "catmullrom"
						},
						"1.4386": {
							"post": [9, 3, 0],
							"lerp_mode": "catmullrom"
						},
						"1.5965": {
							"post": [10, 3, -0.5],
							"lerp_mode": "catmullrom"
						},
						"1.807": {
							"post": [10.44, 3, 0.25],
							"lerp_mode": "catmullrom"
						},
						"2.1053": {
							"post": [11, 3, 0.68],
							"lerp_mode": "catmullrom"
						},
						"2.386": {
							"post": [11, 3, 1],
							"lerp_mode": "catmullrom"
						},
						"2.5439": {
							"post": [10, 3, 1],
							"lerp_mode": "catmullrom"
						},
						"2.6667": {
							"post": [8, 3, 0],
							"lerp_mode": "catmullrom"
						},
						"2.7368": {
							"post": [7.28, 3, -0.22],
							"lerp_mode": "catmullrom"
						},
						"2.8246": {
							"post": [6.61, 3, 1],
							"lerp_mode": "catmullrom"
						},
						"3.0526": {
							"post": [5, 3, 0],
							"lerp_mode": "catmullrom"
						},
						"3.2982": {
							"post": [4, 3, -1],
							"lerp_mode": "catmullrom"
						},
						"3.4912": {
							"post": [4, 3, 0],
							"lerp_mode": "catmullrom"
						},
						"3.5614": {
							"post": [3, 3, 1],
							"lerp_mode": "catmullrom"
						},
						"3.7018": {
							"post": [4, 3, 0],
							"lerp_mode": "catmullrom"
						},
						"4.2456": {
							"post": [5.5, 2.25, 0],
							"lerp_mode": "catmullrom"
						},
						"4.3684": {
							"post": [5.25, 2.25, 0],
							"lerp_mode": "catmullrom"
						},
						"4.4035": {
							"post": [4.5, 2.25, -1],
							"lerp_mode": "catmullrom"
						},
						"4.4386": {
							"post": [4, 2.21, 0.57],
							"lerp_mode": "catmullrom"
						},
						"4.5088": {
							"post": [4, 2, 0.5],
							"lerp_mode": "catmullrom"
						},
						"4.6316": {
							"post": [3, 1, -1],
							"lerp_mode": "catmullrom"
						},
						"4.7719": {
							"post": [2, 0.43, -0.59],
							"lerp_mode": "catmullrom"
						},
						"4.8947": {
							"post": [0.5, 0.875, 0.47],
							"lerp_mode": "catmullrom"
						},
						"4.9298": {
							"post": [-0.35, 0.72, 1],
							"lerp_mode": "catmullrom"
						},
						"5.0702": {
							"post": [-0.25, 0, -0.5],
							"lerp_mode": "catmullrom"
						},
						"5.1404": {
							"post": [0, 0, 0],
							"lerp_mode": "catmullrom"
						},
						"5.2632": {
							"post": [-0.25, 0, -0.25],
							"lerp_mode": "catmullrom"
						},
						"5.3333": {
							"post": [0, 0, 0],
							"lerp_mode": "catmullrom"
						}
					},
					"position": [0, 0, 0]
				}
			},
			"sound_effects": {
				"0.0351": {
					"effect": "suffuse:mpdr/mpdr_tactical_up"
				},
				"2.4386": {
					"effect": "suffuse:mpdr/mpdr_tactical_down"
				},
				"3.4211": {
					"effect": "suffuse:mpdr/mpdr_boltpull_1"
				},
				"4.3509": {
					"effect": "suffuse:mpdr/mpdr_boltforward"
				},
				"4.4035": {
					"effect": "suffuse:mpdr/mpdr_boltpull_2"
				},
				"4.6842": {
					"effect": "suffuse:mpdr/mpdr_tactical_down"
				}
			}
		},
		"inspect_empty": {
			"animation_length": 5.4333,
			"bones": {
				"root": {
					"rotation": {
						"0.0333": {
							"pre": [0, 0, 0],
							"post": [0, 0, 0],
							"lerp_mode": "catmullrom"
						},
						"0.3333": {
							"post": [14.85407, -38.28034, -22.7394],
							"lerp_mode": "catmullrom"
						},
						"0.5": {
							"post": [5.70836, -45.6588, -27.75434],
							"lerp_mode": "catmullrom"
						},
						"0.7667": {
							"post": [18.23137, -44.45735, -25.61669],
							"lerp_mode": "catmullrom"
						},
						"1.1333": {
							"post": [13.8696, -43.06442, -23.91256],
							"lerp_mode": "catmullrom"
						},
						"1.3333": {
							"post": [-7.22455, -53.51919, 9.81413],
							"lerp_mode": "catmullrom"
						},
						"1.5": {
							"post": [13.73347, -67.60093, 0.60688],
							"lerp_mode": "catmullrom"
						},
						"1.6667": {
							"post": [48.36521, -73.02135, -33.80646],
							"lerp_mode": "catmullrom"
						},
						"2.0667": {
							"post": [106.79088, -86.4435, -95.51183],
							"lerp_mode": "catmullrom"
						},
						"2.4": {
							"post": [91.81533, -84.12437, -80.42866],
							"lerp_mode": "catmullrom"
						},
						"2.6333": {
							"post": [56.77593, -75.29472, -45.0777],
							"lerp_mode": "catmullrom"
						},
						"2.8": {
							"post": [28.19024, -47.27337, -28.43757],
							"lerp_mode": "catmullrom"
						},
						"2.9667": {
							"post": [-6.77972, -23.58118, -2.22179],
							"lerp_mode": "catmullrom"
						},
						"3.2333": {
							"post": [-20.20029, 10.797, 52.63239],
							"lerp_mode": "catmullrom"
						},
						"3.5": {
							"post": [-28.7, 23.1, 67.17],
							"lerp_mode": "catmullrom"
						},
						"3.6667": {
							"post": [-25.16027, 31.5004, 83.00505],
							"lerp_mode": "catmullrom"
						},
						"3.8667": {
							"post": [-28.63791, 31.09271, 80.59409],
							"lerp_mode": "catmullrom"
						},
						"4.0667": {
							"post": [-29.34504, 31.22993, 79.618],
							"lerp_mode": "catmullrom"
						},
						"4.3333": {
							"post": [-27.26, 21.39, 72.5],
							"lerp_mode": "catmullrom"
						},
						"4.5": {
							"post": [-8.14066, -3.66815, 58.43699],
							"lerp_mode": "catmullrom"
						},
						"4.6667": {
							"post": [-12.11423, -9.77002, 36.71185],
							"lerp_mode": "catmullrom"
						},
						"4.7333": {
							"post": [-7.17, -7.66, 26.86],
							"lerp_mode": "catmullrom"
						},
						"5.0": {
							"post": [-0.17381, -2.13852, -0.42784],
							"lerp_mode": "catmullrom"
						},
						"5.1": {
							"post": [0.25, -1.00435, 1.49563],
							"lerp_mode": "catmullrom"
						},
						"5.2": {
							"post": [0.00218, 0.24999, -0.75],
							"lerp_mode": "catmullrom"
						},
						"5.3333": {
							"post": [0, 0, 0],
							"lerp_mode": "catmullrom"
						}
					},
					"position": {
						"0.0": {
							"post": [0, 0, 0],
							"lerp_mode": "catmullrom"
						},
						"0.1667": {
							"post": [0.88572, -1.89496, -1.72299],
							"lerp_mode": "catmullrom"
						},
						"0.3667": {
							"post": [2.6, 0.8, -1],
							"lerp_mode": "catmullrom"
						},
						"0.6": {
							"post": [4.35, -1.53, -1.76],
							"lerp_mode": "catmullrom"
						},
						"0.8667": {
							"post": [4.03, 0.5, -1.78],
							"lerp_mode": "catmullrom"
						},
						"1.1333": {
							"post": [4.2, 0.8, -1],
							"lerp_mode": "catmullrom"
						},
						"1.5": {
							"post": [5.7, 0, -1],
							"lerp_mode": "catmullrom"
						},
						"1.9": {
							"post": [4.38768, 1.88815, 0.54601],
							"lerp_mode": "catmullrom"
						},
						"2.4667": {
							"post": [4.1, 1.9, 0.1],
							"lerp_mode": "catmullrom"
						},
						"2.7667": {
							"post": [4.45, -0.78, -1.25],
							"lerp_mode": "catmullrom"
						},
						"2.9333": {
							"post": [2.41, -3.7, -4.55],
							"lerp_mode": "catmullrom"
						},
						"3.2667": {
							"post": [3.9, 3.1, -5],
							"lerp_mode": "catmullrom"
						},
						"3.5333": {
							"post": [4.62, 4.89, -5.06],
							"lerp_mode": "catmullrom"
						},
						"3.7333": {
							"post": [4.6, 4.99, -5.07],
							"lerp_mode": "catmullrom"
						},
						"4.1": {
							"post": [4.6, 4.7, -5],
							"lerp_mode": "catmullrom"
						},
						"4.3333": {
							"post": [3.87, 3.1, -4.44],
							"lerp_mode": "catmullrom"
						},
						"4.5333": {
							"post": [0, -1.3, -2.5],
							"lerp_mode": "catmullrom"
						},
						"4.7": {
							"post": [-0.11, 0.18, -2.95],
							"lerp_mode": "catmullrom"
						},
						"4.8": {
							"post": [0.2125, -0.4975, -2.8675],
							"lerp_mode": "catmullrom"
						},
						"4.9333": {
							"post": [-0.2, -0.1, 1.525],
							"lerp_mode": "catmullrom"
						},
						"5.0": {
							"post": [-0.01, 0.05, 0.55],
							"lerp_mode": "catmullrom"
						},
						"5.0667": {
							"post": [0, 0, 0.05],
							"lerp_mode": "catmullrom"
						},
						"5.1667": {
							"post": [0, -0.08125, 0],
							"lerp_mode": "catmullrom"
						},
						"5.3333": {
							"post": [0, 0, 0],
							"lerp_mode": "catmullrom"
						}
					}
				},
				"lefthand": {
					"rotation": {
						"0.0": [119.72251, -14.35077, -196.61051],
						"0.3333": [113.67799, -49.84695, -129.88252],
						"1.2": [113.67799, -49.84695, -129.88252],
						"2.0667": {
							"pre": [191.84812, -72.63149, -210.46658],
							"post": [191.84812, -72.63149, -210.46658],
							"lerp_mode": "catmullrom"
						},
						"2.7": {
							"post": [191.84812, -72.63149, -210.46658],
							"lerp_mode": "catmullrom"
						},
						"3.2": [90.47251, -14.35077, -196.61051],
						"4.5667": [90.47251, -14.35077, -196.61051],
						"4.7": [119.72251, -14.35077, -196.61051]
					},
					"position": {
						"0.0": [7.4975, -13.1125, -4.42],
						"0.2": [6.77, -13.09, -4.08],
						"0.4333": [6.08, -12.75, -3.47],
						"2.9333": [6.08, -12.75, -3.47],
						"3.2": [7.4975, -13.1125, -4.42],
						"4.5667": [7.4975, -13.1125, -4.42],
						"4.7": [7.4975, -13.1125, -4.42]
					},
					"scale": [1, 1.5, 1]
				},
				"righthand": {
					"rotation": {
						"0.0": [103.77062, 14.64903, -172.27149],
						"0.3667": [-208.88751, -42.49794, 187.15175],
						"1.1667": [-208.88751, -42.49794, 187.15175],
						"1.6667": [-208.88751, -42.49794, 187.15175],
						"2.0667": [-208.88751, -42.49794, 187.15175],
						"3.6": [-208.88751, -42.49794, 187.15175],
						"3.6667": [103.77062, 14.64903, -172.27149],
						"4.6667": [103.77062, 14.64903, -172.27149],
						"4.7667": [103.77062, 14.64903, -172.27149]
					},
					"position": {
						"0.0": [-6.85, -13.4, 2.3],
						"0.3": [-4.69, -13.44, 15.36],
						"0.4": [-4.69, -13.44, 15.36],
						"0.6333": [-4.69, -13.44, 15.36],
						"2.0667": [-4.69, -13.44, 15.36],
						"3.6667": [-4.69, -13.44, 15.36],
						"4.5333": [-4.69, -13.44, 15.36],
						"4.6667": [-8.69, -16.44, 2.36],
						"4.7667": [-6.85, -13.4, 2.3]
					},
					"scale": {
						"0.0": [1, 1.5, 1],
						"0.1333": [0, 0, 0],
						"0.3": [0, 0, 0],
						"0.4": [1, 1.5, 1],
						"3.4333": [1, 1.5, 1],
						"3.6": [0, 0, 0],
						"4.1": [0, 0, 0],
						"4.2667": [1, 1.5, 1],
						"4.7667": [1, 1.5, 1]
					}
				},
				"camera": {
					"rotation": {
						"0.0": {
							"post": [0, 0, 0],
							"lerp_mode": "catmullrom"
						},
						"0.2333": {
							"post": [0, 1, -2.5],
							"lerp_mode": "catmullrom"
						},
						"0.4333": {
							"post": [0, 0.5, -1],
							"lerp_mode": "catmullrom"
						},
						"0.5667": {
							"post": [0, 1, -2.5],
							"lerp_mode": "catmullrom"
						},
						"0.7667": {
							"post": [-0.13, 1, -1],
							"lerp_mode": "catmullrom"
						},
						"1.1": {
							"post": [0, 0, -1.5],
							"lerp_mode": "catmullrom"
						},
						"1.6667": {
							"post": [3, 2, 1.5215],
							"lerp_mode": "catmullrom"
						},
						"2.1": {
							"post": [4, 3, 1.5258],
							"lerp_mode": "catmullrom"
						},
						"2.6667": {
							"post": [5, 3, 0.5112],
							"lerp_mode": "catmullrom"
						},
						"3.0333": {
							"post": [0.32187, -1.21037, -0.8405],
							"lerp_mode": "catmullrom"
						},
						"3.2333": {
							"post": [0.58, -1.72, 1],
							"lerp_mode": "catmullrom"
						},
						"3.4667": {
							"post": [1.6122, -1.7041, 0],
							"lerp_mode": "catmullrom"
						},
						"3.6333": {
							"post": [3, -1.72, 0.5],
							"lerp_mode": "catmullrom"
						},
						"3.8667": {
							"post": [3.5, -1.76, 0],
							"lerp_mode": "catmullrom"
						},
						"4.2333": {
							"post": [1.8138, -1.6253, 0.5],
							"lerp_mode": "catmullrom"
						},
						"4.5667": {
							"post": [-1.95, 0, -1],
							"lerp_mode": "catmullrom"
						},
						"4.7": {
							"post": [0, 0.43, -0.59],
							"lerp_mode": "catmullrom"
						},
						"4.8333": {
							"post": [0.5, 0.875, 0.47],
							"lerp_mode": "catmullrom"
						},
						"4.8667": {
							"post": [-0.35, 0.72, 1],
							"lerp_mode": "catmullrom"
						},
						"5.0": {
							"post": [-0.25, 0, -0.5],
							"lerp_mode": "catmullrom"
						},
						"5.0667": {
							"post": [0, 0, 0],
							"lerp_mode": "catmullrom"
						},
						"5.2": {
							"post": [-0.25, 0, -0.25],
							"lerp_mode": "catmullrom"
						},
						"5.2667": {
							"post": [0, 0, 0],
							"lerp_mode": "catmullrom"
						}
					}
				},
				"constraint": {
					"rotation": [0.2, 0.2, 0.2],
					"position": [0.2, 0.2, 0.2]
				},
				"additio0al_magazin11": {
					"scale": 0
				}
			},
			"sound_effects": {
				"0.0333": {
					"effect": "suffuse:mpdr/mpdr_up_1"
				},
				"0.3667": {
					"effect": "suffuse:mpdr/mpdr_up_2"
				},
				"3.0333": {
					"effect": "suffuse:mpdr/mpdr_tactical_down"
				},
				"4.2667": {
					"effect": "suffuse:mpdr/mpdr_up_1"
				},
				"4.4333": {
					"effect": "suffuse:mpdr/mpdr_tactical_up"
				},
				"4.9": {
					"effect": "suffuse:mpdr/mpdr_up_2"
				}
			}
		},
		"draw": {
			"loop": "hold_on_last_frame",
			"animation_length": 0.7,
			"bones": {
				"root": {
					"rotation": {
						"0.0": {
							"post": [0.811, -32.64455, 33.95463],
							"lerp_mode": "catmullrom"
						},
						"0.1": {
							"post": [-11.61699, -29.75023, 5.08656],
							"lerp_mode": "catmullrom"
						},
						"0.2667": {
							"post": [1.66031, -1.2456, 9.02063],
							"lerp_mode": "catmullrom"
						},
						"0.4": {
							"post": [-0.17371, 0.86146, -0.43694],
							"lerp_mode": "catmullrom"
						},
						"0.4667": {
							"post": [0.24996, -0.00436, 1.49999],
							"lerp_mode": "catmullrom"
						},
						"0.6": {
							"post": [0.00218, 0.24999, -0.75],
							"lerp_mode": "catmullrom"
						},
						"0.7": {
							"post": [0, 0, 0],
							"lerp_mode": "catmullrom"
						}
					},
					"position": {
						"0.0": {
							"post": [-3.18, -5.58, 13.525],
							"lerp_mode": "catmullrom"
						},
						"0.0667": {
							"post": [-0.9, -2.45, 2.7],
							"lerp_mode": "catmullrom"
						},
						"0.2": {
							"post": [-0.25, -0.9425, -1.14],
							"lerp_mode": "catmullrom"
						},
						"0.3": {
							"post": [-0.2, -0.1, 0.625],
							"lerp_mode": "catmullrom"
						},
						"0.4": {
							"post": [-0.01, 0.05, 0.55],
							"lerp_mode": "catmullrom"
						},
						"0.4333": {
							"post": [0, 0, 0.05],
							"lerp_mode": "catmullrom"
						},
						"0.5333": {
							"post": [0, -0.08125, 0],
							"lerp_mode": "catmullrom"
						},
						"0.7": {
							"post": [0, 0, 0],
							"lerp_mode": "catmullrom"
						}
					}
				},
				"lefthand": {
					"rotation": [119.72251, -14.35077, -196.61051],
					"position": [7.4975, -13.1125, -4.42],
					"scale": [1, 1.5, 1]
				},
				"righthand": {
					"rotation": [103.77062, 14.64903, -172.27149],
					"position": [-6.85, -13.4, 2.3],
					"scale": [1, 1.5, 1]
				},
				"camera": {
					"rotation": {
						"0.0": {
							"post": [0, 0, 0],
							"lerp_mode": "catmullrom"
						},
						"0.1": {
							"post": [1, 0, -0.42],
							"lerp_mode": "catmullrom"
						},
						"0.2": {
							"post": [0.5, -0.125, 0.47],
							"lerp_mode": "catmullrom"
						},
						"0.3": {
							"post": [-0.35, -0.28, 1],
							"lerp_mode": "catmullrom"
						},
						"0.4": {
							"post": [-0.25, 0, -0.5],
							"lerp_mode": "catmullrom"
						},
						"0.4667": {
							"post": [0, 0, 0],
							"lerp_mode": "catmullrom"
						},
						"0.5667": {
							"post": [-0.25, 0, -0.25],
							"lerp_mode": "catmullrom"
						},
						"0.7": {
							"post": [0, 0, 0],
							"lerp_mode": "catmullrom"
						}
					}
				}
			},
			"sound_effects": {
				"0.0667": {
					"effect": "tacz:scar_h/p05_ar_schotel_reload_raise"
				}
			}
		},
		"put_away": {
			"animation_length": 0.7,
			"bones": {
				"root": {
					"rotation": {
						"0.0": {
							"post": [0, 0, 0],
							"lerp_mode": "catmullrom"
						},
						"0.1": {
							"post": [4.56906, -15.13834, -4.40779],
							"lerp_mode": "catmullrom"
						},
						"0.2": {
							"post": [5.25021, -23.53658, -7.92584],
							"lerp_mode": "catmullrom"
						},
						"0.3333": {
							"post": [11.7555, -33.35419, 16.1768],
							"lerp_mode": "catmullrom"
						},
						"0.5667": {
							"post": [19.3549, -77.96499, 41.41022],
							"lerp_mode": "catmullrom"
						}
					},
					"position": {
						"0.0": {
							"post": [0, 0, 0],
							"lerp_mode": "catmullrom"
						},
						"0.0667": {
							"post": [0, -0.69, -0.02],
							"lerp_mode": "catmullrom"
						},
						"0.1667": {
							"post": [0.04101, -1.49446, -1.24079],
							"lerp_mode": "catmullrom"
						},
						"0.2667": {
							"post": [1.12506, -3.1216, -3.4718],
							"lerp_mode": "catmullrom"
						},
						"0.4": {
							"post": [3.48926, -5.53541, -3.46513],
							"lerp_mode": "catmullrom"
						},
						"0.5667": {
							"post": [9.66014, -17.98072, -5.27188],
							"lerp_mode": "catmullrom"
						},
						"0.6667": {
							"post": [10.66, -20.98, -5.27],
							"lerp_mode": "catmullrom"
						}
					}
				},
				"lefthand": {
					"rotation": [119.72251, -14.35077, -196.61051],
					"position": [7.4975, -13.1125, -4.42],
					"scale": [1, 1.5, 1]
				},
				"righthand": {
					"rotation": {
						"0.0": [103.77062, 14.64903, -172.27149],
						"0.2667": [158.27994, -0.70875, -215.03389]
					},
					"position": {
						"0.0": [-6.85, -13.4, 2.3],
						"0.1667": [-4.69, -13.44, 15.36],
						"0.2667": [-5.28346, -10.07156, 17.01573]
					},
					"scale": [1, 1.5, 1]
				},
				"camera": {
					"rotation": {
						"0.0": {
							"post": [0, 0, 0],
							"lerp_mode": "catmullrom"
						},
						"0.1": {
							"post": [1, 0.5, -1],
							"lerp_mode": "catmullrom"
						},
						"0.3333": {
							"post": [1, 0.5, 0],
							"lerp_mode": "catmullrom"
						},
						"0.4667": {
							"post": [1, 1, -1],
							"lerp_mode": "catmullrom"
						},
						"0.6667": {
							"post": [0, 0, 0],
							"lerp_mode": "catmullrom"
						}
					}
				}
			},
			"sound_effects": {
				"0.0333": {
					"effect": "tacz:scar_h/p05_ar_schotel_ubgl_drop_rattle"
				}
			}
		}
	}
}