{
	"format_version": "1.8.0",
	"animations": {
		"static_idle": {
			"loop": true,
			"animation_length": 1.2083,
			"bones": {
				"root": {
					"rotation": [0, 0, 0],
					"position": [0, 0, 0]
				},
				"mag_and_lh": {
					"rotation": [0, 0, 0],
					"position": [0, 0, 0]
				},
				"lefthand": {
					"rotation": [107.86682, -38.36158, -141.77743],
					"position": [7.32, -10.87, -14.22],
					"scale": [1, 1.5, 1]
				},
				"righthand": {
					"rotation": [100.5, -360, -175.75],
					"position": [-6.85, -13.3, -1.425],
					"scale": [1, 1.5, 1]
				},
				"constraint": {
					"rotation": [0.3, 0.3, 0.3],
					"position": [0.3, 0.3, 0.3]
				},
				"camera": {
					"rotation": [0, 0, 0],
					"position": [0, 0, 0]
				}
			}
		},
		"static_bolt_caught": {
			"loop": true,
			"bones": {
				"root": {
					"rotation": [0, 0, 0],
					"position": [0, 0, 0]
				},
				"mag_and_lh": {
					"rotation": [0, 0, 0],
					"position": [0, 0, 0]
				},
				"lefthand": {
					"rotation": [107.86682, -38.36158, -141.77743],
					"position": [7.32, -10.87, -14.22],
					"scale": [1, 1.5, 1]
				},
				"righthand": {
					"rotation": [100.5, -360, -175.75],
					"position": [-6.85, -13.3, -1.425],
					"scale": [1, 1.5, 1]
				},
				"camera": {
					"rotation": [0, 0, 0],
					"position": [0, 0, 0]
				},
				"bone18": {
					"rotation": [0, 0, 7.5],
					"position": [0.1, 0, 0]
				},
				"bolt": {
					"position": [0, 0, 3.3]
				},
				"constraint": {
					"rotation": [0.3, 0.3, 0.3],
					"position": [0.3, 0.3, 0.3]
				}
			}
		},
		"draw": {
			"animation_length": 0.7333,
			"bones": {
				"root": {
					"rotation": {
						"0.0": {
							"post": [0.811, -32.64455, 33.95463],
							"lerp_mode": "catmullrom"
						},
						"0.1": {
							"post": [5.88301, -29.75023, 5.08656],
							"lerp_mode": "catmullrom"
						},
						"0.2667": {
							"post": [0.28514, -4.44535, -0.52252],
							"lerp_mode": "catmullrom"
						},
						"0.3667": {
							"post": [-0.8526, -0.39013, -4.13439],
							"lerp_mode": "catmullrom"
						},
						"0.4333": {
							"post": [-0.01, -0.435, -0.76],
							"lerp_mode": "catmullrom"
						},
						"0.5": {
							"post": [1.01337, -0.38036, -1.29904],
							"lerp_mode": "catmullrom"
						},
						"0.6333": {
							"post": [0, 0.25, -1.25],
							"lerp_mode": "catmullrom"
						},
						"0.7333": {
							"post": [0, 0, 0],
							"lerp_mode": "catmullrom"
						}
					},
					"position": {
						"0.0": {
							"post": [-3.18, -5.58, 13.525],
							"lerp_mode": "catmullrom"
						},
						"0.1": {
							"post": [-0.9, -2.45, 2.7],
							"lerp_mode": "catmullrom"
						},
						"0.2333": {
							"post": [-0.25, -0.9425, -1.14],
							"lerp_mode": "catmullrom"
						},
						"0.3": {
							"post": [-0.03, -0.3025, -0.8],
							"lerp_mode": "catmullrom"
						},
						"0.4": {
							"post": [-0.03, -0.1475, -0.145],
							"lerp_mode": "catmullrom"
						},
						"0.5": {
							"post": [-0.01, -0.2, 0.065],
							"lerp_mode": "catmullrom"
						},
						"0.5667": {
							"post": [0, -0.08125, 0],
							"lerp_mode": "catmullrom"
						},
						"0.7333": {
							"post": [0, 0, 0],
							"lerp_mode": "catmullrom"
						}
					}
				},
				"lefthand": {
					"rotation": [107.86682, -38.36158, -141.77743],
					"position": [7.32, -10.87, -14.22],
					"scale": [1, 1.5, 1]
				},
				"righthand": {
					"rotation": [100.5, -360, -175.75],
					"position": [-6.85, -13.3, -1.425],
					"scale": [1, 1.5, 1]
				},
				"camera": {
					"rotation": {
						"0.0": {
							"post": [0, 0, 0],
							"lerp_mode": "catmullrom"
						},
						"0.1667": {
							"post": [0.45, -0.175, 0.6],
							"lerp_mode": "catmullrom"
						},
						"0.4": {
							"post": [-0.1, 0.05, -0.175],
							"lerp_mode": "catmullrom"
						},
						"0.5": {
							"post": [0.05, 0, 0.05],
							"lerp_mode": "catmullrom"
						},
						"0.6667": {
							"post": [0, 0, 0],
							"lerp_mode": "catmullrom"
						}
					}
				}
			},
			"sound_effects": {
				"0.0667": {
					"effect": "tacz:scar_h/p05_ar_schotel_reload_raise"
				}
			}
		},
		"put_away": {
			"animation_length": 0.5333,
			"bones": {
				"root": {
					"rotation": {
						"0.0": {
							"post": [0, 0, 0],
							"lerp_mode": "catmullrom"
						},
						"0.1": {
							"post": [-0.51171, -3.6801, -4.19401],
							"lerp_mode": "catmullrom"
						},
						"0.2333": {
							"post": [4.36882, -11.73179, -10.29382],
							"lerp_mode": "catmullrom"
						},
						"0.3333": {
							"post": [11.60471, -21.56305, -3.66288],
							"lerp_mode": "catmullrom"
						},
						"0.4333": {
							"post": [16.97, -33.62, 3.38],
							"lerp_mode": "catmullrom"
						},
						"0.5333": {
							"post": [34.73, -44.04, -3.09],
							"lerp_mode": "catmullrom"
						}
					},
					"position": {
						"0.0": {
							"post": [0, 0, 0],
							"lerp_mode": "catmullrom"
						},
						"0.1": {
							"post": [0, -0.49, -0.02],
							"lerp_mode": "catmullrom"
						},
						"0.2333": {
							"post": [-0.52, -1.47, -0.56],
							"lerp_mode": "catmullrom"
						},
						"0.3333": {
							"post": [-0.36, -2.92, -0.84],
							"lerp_mode": "catmullrom"
						},
						"0.4333": {
							"post": [0.13, -5.86, -0.16],
							"lerp_mode": "catmullrom"
						},
						"0.5333": {
							"post": [1.72, -9.68, 0.16],
							"lerp_mode": "catmullrom"
						}
					}
				},
				"lefthand": {
					"rotation": {
						"0.0": {
							"post": [107.86682, -38.36158, -141.77743],
							"lerp_mode": "catmullrom"
						},
						"0.1333": {
							"post": [155.13843, 3.15772, -219.72112],
							"lerp_mode": "catmullrom"
						},
						"0.2667": {
							"post": [168.76095, 1.2363, -229.54249],
							"lerp_mode": "catmullrom"
						}
					},
					"position": {
						"0.0": {
							"post": [7.32, -10.87, -14.22],
							"lerp_mode": "catmullrom"
						},
						"0.0667": {
							"post": [8.91228, -10.10193, -12.62709],
							"lerp_mode": "catmullrom"
						},
						"0.1333": {
							"post": [7.71811, -7.10734, -13.9746],
							"lerp_mode": "catmullrom"
						},
						"0.2667": {
							"post": [5.88896, -7.80211, -13.72149],
							"lerp_mode": "catmullrom"
						}
					},
					"scale": [1, 1.5, 1]
				},
				"righthand": {
					"rotation": [100.5, -360, -175.75],
					"position": [-6.85, -13.3, -1.425],
					"scale": [1, 1.5, 1]
				},
				"camera": {
					"rotation": {
						"0.0": {
							"post": [0, 0, 0],
							"lerp_mode": "catmullrom"
						},
						"0.1333": {
							"post": [0.35, 0.025, -0.225],
							"lerp_mode": "catmullrom"
						},
						"0.3": {
							"post": [0.1, 0.025, 0.075],
							"lerp_mode": "catmullrom"
						},
						"0.4333": {
							"post": [0, 0, 0],
							"lerp_mode": "catmullrom"
						}
					}
				}
			},
			"sound_effects": {
				"0.0333": {
					"effect": "tacz:scar_h/p05_ar_schotel_ubgl_drop_rattle"
				}
			}
		},
		"reload_tactical": {
			"animation_length": 2.5185,
			"bones": {
				"root": {
					"rotation": {
						"0.0": {
							"post": [0, 0, 0],
							"lerp_mode": "catmullrom"
						},
						"0.1111": {
							"post": [-0.67997, -0.46749, 10.37018],
							"lerp_mode": "catmullrom"
						},
						"0.2593": {
							"post": [-9.1904, -3.64732, -30.21286],
							"lerp_mode": "catmullrom"
						},
						"0.4074": {
							"post": [-8.05789, -3.72255, -21.04297],
							"lerp_mode": "catmullrom"
						},
						"0.6296": {
							"post": [-11.68311, -2.66254, -24.15128],
							"lerp_mode": "catmullrom"
						},
						"0.7407": {
							"post": [-13.71684, -6.31386, -23.55622],
							"lerp_mode": "catmullrom"
						},
						"0.8148": {
							"post": [-7.55245, -3.79124, -15.11043],
							"lerp_mode": "catmullrom"
						},
						"0.8519": {
							"post": [-10.31305, -5.89098, -17.55467],
							"lerp_mode": "catmullrom"
						},
						"0.9259": {
							"post": [-12.26773, -6.62484, -31.41155],
							"lerp_mode": "catmullrom"
						},
						"1.0": {
							"post": [-14.7, -4.79, -28.3],
							"lerp_mode": "catmullrom"
						},
						"1.0741": {
							"post": [-15.51132, -4.10305, -19.14636],
							"lerp_mode": "catmullrom"
						},
						"1.1111": {
							"post": [-16.32311, -1.37186, -25.83254],
							"lerp_mode": "catmullrom"
						},
						"1.1852": {
							"post": [-16.01812, -2.00687, -22.32312],
							"lerp_mode": "catmullrom"
						},
						"1.2593": {
							"post": [-16.90302, -2.66573, -22.79518],
							"lerp_mode": "catmullrom"
						},
						"1.3333": {
							"post": [-9.27823, 1.11995, -1.75658],
							"lerp_mode": "catmullrom"
						},
						"1.3704": {
							"post": [-8.88369, -1.84058, -20.41855],
							"lerp_mode": "catmullrom"
						},
						"1.4074": {
							"post": [-10.41437, -0.98, -14.99],
							"lerp_mode": "catmullrom"
						},
						"1.5185": {
							"post": [-11.36345, -0.39535, -26.01934],
							"lerp_mode": "catmullrom"
						},
						"1.6667": {
							"post": [-12.07904, 2.17743, -15.02504],
							"lerp_mode": "catmullrom"
						},
						"1.8889": {
							"post": [0.89657, -0.98199, 9.53796],
							"lerp_mode": "catmullrom"
						},
						"1.963": {
							"post": [1.56884, -0.04298, 0.53197],
							"lerp_mode": "catmullrom"
						},
						"2.1111": {
							"post": [1.52534, 1.53911, -0.90346],
							"lerp_mode": "catmullrom"
						},
						"2.1852": {
							"post": [-0.17371, 0.86146, -0.43694],
							"lerp_mode": "catmullrom"
						},
						"2.2593": {
							"post": [0.24996, -0.00436, 1.49999],
							"lerp_mode": "catmullrom"
						},
						"2.3704": {
							"post": [0.00218, 0.24999, -0.75],
							"lerp_mode": "catmullrom"
						},
						"2.4815": {
							"post": [0, 0, 0],
							"lerp_mode": "catmullrom"
						}
					},
					"position": {
						"0.0": {
							"post": [0, 0, 0],
							"lerp_mode": "catmullrom"
						},
						"0.0741": {
							"post": [-0.48312, -0.625, -0.815],
							"lerp_mode": "catmullrom"
						},
						"0.2222": {
							"post": [0.17907, 0.7193, -0.56944],
							"lerp_mode": "catmullrom"
						},
						"0.3333": {
							"post": [-0.14, 0.12, 0.1],
							"lerp_mode": "catmullrom"
						},
						"0.4815": {
							"post": [-0.35, 0.01, 0.08],
							"lerp_mode": "catmullrom"
						},
						"0.6667": {
							"post": [0.11439, 0.62915, -0.06639],
							"lerp_mode": "catmullrom"
						},
						"0.7407": {
							"post": [0.06, 0.39, 0.53],
							"lerp_mode": "catmullrom"
						},
						"0.7778": {
							"post": [-0.00744, 0.13962, 0.29031],
							"lerp_mode": "catmullrom"
						},
						"0.8519": {
							"post": [-0.68, 0.43, 0.64],
							"lerp_mode": "catmullrom"
						},
						"1.0": {
							"post": [-0.53716, 1.16551, 0.66043],
							"lerp_mode": "catmullrom"
						},
						"1.037": {
							"post": [-0.52, 0.98, 0.51],
							"lerp_mode": "catmullrom"
						},
						"1.1111": {
							"post": [-0.521, 0.57747, 0.18603],
							"lerp_mode": "catmullrom"
						},
						"1.1852": {
							"post": [-0.59812, 0.535, 0.44813],
							"lerp_mode": "catmullrom"
						},
						"1.2593": {
							"post": [-0.41062, 0.435, 0.54188],
							"lerp_mode": "catmullrom"
						},
						"1.3333": {
							"post": [-1.00813, -0.17143, 0.37437],
							"lerp_mode": "catmullrom"
						},
						"1.3704": {
							"post": [-0.7, 0.25, 0.38],
							"lerp_mode": "catmullrom"
						},
						"1.5185": {
							"post": [-0.55217, -0.01235, 0.4178],
							"lerp_mode": "catmullrom"
						},
						"1.5926": {
							"post": [-0.57, -0.69, 0.42],
							"lerp_mode": "catmullrom"
						},
						"1.7037": {
							"post": [-0.60837, -0.75424, 0.33752],
							"lerp_mode": "catmullrom"
						},
						"1.8148": {
							"post": [0.425, -0.41, -0.1875],
							"lerp_mode": "catmullrom"
						},
						"1.8889": {
							"post": [0.2125, -0.31, -0.8925],
							"lerp_mode": "catmullrom"
						},
						"1.963": {
							"post": [0.2125, -0.4975, -0.3675],
							"lerp_mode": "catmullrom"
						},
						"2.037": {
							"post": [-0.2, -0.1, 0.175],
							"lerp_mode": "catmullrom"
						},
						"2.1111": {
							"post": [-0.01, 0.05, -0.05],
							"lerp_mode": "catmullrom"
						},
						"2.2222": {
							"post": [0, 0, -0.25],
							"lerp_mode": "catmullrom"
						},
						"2.3333": {
							"post": [0, -0.08125, 0],
							"lerp_mode": "catmullrom"
						},
						"2.4815": {
							"post": [0, 0, 0],
							"lerp_mode": "catmullrom"
						}
					}
				},
				"mag_and_lh": {
					"rotation": {
						"0.0": {
							"post": [0, 0, 0],
							"lerp_mode": "catmullrom"
						},
						"0.2222": {
							"post": [-39.02296, 38.95401, -63.30304],
							"lerp_mode": "catmullrom"
						},
						"0.3704": {
							"post": [-39.02, 38.95, -63.3],
							"lerp_mode": "catmullrom"
						},
						"0.5185": {
							"post": [-32.30372, 11.93059, -57.5106],
							"lerp_mode": "catmullrom"
						},
						"0.6296": {
							"post": [-72.42483, -0.55123, -7.30537],
							"lerp_mode": "catmullrom"
						},
						"0.7778": [-72.42483, -0.55123, -7.30537],
						"0.8148": [-80.58707, -1.87199, 0.58196],
						"1.037": [-2.9959, -0.15694, -2.9959],
						"1.2963": [-3, 0, 0],
						"1.3333": {
							"pre": [0, 0, 0],
							"post": [0, 0, 0],
							"lerp_mode": "catmullrom"
						}
					},
					"position": {
						"0.0": {
							"post": [0, 0, 0],
							"lerp_mode": "catmullrom"
						},
						"0.2222": {
							"post": [17.70249, -10.40524, 9.28036],
							"lerp_mode": "catmullrom"
						},
						"0.3704": {
							"post": [18.56, -8.25, 10.14],
							"lerp_mode": "catmullrom"
						},
						"0.5185": {
							"post": [7.39063, -5.01562, 0],
							"lerp_mode": "catmullrom"
						},
						"0.6296": {
							"post": [0.60524, -6.45156, 2.15885],
							"lerp_mode": "catmullrom"
						},
						"0.7778": [0.60524, -6.45156, 2.15885],
						"0.8148": [-0.05578, -9.817, 1.81891],
						"1.037": [0.10938, -2.95336, -0.50663],
						"1.1481": [0.08906, -2.45127, -0.48339],
						"1.2222": [0.08953, -2.23104, -0.47338],
						"1.2963": [0.08953, -2.23104, -0.47338],
						"1.3333": {
							"pre": [0, 0, 0],
							"post": [0, 0, 0],
							"lerp_mode": "catmullrom"
						}
					}
				},
				"lefthand": {
					"rotation": {
						"0.0": [107.86682, -38.36158, -141.77743],
						"0.3704": [107.86682, -38.36158, -141.77743],
						"0.4074": [103.53079, -5.13235, -179.3533],
						"1.037": [103.53079, -5.13235, -179.3533],
						"1.3333": [103.53079, -5.13235, -179.3533],
						"1.4815": [103.53079, -5.13235, -179.3533],
						"1.6667": {
							"pre": [130.66403, -17.41783, -231.62106],
							"post": [130.66403, -17.41783, -231.62106],
							"lerp_mode": "catmullrom"
						},
						"1.8889": [107.86682, -38.36158, -141.77743]
					},
					"position": {
						"0.0": [7.32, -10.87, -14.22],
						"0.3704": [7.32, -10.87, -14.22],
						"0.4074": [6.7545, -16.18454, -8.53369],
						"1.037": [6.75882, -19.16358, -8.11119],
						"1.3333": [6.75882, -19.16358, -8.11119],
						"1.4815": [6.75882, -19.16358, -8.11119],
						"1.6667": {
							"pre": [16.36033, -29.24474, -0.30528],
							"post": [16.36033, -29.24474, -0.30528],
							"lerp_mode": "catmullrom"
						},
						"1.7407": {
							"post": [9.9202, -14.59104, -5.41521],
							"lerp_mode": "catmullrom"
						},
						"1.8889": [7.32, -10.87, -14.22]
					},
					"scale": [1, 1.5, 1]
				},
				"righthand": {
					"rotation": {
						"0.0": {
							"post": [100.5, -360, -175.75],
							"lerp_mode": "catmullrom"
						},
						"0.0741": {
							"post": [100.47499, -359.27163, -179.68323],
							"lerp_mode": "catmullrom"
						},
						"1.8889": {
							"post": [100.47499, -359.27163, -179.68323],
							"lerp_mode": "catmullrom"
						},
						"2.0": {
							"post": [100.5, -360, -175.75],
							"lerp_mode": "catmullrom"
						}
					},
					"position": {
						"0.0": {
							"post": [-6.85, -13.3, -1.425],
							"lerp_mode": "catmullrom"
						},
						"0.0741": {
							"post": [-7.4125, -13.3, -0.99812],
							"lerp_mode": "catmullrom"
						},
						"1.8889": {
							"post": [-7.4125, -13.3, -0.99812],
							"lerp_mode": "catmullrom"
						},
						"2.0": {
							"post": [-6.85, -13.3, -1.425],
							"lerp_mode": "catmullrom"
						}
					},
					"scale": [1, 1.5, 1]
				},
				"constraint": {
					"rotation": {
						"0.0": [0.2, 0.2, 0.2],
						"0.1481": [0.1, 0.2, 0.2],
						"1.8889": [0.1, 0.2, 0.2],
						"2.037": [0.2, 0.2, 0.2]
					},
					"position": {
						"0.0": [0.2, 0.1, 0.3],
						"0.1481": [0.2, 0.1, 0.3],
						"1.8889": [0.2, 0.1, 0.3],
						"2.037": [0.2, 0.1, 0.3]
					}
				},
				"additional_magazine": {
					"rotation": {
						"0.7778": [0, 0, 0],
						"0.8148": [0, 0, 0],
						"1.0": [74.35, 3.28, -0.13],
						"1.037": [89.21699, 3.93926, -0.15637],
						"1.2963": [88.92494, 0.9141, -2.10864],
						"1.3333": [89.04435, 1.0383, 4.89127],
						"1.4815": [89.04435, 1.0383, 4.89127],
						"1.6667": {
							"pre": [58.81085, 20.43653, -52.94548],
							"post": [58.81085, 20.43653, -52.94548],
							"lerp_mode": "catmullrom"
						}
					},
					"position": {
						"0.7778": [0, 0, 0],
						"0.8148": [0, -3.57812, 0],
						"1.037": [-0.16077, -6.86199, -6.62646],
						"1.1481": [-0.23335, -6.35022, -6.60866],
						"1.2593": [-0.29147, -6.24044, -6.59746],
						"1.2963": [-0.29147, -6.24044, -6.59746],
						"1.3333": [-0.1373, -3.78093, -6.60263],
						"1.4815": [-0.1373, -3.78093, -6.60263],
						"1.6667": {
							"pre": [6.59285, -15.02349, 3.49907],
							"post": [6.59285, -15.02349, 3.49907],
							"lerp_mode": "catmullrom"
						},
						"1.7778": {
							"post": [13.30703, -25.95428, 1.77306],
							"lerp_mode": "catmullrom"
						}
					},
					"scale": {
						"1.7778": {
							"pre": [1, 1, 1],
							"post": [0, 0, 0]
						}
					}
				},
				"magazine": {
					"scale": {
						"0.3704": {
							"pre": [0, 0, 0],
							"post": [1, 1, 1]
						}
					}
				},
				"mag_release": {
					"position": {
						"0.7407": {
							"pre": [0, 0, 0],
							"post": [0, 0, 0],
							"lerp_mode": "catmullrom"
						},
						"0.8148": {
							"post": [0.26563, 0, 0],
							"lerp_mode": "catmullrom"
						},
						"0.8889": [0, 0, 0],
						"1.2963": [0, 0, 0],
						"1.3333": {
							"pre": [0.26563, 0, 0],
							"post": [0.26563, 0, 0],
							"lerp_mode": "catmullrom"
						},
						"1.3704": [0, 0, 0]
					}
				},
				"camera": {
					"rotation": {
						"0.0": {
							"post": [0, 0, 0],
							"lerp_mode": "catmullrom"
						},
						"0.1111": {
							"post": [1, 0, -1],
							"lerp_mode": "catmullrom"
						},
						"0.2593": {
							"post": [1.5, 0.5, 0.5],
							"lerp_mode": "catmullrom"
						},
						"0.3333": {
							"post": [1.25, 0.25, -0.5],
							"lerp_mode": "catmullrom"
						},
						"0.4444": {
							"post": [2, -0.25, 0],
							"lerp_mode": "catmullrom"
						},
						"0.5556": {
							"post": [1.98, -0.3, 0.5],
							"lerp_mode": "catmullrom"
						},
						"0.6296": {
							"post": [2, -0.5, 0.5],
							"lerp_mode": "catmullrom"
						},
						"0.7778": {
							"post": [2, 0, -0.5],
							"lerp_mode": "catmullrom"
						},
						"0.8148": {
							"post": [1.22, 0.27, 0.5],
							"lerp_mode": "catmullrom"
						},
						"0.8889": {
							"post": [1, 0.25, -1],
							"lerp_mode": "catmullrom"
						},
						"0.963": {
							"post": [1, 0.25, 0],
							"lerp_mode": "catmullrom"
						},
						"1.037": {
							"post": [2, 0.5, -0.5],
							"lerp_mode": "catmullrom"
						},
						"1.0741": {
							"post": [1.75, 0.51, 0.5],
							"lerp_mode": "catmullrom"
						},
						"1.1852": {
							"post": [2.5, 0.5, -0.25],
							"lerp_mode": "catmullrom"
						},
						"1.3333": {
							"post": [2, 0.75, 0.29],
							"lerp_mode": "catmullrom"
						},
						"1.3704": {
							"post": [0.83, 0.36, -1],
							"lerp_mode": "catmullrom"
						},
						"1.4444": {
							"post": [1.5, 0.25, 0.5],
							"lerp_mode": "catmullrom"
						},
						"1.5185": {
							"post": [1, 0, -0.25],
							"lerp_mode": "catmullrom"
						},
						"1.6296": {
							"post": [1, 0.25, -0.25],
							"lerp_mode": "catmullrom"
						},
						"1.8148": {
							"post": [0, 0, -0.42],
							"lerp_mode": "catmullrom"
						},
						"1.9259": {
							"post": [0.5, -0.125, 0.47],
							"lerp_mode": "catmullrom"
						},
						"2.0": {
							"post": [-0.35, -0.28, 1],
							"lerp_mode": "catmullrom"
						},
						"2.1111": {
							"post": [-0.25, 0, -0.5],
							"lerp_mode": "catmullrom"
						},
						"2.1852": {
							"post": [0, 0, 0],
							"lerp_mode": "catmullrom"
						},
						"2.2963": {
							"post": [-0.25, 0, -0.25],
							"lerp_mode": "catmullrom"
						},
						"2.4074": {
							"post": [0, 0, 0],
							"lerp_mode": "catmullrom"
						}
					}
				},
				"bullet": {
					"scale": {
						"0.4444": [0, 0, 0],
						"0.4815": [1, 1, 1]
					}
				}
			},
			"sound_effects": {
				"0.1111": {
					"effect": "suffuse:n4/n4_up"
				},
				"0.7407": {
					"effect": "suffuse:n4/n4_magout"
				},
				"0.8889": {
					"effect": "suffuse:n4/n4_magin_1"
				},
				"1.1852": {
					"effect": "suffuse:n4/n4_magin_2"
				},
				"1.7778": {
					"effect": "suffuse:n4/n4_down"
				}
			}
		},
		"reload_empty": {
			"animation_length": 3.1,
			"bones": {
				"root": {
					"rotation": {
						"0.0": [0, 0, 0],
						"0.1": {
							"pre": [-11.83392, 5.11963, 49.19036],
							"post": [-11.83392, 5.11963, 49.19036],
							"lerp_mode": "catmullrom"
						},
						"0.2": {
							"post": [-14.99227, 12.64692, 70.11],
							"lerp_mode": "catmullrom"
						},
						"0.3667": {
							"post": [-20.25, 10.32, 58.67],
							"lerp_mode": "catmullrom"
						},
						"0.5": {
							"post": [-17.34553, 6.45933, 20.97805],
							"lerp_mode": "catmullrom"
						},
						"0.5667": {
							"post": [-14.11297, -18.5427, -34.62458],
							"lerp_mode": "catmullrom"
						},
						"0.6667": {
							"post": [-16.51803, -4.82193, -28.49068],
							"lerp_mode": "catmullrom"
						},
						"0.7333": {
							"post": [-16.69173, -7.68201, -31.79891],
							"lerp_mode": "catmullrom"
						},
						"0.8667": {
							"post": [-13.85155, -0.27449, -24.46439],
							"lerp_mode": "catmullrom"
						},
						"1.0667": {
							"post": [-10.46413, -5.42659, -32.63447],
							"lerp_mode": "catmullrom"
						},
						"1.2": {
							"post": [-12.61471, -13.01842, -31.55377],
							"lerp_mode": "catmullrom"
						},
						"1.3333": {
							"post": [-14.42239, -9.90874, -20.44324],
							"lerp_mode": "catmullrom"
						},
						"1.4667": {
							"post": [-15.41596, -8.79115, -25.8745],
							"lerp_mode": "catmullrom"
						},
						"1.5667": {
							"post": [-10.7556, -7.74084, -34.81308],
							"lerp_mode": "catmullrom"
						},
						"1.6": {
							"post": [-16.45461, -5.35134, -25.90429],
							"lerp_mode": "catmullrom"
						},
						"1.6667": {
							"post": [-14.38281, -7.95689, -37.18421],
							"lerp_mode": "catmullrom"
						},
						"1.7333": {
							"post": [-13.12477, -7.17695, -33.47741],
							"lerp_mode": "catmullrom"
						},
						"1.9667": {
							"post": [-7.43285, -1.05292, -9.45771],
							"lerp_mode": "catmullrom"
						},
						"2.0667": {
							"post": [-7.75683, -1.36331, -6.53507],
							"lerp_mode": "catmullrom"
						},
						"2.1333": {
							"post": [-7.1619, 1.35201, 8.9831],
							"lerp_mode": "catmullrom"
						},
						"2.1667": {
							"post": [-6.37376, 4.10555, -9.08582],
							"lerp_mode": "catmullrom"
						},
						"2.2333": {
							"post": [-4.1497, 1.72777, -10.35061],
							"lerp_mode": "catmullrom"
						},
						"2.3": {
							"post": [-3.509, -0.13061, -5.10373],
							"lerp_mode": "catmullrom"
						},
						"2.4333": {
							"post": [0.89657, -0.98199, 9.53796],
							"lerp_mode": "catmullrom"
						},
						"2.5333": {
							"post": [1.56884, -0.04298, 0.53197],
							"lerp_mode": "catmullrom"
						},
						"2.6667": {
							"post": [1.52534, 1.53911, -0.90346],
							"lerp_mode": "catmullrom"
						},
						"2.7333": {
							"post": [-0.17371, 0.86146, -0.43694],
							"lerp_mode": "catmullrom"
						},
						"2.8": {
							"post": [0.24996, -0.00436, 1.49999],
							"lerp_mode": "catmullrom"
						},
						"2.9333": {
							"post": [0.00218, 0.24999, -0.75],
							"lerp_mode": "catmullrom"
						},
						"3.0333": {
							"post": [0, 0, 0],
							"lerp_mode": "catmullrom"
						}
					},
					"position": {
						"0.0": [0, 0, 0],
						"0.2": {
							"pre": [-0.08428, 0.90551, 0.01298],
							"post": [-0.08428, 0.90551, 0.01298],
							"lerp_mode": "catmullrom"
						},
						"0.3667": {
							"post": [0.24562, 0.42243, -0.74144],
							"lerp_mode": "catmullrom"
						},
						"0.5": {
							"post": [0.48, -0.1075, 0],
							"lerp_mode": "catmullrom"
						},
						"0.5667": {
							"post": [0.43, -1.045, -0.9],
							"lerp_mode": "catmullrom"
						},
						"0.6333": {
							"post": [1.005, -0.78641, -1.275],
							"lerp_mode": "catmullrom"
						},
						"0.7": {
							"post": [0.73, -0.8, -1.95],
							"lerp_mode": "catmullrom"
						},
						"0.7667": {
							"post": [0.33, -0.72, -1.33],
							"lerp_mode": "catmullrom"
						},
						"0.9667": {
							"post": [0.19, -0.02, -0.87],
							"lerp_mode": "catmullrom"
						},
						"1.1333": {
							"post": [0.285, 0.19, -0.87],
							"lerp_mode": "catmullrom"
						},
						"1.2667": {
							"post": [0.155, 0.5025, -1],
							"lerp_mode": "catmullrom"
						},
						"1.3333": {
							"post": [0.1, 0.52, -1.03],
							"lerp_mode": "catmullrom"
						},
						"1.4333": {
							"post": [-0.39579, 0.67093, -0.74318],
							"lerp_mode": "catmullrom"
						},
						"1.5333": {
							"post": [-0.68, 0.665, -0.99],
							"lerp_mode": "catmullrom"
						},
						"1.6": {
							"post": [-0.51, 0.355, -0.96],
							"lerp_mode": "catmullrom"
						},
						"1.6333": {
							"post": [-0.84064, 0.64126, -0.76093],
							"lerp_mode": "catmullrom"
						},
						"1.7": {
							"post": [-0.93123, 0.64913, -0.742],
							"lerp_mode": "catmullrom"
						},
						"1.8": {
							"post": [-1.19981, 0.70782, -0.68418],
							"lerp_mode": "catmullrom"
						},
						"1.9667": {
							"post": [0.45, 0.0825, 0.125],
							"lerp_mode": "catmullrom"
						},
						"2.0667": {
							"post": [0.7125, -0.17, 0.125],
							"lerp_mode": "catmullrom"
						},
						"2.1": {
							"post": [0.52, -0.03, 0.16],
							"lerp_mode": "catmullrom"
						},
						"2.1333": {
							"post": [0.2875, 0.0175, 0.1875],
							"lerp_mode": "catmullrom"
						},
						"2.1667": {
							"post": [-0.04, -0.13, 0.17],
							"lerp_mode": "catmullrom"
						},
						"2.2": {
							"post": [0.17, -0.02, 0.14],
							"lerp_mode": "catmullrom"
						},
						"2.2333": {
							"post": [-0.085, 0.15, 0.05],
							"lerp_mode": "catmullrom"
						},
						"2.3667": {
							"post": [0.425, 0.19, -0.1875],
							"lerp_mode": "catmullrom"
						},
						"2.4333": {
							"post": [0.2125, -0.31, -0.8925],
							"lerp_mode": "catmullrom"
						},
						"2.5333": {
							"post": [0.2125, -0.4975, -0.3675],
							"lerp_mode": "catmullrom"
						},
						"2.6": {
							"post": [-0.2, -0.1, 0.175],
							"lerp_mode": "catmullrom"
						},
						"2.6667": {
							"post": [-0.01, 0.05, -0.05],
							"lerp_mode": "catmullrom"
						},
						"2.7667": {
							"post": [0, 0, -0.25],
							"lerp_mode": "catmullrom"
						},
						"2.8667": {
							"post": [0, -0.08125, 0],
							"lerp_mode": "catmullrom"
						},
						"3.0333": {
							"post": [0, 0, 0],
							"lerp_mode": "catmullrom"
						}
					}
				},
				"additional_magazine": {
					"rotation": {
						"0.0": {
							"post": [0, 0, 0],
							"lerp_mode": "catmullrom"
						},
						"0.3333": {
							"post": [0, 0, 0],
							"lerp_mode": "catmullrom"
						},
						"0.5333": [0, 0, 1.9],
						"0.5667": [0, 0, 0],
						"0.6333": [0, 0, -47.19],
						"0.9667": {
							"pre": [0, 0, -171],
							"post": [0, 0, -171],
							"lerp_mode": "catmullrom"
						},
						"1.0333": {
							"post": [0, 0, -155],
							"lerp_mode": "catmullrom"
						}
					},
					"position": {
						"0.0": {
							"post": [0, 0, 0],
							"lerp_mode": "catmullrom"
						},
						"0.4": {
							"post": [0, 0, 0],
							"lerp_mode": "catmullrom"
						},
						"0.5333": [-0.2155, 0.03759, 0],
						"0.5667": [0.11, -3.65625, 0],
						"0.6": [3.10386, -9.40776, 0.69831],
						"0.6333": {
							"pre": [8.7404, -14.01867, 0.8254],
							"post": [8.7404, -14.01867, 0.8254],
							"lerp_mode": "catmullrom"
						},
						"0.6667": {
							"post": [15.51211, -17.89194, 2.67496],
							"lerp_mode": "catmullrom"
						},
						"0.7": {
							"post": [16.81506, -24.11944, 3.33108],
							"lerp_mode": "catmullrom"
						},
						"1.0": {
							"post": [33.29571, -61.15984, 0],
							"lerp_mode": "catmullrom"
						}
					},
					"scale": {
						"1.0": {
							"pre": [1, 1, 1],
							"post": [0, 0, 0]
						}
					}
				},
				"mag_and_lh": {
					"rotation": {
						"0.0": [0, 0, 0],
						"0.4": [0, 0, 0],
						"0.9333": [0, 0, 0],
						"0.9667": [-86.40144, -2.20208, -12.34452],
						"1.2": [1.84475, -1.28649, -52.0968],
						"1.3667": [0.06548, -2.49914, -1.50143],
						"1.4333": [0.03381, 4.16774, 0.83321],
						"1.5": [0, 0, 0]
					},
					"position": {
						"0.0": [0, 0, 0],
						"0.4": [0, 0, 0],
						"0.9333": [0, 0, 0],
						"0.9667": [3.34, -12.06, 11.045],
						"1.2": [3.175, -6.625, 0],
						"1.3667": [0.16302, -3.63547, -0.01744],
						"1.4": [-0.02333, -2.80373, 0.01437],
						"1.4333": [-0.02333, -2.80373, 0.01437],
						"1.4667": [0, -2.52, 0],
						"1.5333": [0, -1.68, 0],
						"1.5667": [0, 0, 0]
					},
					"scale": 1
				},
				"magazine": {
					"scale": {
						"1.1333": [0, 0, 0],
						"1.1667": [1, 1, 1]
					}
				},
				"bullet": {
					"rotation": {
						"1.5": {
							"pre": [0, 0, 0],
							"post": [0, 0, 0],
							"lerp_mode": "catmullrom"
						},
						"1.5333": {
							"post": [-2, 0, 0],
							"lerp_mode": "catmullrom"
						},
						"2.0333": {
							"post": [-2, 0, 0],
							"lerp_mode": "catmullrom"
						},
						"2.0667": {
							"post": [-4, 0, 0],
							"lerp_mode": "catmullrom"
						},
						"2.1": {
							"post": [0, 0, 0],
							"lerp_mode": "catmullrom"
						}
					},
					"position": {
						"1.5": {
							"pre": [0, 0, 0],
							"post": [0, 0, 0],
							"lerp_mode": "catmullrom"
						},
						"1.5333": [0, 0.756, 0.1],
						"2.0333": [0, 0.756, 0.1],
						"2.0667": [0, 0.956, -0.2],
						"2.1": {
							"pre": [0.104, 0.972, -3.348],
							"post": [0.104, 0.972, -3.348],
							"lerp_mode": "catmullrom"
						}
					},
					"scale": {
						"0.0": [0, 0, 0],
						"0.7": [0, 0, 0],
						"0.7333": [1, 1, 1],
						"2.1": [1, 1, 1],
						"2.1333": [0, 0, 0]
					}
				},
				"bullet_in_mag": {
					"scale": {
						"0.0": [0, 0, 0],
						"0.7": [0, 0, 0],
						"0.7333": [1, 1, 1]
					}
				},
				"lefthand": {
					"rotation": {
						"0.0": [107.86682, -38.36158, -141.77743],
						"0.4667": {
							"pre": [96.96, -44.14, -145.86],
							"post": [96.96, -44.14, -145.86],
							"lerp_mode": "catmullrom"
						},
						"0.6": {
							"post": [116.41812, 0.89842, -160.86716],
							"lerp_mode": "catmullrom"
						},
						"0.7": {
							"post": [100.49165, 22.79943, -161.5575],
							"lerp_mode": "catmullrom"
						},
						"1.0": {
							"post": [103.39503, -43.56387, -174.98231],
							"lerp_mode": "catmullrom"
						},
						"1.1": {
							"post": [130.16513, -8.40388, -206.99893],
							"lerp_mode": "catmullrom"
						},
						"1.2": {
							"post": [108.36337, -14.98184, -174.90304],
							"lerp_mode": "catmullrom"
						},
						"1.8": [95.17139, -31.47807, -115.80851],
						"1.9": {
							"pre": [112.12927, -23.52374, -151.51522],
							"post": [112.12927, -23.52374, -151.51522],
							"lerp_mode": "catmullrom"
						},
						"2.0333": {
							"post": [159.93047, -17.82845, -179.01145],
							"lerp_mode": "catmullrom"
						},
						"2.0667": {
							"post": [152.37169, -6.45259, -146.86823],
							"lerp_mode": "catmullrom"
						},
						"2.1333": {
							"post": [157.95396, -22.05494, -176.60802],
							"lerp_mode": "catmullrom"
						},
						"2.2333": {
							"post": [169.62152, -11.8104, -177.43766],
							"lerp_mode": "catmullrom"
						},
						"2.4667": [111.064, -35.12507, -149.71506],
						"2.6667": [107.86682, -38.36158, -141.77743]
					},
					"position": {
						"0.0": [7.32, -10.87, -14.22],
						"0.4": [7.22, -10.795, -12.895],
						"0.5": [9.03, -11.27, -7.19],
						"0.5333": [9.902, -17.71232, -7.14604],
						"0.6333": {
							"pre": [8.26984, -26.07482, 9.54519],
							"post": [8.26984, -26.07482, 9.54519],
							"lerp_mode": "catmullrom"
						},
						"0.7333": {
							"post": [8.595, -21.22, 13.255],
							"lerp_mode": "catmullrom"
						},
						"0.9667": {
							"post": [12.595, -21.22, 13.255],
							"lerp_mode": "catmullrom"
						},
						"1.0667": {
							"post": [11.39379, -21.32386, 2.87684],
							"lerp_mode": "catmullrom"
						},
						"1.1667": [6.55808, -17.30185, -7.64896],
						"1.8": [6.2475, -17.12, -9.25],
						"1.9": {
							"pre": [9.25, -15.12, -8.25],
							"post": [9.25, -15.12, -8.25],
							"lerp_mode": "catmullrom"
						},
						"2.0333": [14.86, -14.64, -5.58],
						"2.1": [13.19, -13.63, -5.43],
						"2.1333": {
							"pre": [7.81, -11.355, -5.75],
							"post": [7.81, -11.355, -5.75],
							"lerp_mode": "catmullrom"
						},
						"2.2333": {
							"post": [7.81, -11.355, -5.75],
							"lerp_mode": "catmullrom"
						},
						"2.3667": [8.655, -12.525, -10.19],
						"2.4667": [7.22, -10.795, -12.895],
						"2.6667": [7.32, -10.87, -14.22]
					},
					"scale": [1, 1.5, 1]
				},
				"righthand": {
					"rotation": [100.5, -360, -175.75],
					"position": [-6.85, -13.3, -1.425],
					"scale": [1, 1.5, 1]
				},
				"bullet_in_barrel": {
					"rotation": {
						"2.0": [0, 0, 0],
						"2.0333": [-4, 0, 0],
						"2.0667": [-4, 0, 0],
						"2.1": [0, 0, 0]
					},
					"position": {
						"1.6333": [0, -0.7, 0],
						"2.0": [0.1, -0.6, 0.1],
						"2.0333": [0, -0.1, 0],
						"2.0667": [0, 0.1, 0],
						"2.1": [0, 0, 0]
					},
					"scale": {
						"0.0": [0, 0, 0],
						"1.6": [0, 0, 0],
						"1.6333": [1, 1, 1]
					}
				},
				"bolt": {
					"position": {
						"0.0": [0, 0, 3.5],
						"2.0333": [0, 0, 3.5],
						"2.0667": [0, 0, 3.15],
						"2.1": [0, 0, 0]
					}
				},
				"mag_release": {
					"position": {
						"0.5": [0, 0, 0],
						"0.5667": [0.164, 0, 0],
						"0.6667": [0.164, 0, 0],
						"0.7333": [0, 0, 0],
						"1.5333": [0, 0, 0],
						"1.6": [0.164, 0, 0],
						"1.6333": [0, 0, 0]
					}
				},
				"bone18": {
					"rotation": {
						"0.0": [0, 0, 7.5],
						"2.1": [0, 0, 7.5],
						"2.1333": [0, 0, 0]
					},
					"position": {
						"0.0": [0.1, 0, 0],
						"2.1": [0.1, 0, 0],
						"2.1333": [0, 0, 0]
					}
				},
				"constraint": {
					"rotation": {
						"0.0": [0.2, 0.2, 0.2],
						"0.1333": [0.1, 0.2, 0.2],
						"2.1": [0.1, 0.2, 0.2],
						"2.2": [0.1, 0.2, 0.3],
						"2.3333": [0.2, 0.2, 0.2]
					},
					"position": {
						"0.0": [0.2, 0.1, 0.3],
						"0.1333": [0.2, 0.1, 0.3],
						"2.2": [0.2, 0.1, 0.3],
						"2.3333": [0.2, 0.1, 0.3]
					}
				},
				"camera": {
					"rotation": {
						"0.0": {
							"post": [0, 0, 0],
							"lerp_mode": "catmullrom"
						},
						"0.1667": {
							"post": [0.62, 0.5, 1],
							"lerp_mode": "catmullrom"
						},
						"0.2667": {
							"post": [1, 0.75, 0.5],
							"lerp_mode": "catmullrom"
						},
						"0.4": {
							"post": [1.28, 0.65, 0.91],
							"lerp_mode": "catmullrom"
						},
						"0.5": {
							"post": [2.5, 0.5, 1],
							"lerp_mode": "catmullrom"
						},
						"0.5667": {
							"post": [3, 0, -1],
							"lerp_mode": "catmullrom"
						},
						"0.6667": {
							"post": [1, 0.5, 2],
							"lerp_mode": "catmullrom"
						},
						"0.7667": {
							"post": [1.67, 1, 1.16],
							"lerp_mode": "catmullrom"
						},
						"1.0": {
							"post": [1.5, 0.75, 0],
							"lerp_mode": "catmullrom"
						},
						"1.2": {
							"post": [0.5, 0.25, 0],
							"lerp_mode": "catmullrom"
						},
						"1.3333": {
							"post": [1, 0.5, -0.5],
							"lerp_mode": "catmullrom"
						},
						"1.3667": {
							"post": [1.09, 0, 0.25],
							"lerp_mode": "catmullrom"
						},
						"1.4333": {
							"post": [1.5, 0.5, -0.25],
							"lerp_mode": "catmullrom"
						},
						"1.5333": {
							"post": [1, 0.75, 0.29],
							"lerp_mode": "catmullrom"
						},
						"1.6333": {
							"post": [0.83, 0.36, -1],
							"lerp_mode": "catmullrom"
						},
						"1.6667": {
							"post": [0.61, 0.25, 0.5],
							"lerp_mode": "catmullrom"
						},
						"1.7333": {
							"post": [0, 0, -0.25],
							"lerp_mode": "catmullrom"
						},
						"1.8667": {
							"post": [1, 0.25, -0.25],
							"lerp_mode": "catmullrom"
						},
						"2.0667": {
							"post": [1, 1, 1],
							"lerp_mode": "catmullrom"
						},
						"2.1": {
							"post": [0.91, 0.78, 1],
							"lerp_mode": "catmullrom"
						},
						"2.1333": {
							"post": [1, 0.5, 0],
							"lerp_mode": "catmullrom"
						},
						"2.1667": {
							"post": [1.07, 0.79, -1],
							"lerp_mode": "catmullrom"
						},
						"2.2": {
							"post": [1, 1, 1],
							"lerp_mode": "catmullrom"
						},
						"2.3667": {
							"post": [0, 0, -0.42],
							"lerp_mode": "catmullrom"
						},
						"2.5": {
							"post": [0.5, -0.125, 0.47],
							"lerp_mode": "catmullrom"
						},
						"2.5667": {
							"post": [-0.35, -0.28, 1],
							"lerp_mode": "catmullrom"
						},
						"2.6667": {
							"post": [-0.25, 0, -0.5],
							"lerp_mode": "catmullrom"
						},
						"2.7667": {
							"post": [0, 0, 0],
							"lerp_mode": "catmullrom"
						},
						"2.8667": {
							"post": [-0.25, 0, -0.25],
							"lerp_mode": "catmullrom"
						},
						"2.9667": {
							"post": [0, 0, 0],
							"lerp_mode": "catmullrom"
						}
					}
				}
			},
			"sound_effects": {
				"0.0333": {
					"effect": "suffuse:n4/n4_up"
				},
				"0.4667": {
					"effect": "suffuse:n4/n4_magout"
				},
				"1.1": {
					"effect": "suffuse:n4/n4_magin_1"
				},
				"1.4333": {
					"effect": "suffuse:n4/n4_magin_2"
				},
				"2.0667": {
					"effect": "suffuse:n4/n4_boltrelease"
				},
				"2.4333": {
					"effect": "suffuse:n4/n4_down"
				}
			}
		},
		"inspect": {
			"animation_length": 5.1833,
			"bones": {
				"root": {
					"rotation": {
						"0.0": {
							"post": [0, 0, 0],
							"lerp_mode": "catmullrom"
						},
						"0.1333": {
							"post": [-10.15583, -10.91222, -17.51672],
							"lerp_mode": "catmullrom"
						},
						"0.25": {
							"post": [-17.36719, -25.00694, -41.29282],
							"lerp_mode": "catmullrom"
						},
						"0.4": {
							"post": [-25.61795, -33.81859, -37.41778],
							"lerp_mode": "catmullrom"
						},
						"0.5167": {
							"post": [-27.19798, -35.47193, -31.20897],
							"lerp_mode": "catmullrom"
						},
						"0.55": {
							"post": [-16.08, -40.11, -47.36],
							"lerp_mode": "catmullrom"
						},
						"0.5833": {
							"post": [-9.54857, -41.59354, -56.7944],
							"lerp_mode": "catmullrom"
						},
						"0.6167": {
							"post": [-17.93314, -38.91783, -47.06581],
							"lerp_mode": "catmullrom"
						},
						"0.7333": {
							"post": [-30.3129, -35.20718, -34.94448],
							"lerp_mode": "catmullrom"
						},
						"0.8333": {
							"post": [-22.95469, -37.16469, -41.69922],
							"lerp_mode": "catmullrom"
						},
						"1.0": {
							"post": [-21.04564, -38.19444, -45.08193],
							"lerp_mode": "catmullrom"
						},
						"1.1667": {
							"post": [-23.67459, -37.10713, -41.74745],
							"lerp_mode": "catmullrom"
						},
						"1.3667": {
							"post": [-25.64057, -36.05832, -38.92113],
							"lerp_mode": "catmullrom"
						},
						"1.5167": {
							"post": [-30.56838, -37.11128, -38.07455],
							"lerp_mode": "catmullrom"
						},
						"1.7": {
							"post": [-14.05994, -45.33864, -59.16385],
							"lerp_mode": "catmullrom"
						},
						"1.7333": {
							"post": [-25.38731, -41.4055, -45.76777],
							"lerp_mode": "catmullrom"
						},
						"1.8167": {
							"post": [-18.09832, -41.86323, -54.07041],
							"lerp_mode": "catmullrom"
						},
						"1.95": {
							"post": [-22.84099, -39.47004, -49.29402],
							"lerp_mode": "catmullrom"
						},
						"2.0667": {
							"post": [-26.40781, -37.7, -42.46],
							"lerp_mode": "catmullrom"
						},
						"2.1333": {
							"post": [-29.54451, -36.43366, -39.24741],
							"lerp_mode": "catmullrom"
						},
						"2.15": {
							"post": [-12.58504, -40.03496, -58.28326],
							"lerp_mode": "catmullrom"
						},
						"2.2333": {
							"post": [-22.70074, -37.79114, -42.81075],
							"lerp_mode": "catmullrom"
						},
						"2.4": {
							"post": [-25.92269, -29.0545, -33.63573],
							"lerp_mode": "catmullrom"
						},
						"2.55": {
							"post": [-23.22491, -6.58422, 5.69291],
							"lerp_mode": "catmullrom"
						},
						"2.6833": {
							"post": [-27.60744, -10.0962, 43.18355],
							"lerp_mode": "catmullrom"
						},
						"2.8167": {
							"post": [-28.98, 2.03734, 63.96297],
							"lerp_mode": "catmullrom"
						},
						"2.9667": {
							"post": [-27.74, 2.03, 59.26344],
							"lerp_mode": "catmullrom"
						},
						"3.0": {
							"post": [-30.76987, 6.2224, 61.21613],
							"lerp_mode": "catmullrom"
						},
						"3.0833": {
							"post": [-30.59699, 16.3051, 61.00057],
							"lerp_mode": "catmullrom"
						},
						"3.1667": {
							"post": [-27.17429, 25.08963, 75.63067],
							"lerp_mode": "catmullrom"
						},
						"3.3167": {
							"post": [-31.89242, 22.35238, 69.56649],
							"lerp_mode": "catmullrom"
						},
						"3.5": {
							"post": [-29.92363, 22.82127, 70.43899],
							"lerp_mode": "catmullrom"
						},
						"3.6167": {
							"post": [-29.13865, 23.24173, 71.51043],
							"lerp_mode": "catmullrom"
						},
						"3.6833": {
							"post": [-27.01468, 20.47858, 68.02185],
							"lerp_mode": "catmullrom"
						},
						"3.7167": {
							"post": [-28.37904, 9.08129, 61.67659],
							"lerp_mode": "catmullrom"
						},
						"3.8": {
							"post": [-27.17487, 15.79746, 69.19587],
							"lerp_mode": "catmullrom"
						},
						"3.9167": {
							"post": [-30.40728, 7.9376, 61.95011],
							"lerp_mode": "catmullrom"
						},
						"3.95": {
							"post": [-20.53587, 11.84759, 83.10688],
							"lerp_mode": "catmullrom"
						},
						"4.05": {
							"post": [-26.54373, 0.52741, 57.14858],
							"lerp_mode": "catmullrom"
						},
						"4.1333": {
							"post": [-19.27948, -2.8982, 44.87624],
							"lerp_mode": "catmullrom"
						},
						"4.2667": {
							"post": [-16.03, -4.67, 40.29],
							"lerp_mode": "catmullrom"
						},
						"4.35": {
							"post": [-2.87345, -5.45737, 21.12197],
							"lerp_mode": "catmullrom"
						},
						"4.4833": {
							"post": [1.65365, 1.40033, 4.09626],
							"lerp_mode": "catmullrom"
						},
						"4.5833": {
							"post": [-0.17371, 0.86146, -0.43694],
							"lerp_mode": "catmullrom"
						},
						"4.65": {
							"post": [0.24996, -0.00436, 1.49999],
							"lerp_mode": "catmullrom"
						},
						"4.7833": {
							"post": [0.00218, 0.24999, -0.75],
							"lerp_mode": "catmullrom"
						},
						"4.9333": {
							"post": [0, 0, 0],
							"lerp_mode": "catmullrom"
						}
					},
					"position": {
						"0.0": {
							"post": [0, 0, 0],
							"lerp_mode": "catmullrom"
						},
						"0.0833": {
							"post": [0.16, -1.11, -0.4],
							"lerp_mode": "catmullrom"
						},
						"0.2": {
							"post": [-0.68, -0.02484, -1.19203],
							"lerp_mode": "catmullrom"
						},
						"0.3667": {
							"post": [-1.35937, -0.80703, -1.30703],
							"lerp_mode": "catmullrom"
						},
						"0.5167": {
							"post": [-1.24375, -1.6775, -1.305],
							"lerp_mode": "catmullrom"
						},
						"0.55": {
							"post": [-2.235, -1.33, -1.305],
							"lerp_mode": "catmullrom"
						},
						"0.5833": {
							"post": [-2.415, -1.63, -1.305],
							"lerp_mode": "catmullrom"
						},
						"0.6667": {
							"post": [-2.04908, -1.17722, -1.305],
							"lerp_mode": "catmullrom"
						},
						"0.8333": {
							"post": [-2.03437, -0.96484, -1.30703],
							"lerp_mode": "catmullrom"
						},
						"0.95": {
							"post": [-2.23437, -0.62891, -1.30703],
							"lerp_mode": "catmullrom"
						},
						"1.1333": {
							"post": [-2.03437, -0.55078, -1.30703],
							"lerp_mode": "catmullrom"
						},
						"1.35": {
							"post": [-1.93437, -0.56641, -1.30703],
							"lerp_mode": "catmullrom"
						},
						"1.5": {
							"post": [-1.93437, -0.78125, -1.30703],
							"lerp_mode": "catmullrom"
						},
						"1.6667": {
							"post": [-1.93437, -0.62891, -1.30703],
							"lerp_mode": "catmullrom"
						},
						"1.7": {
							"post": [-1.825, -0.55, -1.305],
							"lerp_mode": "catmullrom"
						},
						"1.7333": {
							"post": [-1.995, -0.47, -1.305],
							"lerp_mode": "catmullrom"
						},
						"1.8167": {
							"post": [-1.76609, -0.27984, -1.305],
							"lerp_mode": "catmullrom"
						},
						"2.0667": {
							"post": [-1.62109, -0.72351, -1.295],
							"lerp_mode": "catmullrom"
						},
						"2.1333": {
							"post": [-1.1216, -1.117, -1.295],
							"lerp_mode": "catmullrom"
						},
						"2.1833": {
							"post": [-2.36, -0.71, -1.305],
							"lerp_mode": "catmullrom"
						},
						"2.25": {
							"post": [-2.36, -0.71, -1.305],
							"lerp_mode": "catmullrom"
						},
						"2.3667": {
							"post": [-1.36, -0.71, -1.305],
							"lerp_mode": "catmullrom"
						},
						"2.5167": {
							"post": [-0.36, -2.015, -0.925],
							"lerp_mode": "catmullrom"
						},
						"2.6667": {
							"post": [0.64, -3.21156, -1.47766],
							"lerp_mode": "catmullrom"
						},
						"2.8167": {
							"post": [1.64, -0.41391, -1.47766],
							"lerp_mode": "catmullrom"
						},
						"2.9667": {
							"post": [2.64, -0.31234, -1.475],
							"lerp_mode": "catmullrom"
						},
						"3.0833": {
							"post": [2.64, 0.18375, -1.22109],
							"lerp_mode": "catmullrom"
						},
						"3.2167": {
							"post": [2.64, 1.18531, -1.03359],
							"lerp_mode": "catmullrom"
						},
						"3.3333": {
							"post": [2.72812, 1.19745, -0.98791],
							"lerp_mode": "catmullrom"
						},
						"3.5333": {
							"post": [2.55104, 1.22665, -1.0599],
							"lerp_mode": "catmullrom"
						},
						"3.65": {
							"post": [2.37936, 1.12753, -1.17045],
							"lerp_mode": "catmullrom"
						},
						"3.6833": {
							"post": [2.64, 0.575, -1.265],
							"lerp_mode": "catmullrom"
						},
						"3.7": {
							"post": [3.01241, 1.04662, -2.6377],
							"lerp_mode": "catmullrom"
						},
						"3.7333": {
							"post": [3.01241, 1.04662, -2.6377],
							"lerp_mode": "catmullrom"
						},
						"3.9167": {
							"post": [2.87441, 0.39947, -0.72079],
							"lerp_mode": "catmullrom"
						},
						"3.9333": {
							"post": [3.58097, 0.35084, -2.52576],
							"lerp_mode": "catmullrom"
						},
						"3.9833": {
							"post": [2.57907, -0.42146, -1.91482],
							"lerp_mode": "catmullrom"
						},
						"4.0667": {
							"post": [2.91037, -0.67519, -2.16647],
							"lerp_mode": "catmullrom"
						},
						"4.2": {
							"post": [2.91037, -0.67519, -1.26647],
							"lerp_mode": "catmullrom"
						},
						"4.3167": {
							"post": [1.88, -1.57844, -0.9225],
							"lerp_mode": "catmullrom"
						},
						"4.45": {
							"post": [0.8, -0.7, -0.425],
							"lerp_mode": "catmullrom"
						},
						"4.5333": {
							"post": [0.29, -0.25, -0.05],
							"lerp_mode": "catmullrom"
						},
						"4.6167": {
							"post": [0, 0, -0.25],
							"lerp_mode": "catmullrom"
						},
						"4.7167": {
							"post": [0, -0.08125, 0],
							"lerp_mode": "catmullrom"
						},
						"4.8833": {
							"post": [0, 0, 0],
							"lerp_mode": "catmullrom"
						}
					}
				},
				"mag_and_lh": {
					"rotation": {
						"0.0": {
							"post": [0, 0, 0],
							"lerp_mode": "catmullrom"
						},
						"0.6": [0, 0, 0],
						"0.65": [0, 0, 0],
						"0.8": {
							"pre": [-5.29297, 0, 38],
							"post": [-5.29297, 0, 38],
							"lerp_mode": "catmullrom"
						},
						"0.95": {
							"post": [-5.29297, 0, 38.19141],
							"lerp_mode": "catmullrom"
						},
						"1.1": {
							"post": [-5.29297, 0, 39.13672],
							"lerp_mode": "catmullrom"
						},
						"1.25": {
							"post": [-5.29297, 0, 38.58594],
							"lerp_mode": "catmullrom"
						},
						"1.4333": {
							"post": [-5.29297, 0, 38],
							"lerp_mode": "catmullrom"
						},
						"1.6667": {
							"post": [0, 0, 0],
							"lerp_mode": "catmullrom"
						},
						"1.7": {
							"post": [-2.5, 0, 0],
							"lerp_mode": "catmullrom"
						},
						"1.7333": {
							"post": [-8, 0, 0],
							"lerp_mode": "catmullrom"
						},
						"1.8167": {
							"post": [2, 0, 0],
							"lerp_mode": "catmullrom"
						},
						"2.1333": {
							"post": [2, 0, 0],
							"lerp_mode": "catmullrom"
						},
						"2.1833": {
							"post": [0, 0, 0],
							"lerp_mode": "catmullrom"
						}
					},
					"position": {
						"0.0": {
							"post": [0, 0, 0],
							"lerp_mode": "catmullrom"
						},
						"0.55": [0, 0, 0],
						"0.65": [0.31328, -6.46875, -0.48828],
						"0.8667": {
							"pre": [3.63672, -4.30187, -0.49],
							"post": [3.63672, -4.30187, -0.49],
							"lerp_mode": "catmullrom"
						},
						"1.4333": {
							"post": [3.63672, -4.30187, -0.49],
							"lerp_mode": "catmullrom"
						},
						"1.5667": {
							"post": [1.19219, -6.57562, -0.19],
							"lerp_mode": "catmullrom"
						},
						"1.7": [0, -3.26, -0.10937],
						"1.7167": [0, -3.26, -0.41],
						"1.7667": [0, -3.26, -0.11],
						"2.0667": {
							"pre": [0, -3.09203, -0.11],
							"post": [0, -3.09203, -0.11],
							"lerp_mode": "catmullrom"
						},
						"2.1333": {
							"post": [0, 0, 0],
							"lerp_mode": "catmullrom"
						}
					}
				},
				"lefthand": {
					"rotation": {
						"0.0": {
							"post": [107.86682, -38.36158, -141.77743],
							"lerp_mode": "catmullrom"
						},
						"0.05": {
							"post": [107.86682, -38.36158, -141.77743],
							"lerp_mode": "catmullrom"
						},
						"0.4167": {
							"post": [96.79609, -29.95053, -121.26577],
							"lerp_mode": "catmullrom"
						},
						"2.3333": {
							"post": [96.8, -29.95, -121.27],
							"lerp_mode": "catmullrom"
						},
						"2.65": [60.85769, -46.32301, -128.09304],
						"3.9167": [60.86, -46.32, -128.09],
						"4.0": [60.86, -46.32, -128.09],
						"4.1167": [68.36, -46.32, -128.09],
						"4.25": [60.85769, -46.32301, -128.09304],
						"4.45": {
							"pre": [107.86682, -38.36158, -141.77743],
							"post": [107.86682, -38.36158, -141.77743],
							"lerp_mode": "catmullrom"
						}
					},
					"position": {
						"0.0": {
							"post": [7.32, -10.87, -14.22],
							"lerp_mode": "catmullrom"
						},
						"0.05": {
							"post": [7.32, -10.87, -14.22],
							"lerp_mode": "catmullrom"
						},
						"0.1833": {
							"post": [8.46844, -16.73531, -9.92],
							"lerp_mode": "catmullrom"
						},
						"0.3333": {
							"post": [6.53484, -18.54578, -8.33328],
							"lerp_mode": "catmullrom"
						},
						"2.3333": {
							"post": [6.53, -18.55, -8.33],
							"lerp_mode": "catmullrom"
						},
						"2.5167": {
							"post": [11.11688, -15.74109, -6.80984],
							"lerp_mode": "catmullrom"
						},
						"2.65": [7.53094, -10.34656, -9.88016],
						"4.25": [7.53094, -10.34656, -9.88016],
						"4.45": {
							"pre": [7.32, -10.87, -14.22],
							"post": [7.32, -10.87, -14.22],
							"lerp_mode": "catmullrom"
						}
					},
					"scale": {
						"0.0": {
							"post": [1, 1.5, 1],
							"lerp_mode": "catmullrom"
						},
						"4.45": {
							"post": [1, 1.5, 1],
							"lerp_mode": "catmullrom"
						}
					}
				},
				"righthand": {
					"rotation": {
						"0.0": {
							"post": [100.5, -360, -175.75],
							"lerp_mode": "catmullrom"
						},
						"2.7167": {
							"post": [100.5, -360, -175.75],
							"lerp_mode": "catmullrom"
						},
						"2.8833": [94.42017, -373.75606, -46.45242],
						"2.9667": [94.42017, -373.75606, -46.45242],
						"3.6333": [94.42, -373.76, -46.45],
						"3.7833": {
							"pre": [107.10359, -363.52953, -84.61406],
							"post": [107.10359, -363.52953, -84.61406],
							"lerp_mode": "catmullrom"
						},
						"3.9833": {
							"post": [90.72894, -380.21693, -90.02187],
							"lerp_mode": "catmullrom"
						},
						"4.15": {
							"post": [92.24931, -381.01712, -85.29157],
							"lerp_mode": "catmullrom"
						},
						"4.25": {
							"post": [92.24931, -381.01712, -85.29157],
							"lerp_mode": "catmullrom"
						},
						"4.4167": {
							"post": [100.5, -360, -175.75],
							"lerp_mode": "catmullrom"
						}
					},
					"position": {
						"0.0": {
							"post": [-6.85, -13.3, -1.425],
							"lerp_mode": "catmullrom"
						},
						"2.65": {
							"post": [-6.85, -13.3, -1.42],
							"lerp_mode": "catmullrom"
						},
						"2.7833": {
							"post": [-9.85953, -11.30125, 0.58875],
							"lerp_mode": "catmullrom"
						},
						"2.9167": [-8.19766, -8.20234, 1.41203],
						"3.0": [-8.2, -8.2, 1.41],
						"3.0333": {
							"pre": [-8.2, -8.2, 2.67],
							"post": [-8.2, -8.2, 2.67],
							"lerp_mode": "catmullrom"
						},
						"3.0667": {
							"post": [-8.2, -8.2, 3.06],
							"lerp_mode": "catmullrom"
						},
						"3.1333": {
							"post": [-8.2, -8.2, 3.91],
							"lerp_mode": "catmullrom"
						},
						"3.2167": [-8.2, -8.2, 3.66],
						"3.65": [-8.2, -8.2, 3.66],
						"3.6833": {
							"pre": [-11.7, -9.45, 7.69906],
							"post": [-11.7, -9.45, 7.69906],
							"lerp_mode": "catmullrom"
						},
						"3.7333": {
							"post": [-12.60994, -11.08542, 8.40433],
							"lerp_mode": "catmullrom"
						},
						"3.8333": {
							"post": [-12.07285, -10.30855, 8.05102],
							"lerp_mode": "catmullrom"
						},
						"3.9": {
							"post": [-10.74, -9.76, 4.63],
							"lerp_mode": "catmullrom"
						},
						"3.9167": {
							"post": [-9.15312, -10.27812, -0.44062],
							"lerp_mode": "catmullrom"
						},
						"4.05": {
							"post": [-9.2625, -10.27812, -0.21016],
							"lerp_mode": "catmullrom"
						},
						"4.1": {
							"post": [-9.28071, -10.65738, 0.71496],
							"lerp_mode": "catmullrom"
						},
						"4.35": {
							"post": [-6.85, -13.3, -1.425],
							"lerp_mode": "catmullrom"
						}
					},
					"scale": {
						"0.0": {
							"post": [1, 1.5, 1],
							"lerp_mode": "catmullrom"
						}
					}
				},
				"constraint": {
					"rotation": {
						"0.0": {
							"post": [0.2, 0.2, 0.4],
							"lerp_mode": "catmullrom"
						}
					},
					"position": {
						"0.0": {
							"post": [0.1, 0.1, 0.1],
							"lerp_mode": "catmullrom"
						}
					}
				},
				"mag_release": {
					"position": {
						"0.0": {
							"post": [0, 0, 0],
							"lerp_mode": "catmullrom"
						},
						"0.4": {
							"post": [0, 0, 0],
							"lerp_mode": "catmullrom"
						},
						"0.45": {
							"post": [0.13, 0, 0],
							"lerp_mode": "catmullrom"
						},
						"0.6667": {
							"post": [0.13, 0, 0],
							"lerp_mode": "catmullrom"
						},
						"0.7167": {
							"post": [0, 0, 0],
							"lerp_mode": "catmullrom"
						},
						"2.1167": {
							"post": [0, 0, 0],
							"lerp_mode": "catmullrom"
						},
						"2.1333": {
							"post": [0.13, 0, 0],
							"lerp_mode": "catmullrom"
						},
						"2.1833": {
							"post": [0.13, 0, 0],
							"lerp_mode": "catmullrom"
						},
						"2.2333": {
							"post": [0, 0, 0],
							"lerp_mode": "catmullrom"
						}
					}
				},
				"m4a1_pull": {
					"rotation": {
						"0.0": {
							"post": [0, 0, 0],
							"lerp_mode": "catmullrom"
						}
					},
					"position": {
						"0.0": {
							"post": [0, 0, 0],
							"lerp_mode": "catmullrom"
						},
						"3.0": [0, 0, 0],
						"3.0333": {
							"pre": [0, 0, 1.26],
							"post": [0, 0, 1.26],
							"lerp_mode": "catmullrom"
						},
						"3.0667": {
							"post": [0, 0, 1.65],
							"lerp_mode": "catmullrom"
						},
						"3.1333": {
							"post": [0, 0, 2.5],
							"lerp_mode": "catmullrom"
						},
						"3.2167": {
							"post": [0, 0, 2.25],
							"lerp_mode": "catmullrom"
						},
						"3.65": {
							"post": [0, 0, 2.25],
							"lerp_mode": "catmullrom"
						},
						"3.6833": {
							"post": [0, 0, 1.58],
							"lerp_mode": "catmullrom"
						},
						"3.7": {
							"post": [0, 0, 0],
							"lerp_mode": "catmullrom"
						}
					}
				},
				"gun_and_righthand": {
					"rotation": {
						"0.6167": {
							"pre": [0, 0, 0],
							"post": [0, 0, 0],
							"lerp_mode": "catmullrom"
						},
						"0.7167": {
							"post": [-1.06, -2.61, -3.69],
							"lerp_mode": "catmullrom"
						},
						"0.8167": {
							"post": [-2.74219, -5.47266, -7.62891],
							"lerp_mode": "catmullrom"
						},
						"0.9833": {
							"post": [-2.13281, -4.91406, -7.05859],
							"lerp_mode": "catmullrom"
						},
						"1.1667": {
							"post": [-2.46484, -5, -7.25],
							"lerp_mode": "catmullrom"
						},
						"1.4167": {
							"post": [-2.46484, -5, -7.25],
							"lerp_mode": "catmullrom"
						},
						"1.6333": {
							"post": [0, 0, 0],
							"lerp_mode": "catmullrom"
						}
					},
					"position": {
						"0.6167": {
							"pre": [0, 0, 0],
							"post": [0, 0, 0],
							"lerp_mode": "catmullrom"
						},
						"0.7167": {
							"post": [-0.42, 0.12, 0.07],
							"lerp_mode": "catmullrom"
						},
						"0.8333": {
							"post": [-0.94922, 0.28516, 0.16797],
							"lerp_mode": "catmullrom"
						},
						"1.45": {
							"post": [-0.95, 0.29, 0.17],
							"lerp_mode": "catmullrom"
						},
						"1.6333": {
							"post": [0, 0, 0],
							"lerp_mode": "catmullrom"
						}
					}
				},
				"magazine": {
					"rotation": {
						"1.7": [0, 0, 0],
						"1.7333": [0, 0, 7.5],
						"1.8167": [0, 0, 0],
						"1.9": [-2.5, 0, 0],
						"1.9667": [0, 0, 0]
					}
				},
				"additional_magazine": {
					"scale": 0
				},
				"camera": {
					"rotation": {
						"0.0": [0, 0, 0],
						"0.0833": {
							"pre": [-0.5, 0, -1],
							"post": [-0.5, 0, -1],
							"lerp_mode": "catmullrom"
						},
						"0.2": {
							"post": [0.5, 0.27, 0.5],
							"lerp_mode": "catmullrom"
						},
						"0.3": {
							"post": [3, 0.5, 0],
							"lerp_mode": "catmullrom"
						},
						"0.4167": {
							"post": [4.5, 1, -0.03],
							"lerp_mode": "catmullrom"
						},
						"0.5333": {
							"post": [5, 0.75, -0.5],
							"lerp_mode": "catmullrom"
						},
						"0.6167": {
							"post": [5.5, 1, 0.25],
							"lerp_mode": "catmullrom"
						},
						"0.7333": {
							"post": [5.05, 0.75, 0],
							"lerp_mode": "catmullrom"
						},
						"0.8833": {
							"post": [4.55, 1.25, -0.5],
							"lerp_mode": "catmullrom"
						},
						"1.15": {
							"post": [4, 1.5, -0.5],
							"lerp_mode": "catmullrom"
						},
						"1.4333": {
							"post": [4, 1.5, 0],
							"lerp_mode": "catmullrom"
						},
						"1.6333": {
							"post": [3, 1.25, -0.5],
							"lerp_mode": "catmullrom"
						},
						"1.7167": {
							"post": [3, 1.5, -0.25],
							"lerp_mode": "catmullrom"
						},
						"1.75": {
							"post": [3.09, 1.25, 0.25],
							"lerp_mode": "catmullrom"
						},
						"1.8167": {
							"post": [3, 1.5, -0.25],
							"lerp_mode": "catmullrom"
						},
						"2.0333": {
							"post": [2, 1, 0.29],
							"lerp_mode": "catmullrom"
						},
						"2.1333": {
							"post": [2.83, 1.36, -1],
							"lerp_mode": "catmullrom"
						},
						"2.1667": {
							"post": [2.61, 1.25, 0.5],
							"lerp_mode": "catmullrom"
						},
						"2.2333": {
							"post": [2, 1, -0.25],
							"lerp_mode": "catmullrom"
						},
						"2.3667": {
							"post": [2.52, 1.06, -0.5],
							"lerp_mode": "catmullrom"
						},
						"2.5": {
							"post": [3, 1.25, -1],
							"lerp_mode": "catmullrom"
						},
						"2.7333": {
							"post": [2, 2, 2],
							"lerp_mode": "catmullrom"
						},
						"2.8833": {
							"post": [1.95, 1.75, 0.5],
							"lerp_mode": "catmullrom"
						},
						"3.0": {
							"post": [2, 1.5, 0.5],
							"lerp_mode": "catmullrom"
						},
						"3.0333": {
							"post": [2, 1.5, -0.5],
							"lerp_mode": "catmullrom"
						},
						"3.1": {
							"post": [3, 1, -0.5],
							"lerp_mode": "catmullrom"
						},
						"3.1333": {
							"post": [3.39, 1.04, 0],
							"lerp_mode": "catmullrom"
						},
						"3.2": {
							"post": [3, 1.25, 0],
							"lerp_mode": "catmullrom"
						},
						"3.35": {
							"post": [4, 1.28, -0.22],
							"lerp_mode": "catmullrom"
						},
						"3.5333": {
							"post": [4.5, 1.25, -0.5],
							"lerp_mode": "catmullrom"
						},
						"3.6333": {
							"post": [4.5, 1, -0.5],
							"lerp_mode": "catmullrom"
						},
						"3.7": {
							"post": [3, 1, 1],
							"lerp_mode": "catmullrom"
						},
						"3.7333": {
							"post": [3, 1.04, -0.5],
							"lerp_mode": "catmullrom"
						},
						"3.8": {
							"post": [4, 1, -0.5],
							"lerp_mode": "catmullrom"
						},
						"3.9167": {
							"post": [5, 1, 0],
							"lerp_mode": "catmullrom"
						},
						"3.95": {
							"post": [4, 0.25, 0],
							"lerp_mode": "catmullrom"
						},
						"4.0667": {
							"post": [5, 0.75, 0],
							"lerp_mode": "catmullrom"
						},
						"4.25": {
							"post": [3, 0.31, 0],
							"lerp_mode": "catmullrom"
						},
						"4.3833": {
							"post": [1, -0.125, 0.47],
							"lerp_mode": "catmullrom"
						},
						"4.45": {
							"post": [-0.35, -0.28, 1],
							"lerp_mode": "catmullrom"
						},
						"4.55": {
							"post": [0.25, -0.25, -0.5],
							"lerp_mode": "catmullrom"
						},
						"4.65": {
							"post": [0.5, 0, 0],
							"lerp_mode": "catmullrom"
						},
						"4.7667": {
							"post": [0.125, 0.125, -0.25],
							"lerp_mode": "catmullrom"
						},
						"4.9167": {
							"post": [0, 0, 0],
							"lerp_mode": "catmullrom"
						}
					},
					"position": [0, 0, 0]
				},
				"bullet": {
					"scale": 0
				}
			},
			"sound_effects": {
				"0.0": {
					"effect": "suffuse:n4/n4_up"
				},
				"0.5167": {
					"effect": "suffuse:n4/n4_magout"
				},
				"1.5167": {
					"effect": "suffuse:n4/n4_magin_1"
				},
				"1.9833": {
					"effect": "suffuse:n4/n4_magin_2"
				},
				"2.5": {
					"effect": "suffuse:n4/n4_down"
				},
				"2.85": {
					"effect": "suffuse:n4/n4_boltpull_1"
				},
				"3.5667": {
					"effect": "suffuse:n4/n4_boltforward"
				},
				"3.9": {
					"effect": "suffuse:n4/n4_inspectkick"
				},
				"4.2": {
					"effect": "suffuse:n4/n4_down"
				}
			}
		},
		"inspect_empty": {
			"animation_length": 4.5167,
			"bones": {
				"root": {
					"rotation": {
						"0.0": {
							"post": [0, 0, 0],
							"lerp_mode": "catmullrom"
						},
						"0.1333": {
							"post": [-10.15583, -10.91222, -17.51672],
							"lerp_mode": "catmullrom"
						},
						"0.25": {
							"post": [-17.36719, -25.00694, -41.29282],
							"lerp_mode": "catmullrom"
						},
						"0.4": {
							"post": [-25.61795, -33.81859, -37.41778],
							"lerp_mode": "catmullrom"
						},
						"0.5167": {
							"post": [-27.19798, -35.47193, -31.20897],
							"lerp_mode": "catmullrom"
						},
						"0.55": {
							"post": [-16.08, -40.11, -47.36],
							"lerp_mode": "catmullrom"
						},
						"0.5833": {
							"post": [-9.54857, -41.59354, -56.7944],
							"lerp_mode": "catmullrom"
						},
						"0.6167": {
							"post": [-17.93314, -38.91783, -47.06581],
							"lerp_mode": "catmullrom"
						},
						"0.7333": {
							"post": [-30.3129, -35.20718, -34.94448],
							"lerp_mode": "catmullrom"
						},
						"0.8333": {
							"post": [-22.95469, -37.16469, -41.69922],
							"lerp_mode": "catmullrom"
						},
						"1.0": {
							"post": [-21.04564, -38.19444, -45.08193],
							"lerp_mode": "catmullrom"
						},
						"1.1667": {
							"post": [-23.67459, -37.10713, -41.74745],
							"lerp_mode": "catmullrom"
						},
						"1.3667": {
							"post": [-25.64057, -36.05832, -38.92113],
							"lerp_mode": "catmullrom"
						},
						"1.5167": {
							"post": [-30.56838, -37.11128, -38.07455],
							"lerp_mode": "catmullrom"
						},
						"1.7": {
							"post": [-14.05994, -45.33864, -59.16385],
							"lerp_mode": "catmullrom"
						},
						"1.7333": {
							"post": [-25.38731, -41.4055, -45.76777],
							"lerp_mode": "catmullrom"
						},
						"1.8167": {
							"post": [-18.09832, -41.86323, -54.07041],
							"lerp_mode": "catmullrom"
						},
						"1.95": {
							"post": [-22.84099, -39.47004, -49.29402],
							"lerp_mode": "catmullrom"
						},
						"2.0667": {
							"post": [-26.40781, -37.7, -42.46],
							"lerp_mode": "catmullrom"
						},
						"2.1333": {
							"post": [-29.54451, -36.43366, -39.24741],
							"lerp_mode": "catmullrom"
						},
						"2.15": {
							"post": [-12.58504, -40.03496, -58.28326],
							"lerp_mode": "catmullrom"
						},
						"2.2333": {
							"post": [-22.70074, -37.79114, -42.81075],
							"lerp_mode": "catmullrom"
						},
						"2.4": {
							"post": [-25.92269, -29.0545, -33.63573],
							"lerp_mode": "catmullrom"
						},
						"2.55": {
							"post": [-22.247, -9.48648, -1.29223],
							"lerp_mode": "catmullrom"
						},
						"2.6833": {
							"post": [-20.10744, -10.0962, 43.18355],
							"lerp_mode": "catmullrom"
						},
						"2.7667": {
							"post": [-24.04633, 4.2237, 62.7487],
							"lerp_mode": "catmullrom"
						},
						"2.8833": {
							"post": [-32.35933, 5.31572, 56.35212],
							"lerp_mode": "catmullrom"
						},
						"2.9667": {
							"post": [-35.43561, 7.0227, 57.73759],
							"lerp_mode": "catmullrom"
						},
						"3.1167": {
							"post": [-32.4612, 11.98644, 63.59986],
							"lerp_mode": "catmullrom"
						},
						"3.2": {
							"post": [-30.35, 20.59, 71.69],
							"lerp_mode": "catmullrom"
						},
						"3.3333": {
							"post": [-27.17429, 25.08963, 75.63067],
							"lerp_mode": "catmullrom"
						},
						"3.4833": {
							"post": [-29.77, 25.72, 74.41],
							"lerp_mode": "catmullrom"
						},
						"3.7333": {
							"post": [-29.92363, 22.82127, 70.43899],
							"lerp_mode": "catmullrom"
						},
						"3.9": {
							"post": [-19.48338, 0.42788, 54.31042],
							"lerp_mode": "catmullrom"
						},
						"3.9833": {
							"post": [-2.87345, -5.45737, 21.12197],
							"lerp_mode": "catmullrom"
						},
						"4.1": {
							"post": [1.65365, 1.40033, 4.09626],
							"lerp_mode": "catmullrom"
						},
						"4.2": {
							"post": [-0.17371, 0.86146, -0.43694],
							"lerp_mode": "catmullrom"
						},
						"4.2667": {
							"post": [0.24996, -0.00436, 1.49999],
							"lerp_mode": "catmullrom"
						},
						"4.4": {
							"post": [0.00218, 0.24999, -0.75],
							"lerp_mode": "catmullrom"
						},
						"4.55": {
							"post": [0, 0, 0],
							"lerp_mode": "catmullrom"
						}
					},
					"position": {
						"0.0": {
							"post": [0, 0, 0],
							"lerp_mode": "catmullrom"
						},
						"0.0833": {
							"post": [0.16, -1.11, -0.4],
							"lerp_mode": "catmullrom"
						},
						"0.2": {
							"post": [-0.68, -0.02484, -1.19203],
							"lerp_mode": "catmullrom"
						},
						"0.3667": {
							"post": [-1.35937, -0.80703, -1.03203],
							"lerp_mode": "catmullrom"
						},
						"0.5167": {
							"post": [-1.39375, -1.6775, -1.03],
							"lerp_mode": "catmullrom"
						},
						"0.55": {
							"post": [-2.385, -1.33, -1.03],
							"lerp_mode": "catmullrom"
						},
						"0.5833": {
							"post": [-2.565, -1.63, -1.03],
							"lerp_mode": "catmullrom"
						},
						"0.6667": {
							"post": [-2.19908, -1.17722, -1.03],
							"lerp_mode": "catmullrom"
						},
						"0.8333": {
							"post": [-2.18438, -0.96484, -1.03203],
							"lerp_mode": "catmullrom"
						},
						"0.95": {
							"post": [-2.38438, -0.62891, -1.03203],
							"lerp_mode": "catmullrom"
						},
						"1.1333": {
							"post": [-2.18438, -0.55078, -1.03203],
							"lerp_mode": "catmullrom"
						},
						"1.35": {
							"post": [-2.08437, -0.56641, -1.03203],
							"lerp_mode": "catmullrom"
						},
						"1.5": {
							"post": [-2.08437, -0.78125, -1.03203],
							"lerp_mode": "catmullrom"
						},
						"1.6667": {
							"post": [-2.08437, -0.62891, -1.03203],
							"lerp_mode": "catmullrom"
						},
						"1.7": {
							"post": [-1.975, -0.55, -1.03],
							"lerp_mode": "catmullrom"
						},
						"1.7333": {
							"post": [-2.145, -0.47, -1.03],
							"lerp_mode": "catmullrom"
						},
						"1.8167": {
							"post": [-1.91609, -0.27984, -1.03],
							"lerp_mode": "catmullrom"
						},
						"2.0667": {
							"post": [-1.62109, -0.72351, -1.02],
							"lerp_mode": "catmullrom"
						},
						"2.1333": {
							"post": [-1.1216, -1.117, -1.02],
							"lerp_mode": "catmullrom"
						},
						"2.1833": {
							"post": [-2.36, -0.71, -1.03],
							"lerp_mode": "catmullrom"
						},
						"2.25": {
							"post": [-2.36, -0.71, -1.03],
							"lerp_mode": "catmullrom"
						},
						"2.3667": {
							"post": [-1.36, -0.71, -1.03],
							"lerp_mode": "catmullrom"
						},
						"2.5167": {
							"post": [-0.36, -1.94, -0.425],
							"lerp_mode": "catmullrom"
						},
						"2.6667": {
							"post": [0.64, -3.13656, -0.97766],
							"lerp_mode": "catmullrom"
						},
						"2.8167": {
							"post": [1.64, -0.33891, -0.97766],
							"lerp_mode": "catmullrom"
						},
						"3.1": {
							"post": [2.64, 0.75875, -0.72109],
							"lerp_mode": "catmullrom"
						},
						"3.3": {
							"post": [2.64, 1.56031, -0.53359],
							"lerp_mode": "catmullrom"
						},
						"3.7": {
							"post": [2.55104, 1.70165, -0.5599],
							"lerp_mode": "catmullrom"
						},
						"3.9333": {
							"post": [1.88, -1.50344, -1.5225],
							"lerp_mode": "catmullrom"
						},
						"4.0667": {
							"post": [0.8, -0.7, -0.425],
							"lerp_mode": "catmullrom"
						},
						"4.15": {
							"post": [0.29, -0.25, -0.05],
							"lerp_mode": "catmullrom"
						},
						"4.2333": {
							"post": [0, 0, -0.25],
							"lerp_mode": "catmullrom"
						},
						"4.3333": {
							"post": [0, -0.08125, 0],
							"lerp_mode": "catmullrom"
						},
						"4.5": {
							"post": [0, 0, 0],
							"lerp_mode": "catmullrom"
						}
					}
				},
				"mag_and_lh": {
					"rotation": {
						"0.0": {
							"post": [0, 0, 0],
							"lerp_mode": "catmullrom"
						},
						"0.6": [0, 0, 0],
						"0.65": [0, 0, 0],
						"0.8": {
							"pre": [-5.29297, 0, 38],
							"post": [-5.29297, 0, 38],
							"lerp_mode": "catmullrom"
						},
						"0.95": {
							"post": [-5.29297, 0, 38.19141],
							"lerp_mode": "catmullrom"
						},
						"1.1": {
							"post": [-5.29297, 0, 39.13672],
							"lerp_mode": "catmullrom"
						},
						"1.25": {
							"post": [-5.29297, 0, 38.58594],
							"lerp_mode": "catmullrom"
						},
						"1.4333": {
							"post": [-5.29297, 0, 38],
							"lerp_mode": "catmullrom"
						},
						"1.6667": {
							"post": [0, 0, 0],
							"lerp_mode": "catmullrom"
						},
						"1.7": {
							"post": [-2.5, 0, 0],
							"lerp_mode": "catmullrom"
						},
						"1.7333": {
							"post": [-8, 0, 0],
							"lerp_mode": "catmullrom"
						},
						"1.8167": {
							"post": [2, 0, 0],
							"lerp_mode": "catmullrom"
						},
						"2.1333": {
							"post": [2, 0, 0],
							"lerp_mode": "catmullrom"
						},
						"2.1833": {
							"post": [0, 0, 0],
							"lerp_mode": "catmullrom"
						}
					},
					"position": {
						"0.0": {
							"post": [0, 0, 0],
							"lerp_mode": "catmullrom"
						},
						"0.55": [0, 0, 0],
						"0.65": [0.31328, -6.46875, -0.48828],
						"0.8667": {
							"pre": [3.63672, -4.30187, -0.49],
							"post": [3.63672, -4.30187, -0.49],
							"lerp_mode": "catmullrom"
						},
						"1.4333": {
							"post": [3.63672, -4.30187, -0.49],
							"lerp_mode": "catmullrom"
						},
						"1.5667": {
							"post": [1.19219, -6.57562, -0.19],
							"lerp_mode": "catmullrom"
						},
						"1.7": [0, -3.26, -0.10937],
						"1.7167": [0, -3.26, -0.41],
						"1.7667": [0, -3.26, -0.11],
						"2.0667": {
							"pre": [0, -3.09203, -0.11],
							"post": [0, -3.09203, -0.11],
							"lerp_mode": "catmullrom"
						},
						"2.1333": {
							"post": [0, 0, 0],
							"lerp_mode": "catmullrom"
						}
					}
				},
				"lefthand": {
					"rotation": {
						"0.0": {
							"post": [107.86682, -38.36158, -141.77743],
							"lerp_mode": "catmullrom"
						},
						"0.05": {
							"post": [107.86682, -38.36158, -141.77743],
							"lerp_mode": "catmullrom"
						},
						"0.4167": {
							"post": [96.79609, -29.95053, -121.26577],
							"lerp_mode": "catmullrom"
						},
						"2.3333": {
							"post": [96.8, -29.95, -121.27],
							"lerp_mode": "catmullrom"
						},
						"2.65": [60.85769, -46.32301, -128.09304],
						"3.0833": [60.86, -46.32, -128.09],
						"3.1667": [60.86, -46.32, -128.09],
						"3.3667": [68.36, -46.32, -128.09],
						"3.8": [60.85769, -46.32301, -128.09304],
						"4.05": {
							"pre": [107.86682, -38.36158, -141.77743],
							"post": [107.86682, -38.36158, -141.77743],
							"lerp_mode": "catmullrom"
						}
					},
					"position": {
						"0.0": {
							"post": [7.32, -10.87, -14.22],
							"lerp_mode": "catmullrom"
						},
						"0.05": {
							"post": [7.32, -10.87, -14.22],
							"lerp_mode": "catmullrom"
						},
						"0.1833": {
							"post": [8.46844, -16.73531, -9.92],
							"lerp_mode": "catmullrom"
						},
						"0.3333": {
							"post": [6.53484, -18.54578, -8.33328],
							"lerp_mode": "catmullrom"
						},
						"2.3333": {
							"post": [6.53, -18.55, -8.33],
							"lerp_mode": "catmullrom"
						},
						"2.5167": {
							"post": [11.11688, -15.74109, -6.80984],
							"lerp_mode": "catmullrom"
						},
						"2.65": [7.53094, -10.34656, -9.88016],
						"3.8": [7.53094, -10.34656, -9.88016],
						"4.05": {
							"pre": [7.32, -10.87, -14.22],
							"post": [7.32, -10.87, -14.22],
							"lerp_mode": "catmullrom"
						}
					},
					"scale": {
						"0.0": {
							"post": [1, 1.5, 1],
							"lerp_mode": "catmullrom"
						},
						"4.05": {
							"post": [1, 1.5, 1],
							"lerp_mode": "catmullrom"
						}
					}
				},
				"righthand": {
					"rotation": {
						"0.0": {
							"post": [100.5, -360, -175.75],
							"lerp_mode": "catmullrom"
						}
					},
					"position": {
						"0.0": {
							"post": [-6.85, -13.3, -1.425],
							"lerp_mode": "catmullrom"
						}
					},
					"scale": {
						"0.0": {
							"post": [1, 1.5, 1],
							"lerp_mode": "catmullrom"
						}
					}
				},
				"constraint": {
					"rotation": {
						"0.0": {
							"post": [0.2, 0.2, 0.4],
							"lerp_mode": "catmullrom"
						}
					},
					"position": {
						"0.0": {
							"post": [0.1, 0.1, 0.1],
							"lerp_mode": "catmullrom"
						}
					}
				},
				"mag_release": {
					"position": {
						"0.0": {
							"post": [0, 0, 0],
							"lerp_mode": "catmullrom"
						},
						"0.4": {
							"post": [0, 0, 0],
							"lerp_mode": "catmullrom"
						},
						"0.45": {
							"post": [0.13, 0, 0],
							"lerp_mode": "catmullrom"
						},
						"0.6667": {
							"post": [0.13, 0, 0],
							"lerp_mode": "catmullrom"
						},
						"0.7167": {
							"post": [0, 0, 0],
							"lerp_mode": "catmullrom"
						},
						"2.1167": {
							"post": [0, 0, 0],
							"lerp_mode": "catmullrom"
						},
						"2.1333": {
							"post": [0.13, 0, 0],
							"lerp_mode": "catmullrom"
						},
						"2.1833": {
							"post": [0.13, 0, 0],
							"lerp_mode": "catmullrom"
						},
						"2.2333": {
							"post": [0, 0, 0],
							"lerp_mode": "catmullrom"
						}
					}
				},
				"m4a1_pull": {
					"rotation": {
						"0.0": {
							"post": [0, 0, 0],
							"lerp_mode": "catmullrom"
						}
					},
					"position": {
						"0.0": {
							"post": [0, 0, 0],
							"lerp_mode": "catmullrom"
						}
					}
				},
				"gun_and_righthand": {
					"rotation": {
						"0.6167": {
							"pre": [0, 0, 0],
							"post": [0, 0, 0],
							"lerp_mode": "catmullrom"
						},
						"0.7167": {
							"post": [-1.06, -2.61, -3.69],
							"lerp_mode": "catmullrom"
						},
						"0.8167": {
							"post": [-2.74219, -5.47266, -7.62891],
							"lerp_mode": "catmullrom"
						},
						"0.9833": {
							"post": [-2.13281, -4.91406, -7.05859],
							"lerp_mode": "catmullrom"
						},
						"1.1667": {
							"post": [-2.46484, -5, -7.25],
							"lerp_mode": "catmullrom"
						},
						"1.4167": {
							"post": [-2.46484, -5, -7.25],
							"lerp_mode": "catmullrom"
						},
						"1.6333": {
							"post": [0, 0, 0],
							"lerp_mode": "catmullrom"
						}
					},
					"position": {
						"0.6167": {
							"pre": [0, 0, 0],
							"post": [0, 0, 0],
							"lerp_mode": "catmullrom"
						},
						"0.7167": {
							"post": [-0.42, 0.12, 0.07],
							"lerp_mode": "catmullrom"
						},
						"0.8333": {
							"post": [-0.94922, 0.28516, 0.16797],
							"lerp_mode": "catmullrom"
						},
						"1.45": {
							"post": [-0.95, 0.29, 0.17],
							"lerp_mode": "catmullrom"
						},
						"1.6333": {
							"post": [0, 0, 0],
							"lerp_mode": "catmullrom"
						}
					}
				},
				"magazine": {
					"rotation": {
						"1.7": [0, 0, 0],
						"1.7333": [0, 0, 7.5],
						"1.8167": [0, 0, 0],
						"1.9": [-2.5, 0, 0],
						"1.9667": [0, 0, 0]
					}
				},
				"additional_magazine": {
					"scale": 0
				},
				"bullet": {
					"scale": 0
				},
				"bullet_in_mag": {
					"scale": 0
				},
				"bolt": {
					"position": [0, 0, 3.3]
				},
				"camera": {
					"rotation": {
						"0.0": [0, 0, 0],
						"0.0833": {
							"pre": [-0.5, 0, -1],
							"post": [-0.5, 0, -1],
							"lerp_mode": "catmullrom"
						},
						"0.2": {
							"post": [0.5, 0.27, 0.5],
							"lerp_mode": "catmullrom"
						},
						"0.3": {
							"post": [3, 0.5, 0],
							"lerp_mode": "catmullrom"
						},
						"0.4167": {
							"post": [4.5, 1, -0.03],
							"lerp_mode": "catmullrom"
						},
						"0.5333": {
							"post": [5, 0.75, -0.5],
							"lerp_mode": "catmullrom"
						},
						"0.6167": {
							"post": [5.5, 1, 0.25],
							"lerp_mode": "catmullrom"
						},
						"0.7333": {
							"post": [5.05, 0.75, 0],
							"lerp_mode": "catmullrom"
						},
						"0.8833": {
							"post": [4.55, 1.25, -0.5],
							"lerp_mode": "catmullrom"
						},
						"1.15": {
							"post": [4, 1.5, -0.5],
							"lerp_mode": "catmullrom"
						},
						"1.4333": {
							"post": [4, 1.5, 0],
							"lerp_mode": "catmullrom"
						},
						"1.6333": {
							"post": [3, 1.25, -0.5],
							"lerp_mode": "catmullrom"
						},
						"1.7167": {
							"post": [3, 1.5, -0.25],
							"lerp_mode": "catmullrom"
						},
						"1.75": {
							"post": [3.09, 1.25, 0.25],
							"lerp_mode": "catmullrom"
						},
						"1.8167": {
							"post": [3, 1.5, -0.25],
							"lerp_mode": "catmullrom"
						},
						"2.0333": {
							"post": [2, 1, 0.29],
							"lerp_mode": "catmullrom"
						},
						"2.1333": {
							"post": [2.83, 1.36, -1],
							"lerp_mode": "catmullrom"
						},
						"2.1667": {
							"post": [2.61, 1.25, 0.5],
							"lerp_mode": "catmullrom"
						},
						"2.2333": {
							"post": [2, 1, -0.25],
							"lerp_mode": "catmullrom"
						},
						"2.3667": {
							"post": [2.52, 1.06, -0.5],
							"lerp_mode": "catmullrom"
						},
						"2.5": {
							"post": [3, 1.25, -1],
							"lerp_mode": "catmullrom"
						},
						"2.7333": {
							"post": [2, 2, 2],
							"lerp_mode": "catmullrom"
						},
						"2.8833": {
							"post": [1.95, 1.75, 0.5],
							"lerp_mode": "catmullrom"
						},
						"3.0": {
							"post": [2, 1.5, 0.5],
							"lerp_mode": "catmullrom"
						},
						"3.1833": {
							"post": [3, 1, -0.5],
							"lerp_mode": "catmullrom"
						},
						"3.2833": {
							"post": [3, 1.25, 0],
							"lerp_mode": "catmullrom"
						},
						"3.4333": {
							"post": [4, 1.28, -0.22],
							"lerp_mode": "catmullrom"
						},
						"3.6833": {
							"post": [4.5, 1.25, -0.5],
							"lerp_mode": "catmullrom"
						},
						"3.7833": {
							"post": [4.5, 1, -0.5],
							"lerp_mode": "catmullrom"
						},
						"3.95": {
							"post": [1, -0.125, 0.47],
							"lerp_mode": "catmullrom"
						},
						"4.0167": {
							"post": [-0.35, -0.28, 1],
							"lerp_mode": "catmullrom"
						},
						"4.1667": {
							"post": [0.25, -0.25, -0.5],
							"lerp_mode": "catmullrom"
						},
						"4.2667": {
							"post": [0.5, 0, 0],
							"lerp_mode": "catmullrom"
						},
						"4.3833": {
							"post": [0.125, 0.125, -0.25],
							"lerp_mode": "catmullrom"
						},
						"4.5333": {
							"post": [0, 0, 0],
							"lerp_mode": "catmullrom"
						}
					},
					"position": [0, 0, 0]
				}
			},
			"sound_effects": {
				"0.0": {
					"effect": "suffuse:n4/n4_up"
				},
				"0.5167": {
					"effect": "suffuse:n4/n4_magout"
				},
				"1.5167": {
					"effect": "suffuse:n4/n4_magin_1"
				},
				"1.9833": {
					"effect": "suffuse:n4/n4_magin_2"
				},
				"2.4667": {
					"effect": "suffuse:n4/n4_up_2"
				},
				"2.65": {
					"effect": "suffuse:n4/n4_up"
				},
				"3.85": {
					"effect": "suffuse:n4/n4_down"
				}
			}
		},
		"shoot": {
			"loop": true,
			"animation_length": 0.3667,
			"bones": {
				"root": {
					"rotation": {
						"0.0": [0, 0, 0],
						"0.0167": {
							"pre": [-2.47809, 0, 3.04111],
							"post": [-2.47809, 0, 3.04111],
							"lerp_mode": "catmullrom"
						},
						"0.0333": [-0.23401, 0, -3.51318],
						"0.1": [0.6351, 1.03974, -1.06892],
						"0.1667": {
							"pre": [1.3804, 0.00576, 0.06984],
							"post": [1.3804, 0.00576, 0.06984],
							"lerp_mode": "catmullrom"
						},
						"0.2333": {
							"post": [0.79791, -0.06174, -0.08398],
							"lerp_mode": "catmullrom"
						},
						"0.3": {
							"post": [0, 0, 0],
							"lerp_mode": "catmullrom"
						}
					},
					"position": {
						"0.0": [0, 0, 0],
						"0.0167": {
							"pre": [-0.25, 0.08, 0.93],
							"post": [-0.25, 0.08, 0.93],
							"lerp_mode": "catmullrom"
						},
						"0.0833": {
							"post": [0, -0.225, -0.34719],
							"lerp_mode": "catmullrom"
						},
						"0.1333": {
							"post": [0.02, -0.02, -0.19],
							"lerp_mode": "catmullrom"
						},
						"0.2333": {
							"post": [0, 0, 0],
							"lerp_mode": "catmullrom"
						}
					}
				},
				"constraint": {
					"rotation": {
						"0.0": [0.15, 0.2, 0.15],
						"0.0833": [0.2, 0.2, 0.2]
					},
					"position": {
						"0.0": [0.2, 0.2, 0.45],
						"0.0833": [0.2, 0.2, 0.45],
						"0.15": [0.2, 0.2, 0.2]
					}
				},
				"lefthand": {
					"rotation": {
						"0.0": {
							"post": [0, 0, 0],
							"lerp_mode": "catmullrom"
						},
						"0.0333": {
							"post": [0.90051, -7.32716, -1.2827],
							"lerp_mode": "catmullrom"
						},
						"0.1": {
							"post": [0, 0, 0],
							"lerp_mode": "catmullrom"
						}
					}
				},
				"bullet_in_barrel": {
					"rotation": {
						"0.0167": [0, 0, 0],
						"0.0333": [-4, 0, 0],
						"0.0667": [0, 0, 0]
					},
					"position": {
						"0.0167": [0.1, -0.6, 0.1],
						"0.0333": [0, 0.1, 0],
						"0.05": [0, 0.15, 0],
						"0.0667": [0, 0, 0]
					},
					"scale": 1
				},
				"bolt": {
					"position": {
						"0.0": {
							"post": [0, 0, 0],
							"lerp_mode": "catmullrom"
						},
						"0.0167": {
							"post": [0, 0, 4],
							"lerp_mode": "catmullrom"
						},
						"0.05": {
							"post": [0, 0, 3],
							"lerp_mode": "catmullrom"
						},
						"0.0833": [0, 0, 0],
						"0.1": [0, 0, 0.1],
						"0.1167": [0, 0, 0]
					}
				},
				"camera": {
					"rotation": {
						"0.0": [0, 0, 0],
						"0.0333": {
							"pre": [0.125, -0.21782, -0.4905],
							"post": [0.125, -0.21782, -0.4905],
							"lerp_mode": "catmullrom"
						},
						"0.0667": {
							"post": [0.25953, 0.21782, 0.4905],
							"lerp_mode": "catmullrom"
						},
						"0.1": [0.125, 0, 0],
						"0.15": [0.25, 0, -0.4],
						"0.2": [0, 0, -0.07],
						"0.2333": {
							"pre": [0, -0.125, 0],
							"post": [0, -0.125, 0],
							"lerp_mode": "catmullrom"
						},
						"0.3": {
							"post": [0, 0, 0],
							"lerp_mode": "catmullrom"
						}
					}
				}
			}
		},
		"shoot3": {
			"loop": true,
			"animation_length": 0.7667,
			"bones": {
				"root": {
					"rotation": {
						"0.0": [0, 0, 0],
						"0.0333": {
							"pre": [-1.97809, 0, 3.04111],
							"post": [-1.97809, 0, 3.04111],
							"lerp_mode": "catmullrom"
						},
						"0.0667": [-0.23378, 0.01021, 0.4118],
						"0.2": [-0.0149, 1.03974, -1.06892],
						"0.3333": {
							"pre": [0.7304, 0.00576, -0.83016],
							"post": [0.7304, 0.00576, -0.83016],
							"lerp_mode": "catmullrom"
						},
						"0.4667": {
							"post": [0.79791, -0.06174, -0.08398],
							"lerp_mode": "catmullrom"
						},
						"0.6": {
							"post": [0, 0, 0],
							"lerp_mode": "catmullrom"
						}
					},
					"position": {
						"0.0": [0, 0, 0],
						"0.0333": {
							"pre": [-0.2, 0.08, 0.73],
							"post": [-0.2, 0.08, 0.73],
							"lerp_mode": "catmullrom"
						},
						"0.1": {
							"post": [-0.05, -0.15, 0.25528],
							"lerp_mode": "catmullrom"
						},
						"0.1333": {
							"post": [-0.05, -0.05, 0.25528],
							"lerp_mode": "catmullrom"
						},
						"0.2667": {
							"post": [0.02, -0.02, -0.19],
							"lerp_mode": "catmullrom"
						},
						"0.4667": {
							"post": [0, 0, 0],
							"lerp_mode": "catmullrom"
						}
					}
				},
				"lefthand": {
					"rotation": {
						"0.0": {
							"post": [3.09865, -6.65482, -4.64495],
							"lerp_mode": "catmullrom"
						},
						"0.0333": {
							"post": [0.90051, 1.3272, 1.2827],
							"lerp_mode": "catmullrom"
						},
						"0.0667": {
							"post": [0, 0, 0],
							"lerp_mode": "catmullrom"
						}
					}
				},
				"bullet_in_barrel": {
					"rotation": {
						"0.0333": [0, 0, 0],
						"0.0667": [-4, 0, 0],
						"0.1333": [0, 0, 0]
					},
					"position": {
						"0.0333": [0.1, -0.6, 0.1],
						"0.0667": [0, 0.1, 0],
						"0.1": [0, 0.15, 0],
						"0.1333": [0, 0, 0]
					},
					"scale": 1
				},
				"bolt": {
					"position": {
						"0.0": {
							"post": [0, 0, 0],
							"lerp_mode": "catmullrom"
						},
						"0.0333": [0, 0, 4],
						"0.1": {
							"pre": [0, 0, 3],
							"post": [0, 0, 3],
							"lerp_mode": "catmullrom"
						},
						"0.1667": {
							"post": [0, 0, 0],
							"lerp_mode": "catmullrom"
						}
					}
				},
				"constraint": {
					"rotation": [0.2, 0.2, 0.2],
					"position": {
						"0.0": [0.2, 0.2, 1],
						"0.0333": [0.2, 0.2, 0.5],
						"0.1333": [0.2, 0.2, 0.5],
						"0.2667": [0.2, 0.2, 0.2]
					}
				},
				"camera": {
					"rotation": {
						"0.0": [0, 0, 0],
						"0.1": [0.09, 0, 0.08],
						"0.1667": [0.16, 0, 0.06],
						"0.2667": [0.18, 0, 0.02],
						"0.3333": [0.12, 0, 0.01],
						"0.4": [0.03, 0, 0],
						"0.5": [0, 0, 0],
						"0.5667": [0.03, 0, 0.01],
						"0.6667": [0.09, 0, 0],
						"0.7667": [0, 0, 0]
					}
				}
			}
		},
		"shoot2": {
			"loop": true,
			"animation_length": 0.7667,
			"bones": {
				"root": {
					"rotation": {
						"0.0": [0, 0, 0],
						"0.0333": {
							"pre": [-1.97809, 0, 1.24111],
							"post": [-1.97809, 0, 1.24111],
							"lerp_mode": "catmullrom"
						},
						"0.0667": [-0.23378, 0.01021, 0.0868],
						"0.2": [0.0851, 1.03974, 0.03108],
						"0.4667": {
							"pre": [0.5554, 0.00576, 0.06984],
							"post": [0.5554, 0.00576, 0.06984],
							"lerp_mode": "catmullrom"
						},
						"0.6": {
							"post": [0.79791, -0.06174, -0.08398],
							"lerp_mode": "catmullrom"
						},
						"0.7333": {
							"post": [0, 0, 0],
							"lerp_mode": "catmullrom"
						}
					},
					"position": {
						"0.0": [0, 0, 0],
						"0.0333": {
							"pre": [-0.25, 0.08, 0.73],
							"post": [-0.25, 0.08, 0.73],
							"lerp_mode": "catmullrom"
						},
						"0.0667": {
							"post": [-0.115, 0.04, 0.61],
							"lerp_mode": "catmullrom"
						},
						"0.2333": {
							"post": [-0.1, -0.15, -0.26972],
							"lerp_mode": "catmullrom"
						},
						"0.2667": {
							"post": [-0.1, -0.05, -0.26972],
							"lerp_mode": "catmullrom"
						},
						"0.4": {
							"post": [0.02, -0.02, -0.19],
							"lerp_mode": "catmullrom"
						},
						"0.6": {
							"post": [0, 0, 0],
							"lerp_mode": "catmullrom"
						}
					}
				},
				"lefthand": {
					"rotation": {
						"0.0": {
							"post": [3.09865, -6.65482, -4.64495],
							"lerp_mode": "catmullrom"
						},
						"0.0333": {
							"post": [0.90051, 1.3272, 1.2827],
							"lerp_mode": "catmullrom"
						},
						"0.0667": {
							"post": [0, 0, 0],
							"lerp_mode": "catmullrom"
						}
					}
				},
				"bullet_in_barrel": {
					"rotation": {
						"0.0333": [0, 0, 0],
						"0.0667": [-4, 0, 0],
						"0.1333": [0, 0, 0]
					},
					"position": {
						"0.0333": [0.1, -0.6, 0.1],
						"0.0667": [0, 0.1, 0],
						"0.1": [0, 0.15, 0],
						"0.1333": [0, 0, 0]
					},
					"scale": 1
				},
				"bolt": {
					"position": {
						"0.0": {
							"post": [0, 0, 0],
							"lerp_mode": "catmullrom"
						},
						"0.0333": [0, 0, 4],
						"0.1": {
							"pre": [0, 0, 3],
							"post": [0, 0, 3],
							"lerp_mode": "catmullrom"
						},
						"0.1667": {
							"post": [0, 0, 0],
							"lerp_mode": "catmullrom"
						}
					}
				},
				"constraint": {
					"rotation": [0.2, 0.2, 0.2],
					"position": {
						"0.0": [0.2, 0.2, 1],
						"0.0333": [0.2, 0.2, 0.5],
						"0.1333": [0.2, 0.2, 0.5],
						"0.2667": [0.2, 0.2, 0.2]
					}
				},
				"camera": {
					"rotation": {
						"0.0": [0, 0, 0],
						"0.1": [0.09, 0, 0.08],
						"0.1667": [0.16, 0, 0.06],
						"0.2667": [0.18, 0, 0.02],
						"0.3333": [0.12, 0, 0.01],
						"0.4": [0.03, 0, 0],
						"0.5": [0, 0, 0],
						"0.5667": [0.03, 0, 0.01],
						"0.6667": [0.09, 0, 0],
						"0.7667": [0, 0, 0]
					}
				}
			}
		}
	}
}