{
	"credit": "Made with Blockbench",
	"parent": "block/block",
	"textures": {
		"1": "create:block/andesite_casing_short",
		"2": "create:block/hand_crank_handle",
		"3": "create:block/metal_casing",
		"particle": "create:block/axis"
	},
	"elements": [
		{
			"name": "Connector",
			"from": [5, 5, 11],
			"to": [11, 11, 14],
			"faces": {
				"north": {"uv": [5, 5, 11, 11], "texture": "#3"},
				"east": {"uv": [0, 3, 3, 9], "texture": "#3"},
				"south": {"uv": [5, 5, 11, 11], "texture": "#3"},
				"west": {"uv": [13, 6, 16, 12], "texture": "#3"},
				"up": {"uv": [6, 0, 12, 3], "texture": "#3"},
				"down": {"uv": [6, 13, 12, 16], "texture": "#3"}
			}
		},
		{
			"name": "Arm",
			"from": [-2, 6, 10],
			"to": [14, 10, 13],
			"faces": {
				"north": {"uv": [0, 6, 16, 10], "texture": "#1"},
				"east": {"uv": [0, 0, 4, 3], "rotation": 90, "texture": "#1"},
				"south": {"uv": [0, 6, 16, 10], "texture": "#1"},
				"west": {"uv": [0, 0, 4, 3], "rotation": 90, "texture": "#1"},
				"up": {"uv": [0, 6, 16, 9], "texture": "#1"},
				"down": {"uv": [0, 6, 16, 9], "texture": "#1"}
			}
		},
		{
			"name": "Connector",
			"from": [0, 7, 9],
			"to": [2, 9, 10],
			"rotation": {"angle": 0, "axis": "y", "origin": [9, 8, 9]},
			"faces": {
				"north": {"uv": [0, 3, 2, 5], "texture": "#2"},
				"east": {"uv": [0, 3, 1, 5], "texture": "#2"},
				"south": {"uv": [0, 3, 2, 5], "texture": "#2"},
				"west": {"uv": [0, 3, 1, 5], "texture": "#2"},
				"up": {"uv": [0, 3, 2, 4], "texture": "#2"},
				"down": {"uv": [0, 3, 2, 4], "texture": "#2"}
			}
		},
		{
			"name": "Grip",
			"from": [-0.5, 6.5, 3],
			"to": [2.5, 9.5, 9],
			"rotation": {"angle": 45, "axis": "z", "origin": [1, 8, 9]},
			"faces": {
				"north": {"uv": [0, 13, 3, 16], "rotation": 90, "texture": "#2"},
				"east": {"uv": [0, 0, 3, 6], "rotation": 90, "texture": "#2"},
				"south": {"uv": [0, 7, 3, 10], "texture": "#2"},
				"west": {"uv": [0, 0, 3, 6], "rotation": 270, "texture": "#2"},
				"up": {"uv": [0, 0, 3, 6], "texture": "#2"},
				"down": {"uv": [0, 0, 3, 6], "rotation": 180, "texture": "#2"}
			}
		}
	],
	"groups": [
		{
			"name": "shaft_half",
			"origin": [8, 8, 8],
			"color": 0,
			"children": [0]
		},
		1,
		2,
		3
	]
}