{
	"credit": "Made with Blockbench",
	"parent": "block/block",
	"textures": {
		"1": "create:block/andesite_casing_short",
		"2": "create:block/hand_crank_handle",
		"3": "create:block/metal_casing",
		"4": "create:block/axis",
		"5": "create:block/axis_top",
		"particle": "create:block/axis"
	},
	"elements": [
		{
			"name": "Axis",
			"from": [6, 6, 11],
			"to": [10, 10, 16],
			"faces": {
				"east": {"uv": [6, 0, 10, 5], "rotation": 270, "texture": "#4"},
				"south": {"uv": [6, 6, 10, 10], "texture": "#5"},
				"west": {"uv": [6, 0, 10, 5], "rotation": 90, "texture": "#4"},
				"up": {"uv": [6, 0, 10, 5], "rotation": 180, "texture": "#4"},
				"down": {"uv": [6, 0, 10, 5], "texture": "#4"}
			}
		},
		{
			"name": "Connector",
			"from": [5, 5, 11],
			"to": [11, 11, 14],
			"faces": {
				"north": {"uv": [5, 5, 11, 11], "texture": "#3"},
				"east": {"uv": [0, 3, 3, 9], "texture": "#3"},
				"south": {"uv": [5, 5, 11, 11], "texture": "#3"},
				"west": {"uv": [13, 6, 16, 12], "texture": "#3"},
				"up": {"uv": [6, 0, 12, 3], "texture": "#3"},
				"down": {"uv": [6, 13, 12, 16], "texture": "#3"}
			}
		},
		{
			"name": "Arm",
			"from": [-2, 6, 10],
			"to": [14, 10, 13],
			"faces": {
				"north": {"uv": [0, 6, 16, 10], "texture": "#1"},
				"east": {"uv": [0, 0, 4, 3], "rotation": 90, "texture": "#1"},
				"south": {"uv": [0, 6, 16, 10], "texture": "#1"},
				"west": {"uv": [0, 0, 4, 3], "rotation": 90, "texture": "#1"},
				"up": {"uv": [0, 6, 16, 9], "texture": "#1"},
				"down": {"uv": [0, 6, 16, 9], "texture": "#1"}
			}
		},
		{
			"name": "Connector",
			"from": [-1, 7, 9],
			"to": [1, 9, 10],
			"rotation": {"angle": 0, "axis": "y", "origin": [8, 8, 9]},
			"faces": {
				"north": {"uv": [0, 3, 2, 5], "texture": "#2"},
				"east": {"uv": [0, 3, 1, 5], "texture": "#2"},
				"south": {"uv": [0, 3, 2, 5], "texture": "#2"},
				"west": {"uv": [0, 3, 1, 5], "texture": "#2"},
				"up": {"uv": [0, 3, 2, 4], "texture": "#2"},
				"down": {"uv": [0, 3, 2, 4], "texture": "#2"}
			}
		},
		{
			"name": "Grip",
			"from": [-1.5, 6.5, 3],
			"to": [1.5, 9.5, 9],
			"rotation": {"angle": 45, "axis": "z", "origin": [0, 8, 9]},
			"faces": {
				"north": {"uv": [0, 13, 3, 16], "rotation": 90, "texture": "#2"},
				"east": {"uv": [0, 0, 3, 6], "rotation": 90, "texture": "#2"},
				"south": {"uv": [0, 7, 3, 10], "texture": "#2"},
				"west": {"uv": [0, 0, 3, 6], "rotation": 270, "texture": "#2"},
				"up": {"uv": [0, 0, 3, 6], "texture": "#2"},
				"down": {"uv": [0, 0, 3, 6], "rotation": 180, "texture": "#2"}
			}
		}
	],
	"display": {
		"thirdperson_righthand": {
			"rotation": [75, 45, 0],
			"translation": [0, 2.5, 0],
			"scale": [0.375, 0.375, 0.375]
		},
		"thirdperson_lefthand": {
			"rotation": [75, 45, 0],
			"translation": [0, 2.5, 0],
			"scale": [0.375, 0.375, 0.375]
		},
		"firstperson_righthand": {
			"rotation": [0, 180, 0],
			"scale": [0.4, 0.4, 0.4]
		},
		"firstperson_lefthand": {
			"rotation": [0, 180, 0],
			"scale": [0.4, 0.4, 0.4]
		},
		"ground": {
			"translation": [0, 1, 0],
			"scale": [0.25, 0.25, 0.25]
		},
		"gui": {
			"rotation": [30, 225, 0],
			"translation": [-0.5, -1.25, 0],
			"scale": [0.75, 0.75, 0.75]
		},
		"head": {
			"rotation": [90, 0, 0],
			"translation": [0, 14.5, 0]
		},
		"fixed": {
			"translation": [0, 0, -3.5],
			"scale": [0.5, 0.5, 0.5]
		}
	},
	"groups": [
		{
			"name": "shaft_half",
			"origin": [8, 8, 8],
			"color": 0,
			"children": [0]
		},
		1,
		2,
		3,
		4
	]
}