{
	"format_version": "1.12.0",
	"minecraft:geometry": [
		{
			"description": {
				"identifier": "geometry.TD-grip",
				"texture_width": 128,
				"texture_height": 128,
				"visible_bounds_width": 2,
				"visible_bounds_height": 1.5,
				"visible_bounds_offset": [0, 0.25, 0]
			},
			"bones": [
				{
					"name": "grip",
					"pivot": [0, -8.35, 10.6]
				},
				{
					"name": "grip2",
					"parent": "grip",
					"pivot": [0.115, -3.29401, -0.22288],
					"rotation": [-30, 0, 0],
					"cubes": [
						{
							"origin": [-0.40992, -2.50417, -0.28653],
							"size": [1.04984, 1.09213, 0.26134],
							"uv": {
								"north": {"uv": [58, 43], "uv_size": [5, 5]},
								"east": {"uv": [30, 18], "uv_size": [1, 5]},
								"south": {"uv": [58, 49], "uv_size": [5, 5]},
								"west": {"uv": [37, 78], "uv_size": [1, 5]},
								"up": {"uv": [80, 66], "uv_size": [5, 1]},
								"down": {"uv": [78, 81], "uv_size": [5, -1]}
							}
						},
						{
							"origin": [-0.41221, -2.63034, -0.95672],
							"size": [1.05444, 1.38654, 0.27919],
							"pivot": [0.115, -1.93707, -0.81712],
							"rotation": [-60, 0, 0],
							"uv": {
								"north": {"uv": [52, 36], "uv_size": [5, 6]},
								"east": {"uv": [46, 77], "uv_size": [1, 6]},
								"south": {"uv": [39, 52], "uv_size": [5, 6]},
								"west": {"uv": [48, 77], "uv_size": [1, 6]},
								"up": {"uv": [81, 0], "uv_size": [5, 1]},
								"down": {"uv": [81, 3], "uv_size": [5, -1]}
							}
						},
						{
							"origin": [-0.40992, -2.50417, -1.60231],
							"size": [1.04984, 0.34136, 1.57712],
							"uv": {
								"north": {"uv": [81, 4], "uv_size": [5, 1]},
								"east": {"uv": [77, 44], "uv_size": [7, 1]},
								"south": {"uv": [5, 81], "uv_size": [5, 1]},
								"west": {"uv": [77, 46], "uv_size": [7, 1]},
								"up": {"uv": [49, 0], "uv_size": [5, 7]},
								"down": {"uv": [27, 57], "uv_size": [5, -7]}
							}
						},
						{
							"origin": [-0.40992, -4.69073, -1.23136],
							"size": [1.04984, 2.60686, 0.43862],
							"pivot": [0.115, -2.5708, -0.55205],
							"rotation": [30, 0, 0],
							"uv": {
								"north": {"uv": [36, 0], "uv_size": [5, 11]},
								"east": {"uv": [30, 58], "uv_size": [2, 11]},
								"west": {"uv": [6, 63], "uv_size": [2, 11]}
							}
						},
						{
							"origin": [-0.46742, -5.32323, -1.00136],
							"size": [1.16484, 3.35436, 1.35862],
							"pivot": [0.115, -2.5708, -0.55205],
							"rotation": [30, 0, 0],
							"uv": {
								"north": {"uv": [32, 18], "uv_size": [5, 15]},
								"east": {"uv": [18, 24], "uv_size": [6, 15]},
								"south": {"uv": [32, 34], "uv_size": [5, 15]},
								"west": {"uv": [25, 24], "uv_size": [6, 15]},
								"up": {"uv": [52, 43], "uv_size": [5, 6]},
								"down": {"uv": [45, 58], "uv_size": [5, -6]}
							}
						},
						{
							"origin": [-0.45592, -5.14631, -0.07161],
							"size": [1.14184, 0.76686, 1.87612],
							"pivot": [0.115, -4.64788, 0.98145],
							"rotation": [12.5, 0, 0],
							"uv": {
								"north": {"uv": [64, 35], "uv_size": [5, 3]},
								"east": {"uv": [42, 8], "uv_size": [8, 3]},
								"west": {"uv": [51, 8], "uv_size": [8, 3]},
								"down": {"uv": [21, 56], "uv_size": [5, -8]}
							}
						},
						{
							"origin": [-0.38692, -4.81142, 0.20299],
							"size": [1.00384, 0.28386, 0.40412],
							"pivot": [0.115, -4.42799, -0.33095],
							"rotation": [-45, 0, 0],
							"uv": {
								"north": {"uv": [27, 48], "uv_size": [4, 1]},
								"east": {"uv": [33, 68], "uv_size": [2, 1]},
								"west": {"uv": [46, 69], "uv_size": [2, 1]},
								"down": {"uv": [16, 79], "uv_size": [4, -2]}
							}
						},
						{
							"origin": [-0.38692, -3.53611, -0.98834],
							"size": [1.00384, 0.37586, 0.19712],
							"pivot": [0.115, -3.32519, -1.01628],
							"rotation": [-72.5, 0, 0],
							"uv": {
								"north": {"uv": [77, 38], "uv_size": [4, 2]},
								"east": {"uv": [60, 13], "uv_size": [1, 2]},
								"south": {"uv": [41, 77], "uv_size": [4, 2]},
								"west": {"uv": [31, 79], "uv_size": [1, 2]},
								"down": {"uv": [58, 56], "uv_size": [4, -1]}
							}
						},
						{
							"origin": [-0.38692, -3.38768, -1.05274],
							"size": [1.00384, 0.35286, 0.15112],
							"uv": {
								"north": {"uv": [77, 41], "uv_size": [4, 2]},
								"east": {"uv": [64, 82], "uv_size": [1, 2]},
								"west": {"uv": [82, 70], "uv_size": [1, 2]}
							}
						},
						{
							"origin": [-0.40992, -5.63274, 0.63154],
							"size": [1.04984, 3.87186, 0.38112],
							"pivot": [0.115, -3.29431, 0.1896],
							"rotation": [35, 0, 0],
							"uv": {
								"east": {"uv": [33, 50], "uv_size": [2, 17]},
								"south": {"uv": [30, 0], "uv_size": [5, 17]},
								"west": {"uv": [36, 52], "uv_size": [2, 17]},
								"up": {"uv": [0, 69], "uv_size": [5, 2]},
								"down": {"uv": [70, 57], "uv_size": [5, -2]}
							}
						}
					]
				},
				{
					"name": "bone53",
					"parent": "grip",
					"pivot": [0.115, -1.03417, -0.60675],
					"cubes": [
						{
							"origin": [0.54703, -0.22575, -0.69113],
							"size": [0.1725, 0.39567, 1.43376],
							"uv": {
								"north": {"uv": [78, 82], "uv_size": [1, 2]},
								"east": {"uv": [68, 19], "uv_size": [6, 2]},
								"south": {"uv": [80, 82], "uv_size": [1, 2]},
								"west": {"uv": [68, 22], "uv_size": [6, 2]},
								"up": {"uv": [77, 48], "uv_size": [1, 6]},
								"down": {"uv": [50, 83], "uv_size": [1, -6]}
							}
						},
						{
							"origin": [-0.54703, -0.34075, -0.69113],
							"size": [1.09405, 0.68317, 1.43376],
							"uv": {
								"north": {"uv": [64, 39], "uv_size": [5, 3]},
								"east": {"uv": [62, 31], "uv_size": [6, 3]},
								"south": {"uv": [64, 43], "uv_size": [5, 3]},
								"west": {"uv": [63, 55], "uv_size": [6, 3]},
								"up": {"uv": [52, 50], "uv_size": [5, 6]},
								"down": {"uv": [55, 6], "uv_size": [5, -6]}
							}
						},
						{
							"origin": [0.54703, -0.34075, -0.34613],
							"size": [0.345, 0.68317, 0.74376],
							"uv": {
								"north": {"uv": [27, 65], "uv_size": [2, 3]},
								"east": {"uv": [6, 77], "uv_size": [3, 3]},
								"south": {"uv": [77, 64], "uv_size": [2, 3]},
								"west": {"uv": [10, 77], "uv_size": [3, 3]},
								"up": {"uv": [77, 74], "uv_size": [2, 3]},
								"down": {"uv": [0, 81], "uv_size": [2, -3]}
							}
						},
						{
							"origin": [-0.33795, -0.47563, -0.69113],
							"size": [0.17405, 0.10817, 1.43376],
							"pivot": [-0.19343, -0.36404, 0.02575],
							"rotation": [0, 0, 45],
							"uv": {
								"north": {"uv": [36, 50], "uv_size": [1, 1]},
								"east": {"uv": [78, 6], "uv_size": [6, 1]},
								"south": {"uv": [60, 16], "uv_size": [1, 1]},
								"west": {"uv": [52, 78], "uv_size": [6, 1]},
								"up": {"uv": [3, 78], "uv_size": [1, 6]},
								"down": {"uv": [21, 84], "uv_size": [1, -6]}
							}
						},
						{
							"origin": [0.39506, -0.47447, -0.69113],
							"size": [0.33505, 0.13117, 1.43376],
							"pivot": [0.42458, -0.36289, 0.02575],
							"rotation": [0, 0, -45],
							"uv": {
								"north": {"uv": [49, 69], "uv_size": [1, 1]},
								"east": {"uv": [59, 78], "uv_size": [6, 1]},
								"south": {"uv": [44, 72], "uv_size": [1, 1]},
								"west": {"uv": [66, 78], "uv_size": [6, 1]},
								"up": {"uv": [23, 78], "uv_size": [1, 6]},
								"down": {"uv": [25, 84], "uv_size": [1, -6]}
							}
						},
						{
							"origin": [0.5089, 0.03504, -0.69113],
							"size": [0.17405, 0.24617, 1.43376],
							"pivot": [0.53843, 0.14663, 0.02575],
							"rotation": [0, 0, -45],
							"uv": {
								"north": {"uv": [33, 73], "uv_size": [1, 1]},
								"east": {"uv": [78, 68], "uv_size": [6, 1]},
								"south": {"uv": [84, 76], "uv_size": [1, 1]},
								"west": {"uv": [73, 78], "uv_size": [6, 1]},
								"up": {"uv": [33, 78], "uv_size": [1, 6]},
								"down": {"uv": [35, 84], "uv_size": [1, -6]}
							}
						},
						{
							"origin": [-0.60453, -0.37502, -0.38364],
							"size": [1.38155, 0.31057, 0.31058],
							"pivot": [0.115, -0.40603, 0.16074],
							"rotation": [-45, 0, 0],
							"uv": {
								"north": {"uv": [79, 48], "uv_size": [6, 1]},
								"east": {"uv": [84, 78], "uv_size": [1, 1]},
								"south": {"uv": [79, 50], "uv_size": [6, 1]},
								"west": {"uv": [84, 80], "uv_size": [1, 1]},
								"up": {"uv": [79, 52], "uv_size": [6, 1]},
								"down": {"uv": [80, 9], "uv_size": [6, -1]}
							}
						},
						{
							"origin": [-0.54703, -3.25002, -0.44114],
							"size": [0.40405, 0.42557, 0.42558],
							"pivot": [0.115, -3.16603, 0.16074],
							"rotation": [-45, 0, 0],
							"uv": {
								"north": {"uv": [11, 81], "uv_size": [2, 2]},
								"east": {"uv": [81, 18], "uv_size": [2, 2]},
								"south": {"uv": [81, 21], "uv_size": [2, 2]},
								"west": {"uv": [81, 24], "uv_size": [2, 2]},
								"up": {"uv": [81, 27], "uv_size": [2, 2]},
								"down": {"uv": [81, 60], "uv_size": [2, -2]}
							}
						},
						{
							"origin": [-0.66203, -3.19252, -0.38364],
							"size": [0.40405, 0.31057, 0.31058],
							"pivot": [0, -3.16603, 0.16074],
							"rotation": [-45, 0, 0],
							"uv": {
								"north": {"uv": [35, 70], "uv_size": [2, 1]},
								"east": {"uv": [82, 84], "uv_size": [1, 1]},
								"south": {"uv": [41, 72], "uv_size": [2, 1]},
								"west": {"uv": [84, 84], "uv_size": [1, 1]},
								"up": {"uv": [6, 75], "uv_size": [2, 1]},
								"down": {"uv": [82, 83], "uv_size": [2, -1]}
							}
						},
						{
							"origin": [-0.66203, -4.11252, -0.38364],
							"size": [0.40405, 0.31057, 0.31058],
							"pivot": [0, -4.08603, 0.16074],
							"rotation": [-45, 0, 0],
							"uv": {
								"north": {"uv": [5, 83], "uv_size": [2, 1]},
								"east": {"uv": [0, 85], "uv_size": [1, 1]},
								"south": {"uv": [8, 83], "uv_size": [2, 1]},
								"west": {"uv": [2, 85], "uv_size": [1, 1]},
								"up": {"uv": [16, 83], "uv_size": [2, 1]},
								"down": {"uv": [41, 84], "uv_size": [2, -1]}
							}
						},
						{
							"origin": [-0.54703, -4.17002, -0.44114],
							"size": [0.40405, 0.42557, 0.42558],
							"pivot": [0.115, -4.08603, 0.16074],
							"rotation": [-45, 0, 0],
							"uv": {
								"north": {"uv": [81, 61], "uv_size": [2, 2]},
								"east": {"uv": [0, 82], "uv_size": [2, 2]},
								"south": {"uv": [82, 12], "uv_size": [2, 2]},
								"west": {"uv": [82, 15], "uv_size": [2, 2]},
								"up": {"uv": [27, 82], "uv_size": [2, 2]},
								"down": {"uv": [30, 84], "uv_size": [2, -2]}
							}
						},
						{
							"origin": [-0.55853, -1.35252, -0.38364],
							"size": [1.34705, 0.19557, 0.19558],
							"pivot": [0.115, -1.49853, 0.16074],
							"rotation": [-45, 0, 0],
							"uv": {
								"north": {"uv": [80, 10], "uv_size": [6, 1]},
								"east": {"uv": [4, 85], "uv_size": [1, 1]},
								"south": {"uv": [52, 80], "uv_size": [6, 1]},
								"west": {"uv": [6, 85], "uv_size": [1, 1]},
								"up": {"uv": [59, 80], "uv_size": [6, 1]},
								"down": {"uv": [80, 65], "uv_size": [6, -1]}
							}
						},
						{
							"origin": [0.60297, -0.21195, -0.19544],
							"size": [0.40405, 0.42557, 0.42558],
							"pivot": [0.805, 0.00083, 0.01735],
							"rotation": [-45, 0, 0],
							"uv": {
								"north": {"uv": [82, 30], "uv_size": [2, 2]},
								"east": {"uv": [82, 38], "uv_size": [2, 2]},
								"south": {"uv": [82, 41], "uv_size": [2, 2]},
								"west": {"uv": [52, 82], "uv_size": [2, 2]},
								"up": {"uv": [82, 54], "uv_size": [2, 2]},
								"down": {"uv": [55, 84], "uv_size": [2, -2]}
							}
						},
						{
							"origin": [-0.25953, -1.95075, -0.69113],
							"size": [0.74905, 1.62617, 1.43376],
							"uv": {
								"north": {"uv": [9, 63], "uv_size": [3, 7]},
								"east": {"uv": [38, 36], "uv_size": [6, 7]},
								"south": {"uv": [13, 63], "uv_size": [3, 7]},
								"west": {"uv": [18, 40], "uv_size": [6, 7]},
								"up": {"uv": [63, 59], "uv_size": [3, 6]},
								"down": {"uv": [17, 70], "uv_size": [3, -6]}
							}
						}
					]
				},
				{
					"name": "bone54",
					"parent": "bone53",
					"pivot": [0.115, -1.07188, -3.38857],
					"cubes": [
						{
							"origin": [-0.42098, -1.28742, -3.27863],
							"size": [1.09405, 0.45317, 5.34376],
							"pivot": [0.08833, -1.06083, -3.38857],
							"rotation": [0, 0, -45],
							"uv": {
								"north": {"uv": [9, 71], "uv_size": [5, 2]},
								"east": {"uv": [36, 12], "uv_size": [23, 2]},
								"south": {"uv": [15, 71], "uv_size": [5, 2]},
								"west": {"uv": [36, 15], "uv_size": [23, 2]},
								"up": {"uv": [0, 0], "uv_size": [5, 23]},
								"down": {"uv": [6, 23], "uv_size": [5, -23]}
							}
						},
						{
							"origin": [-0.43203, -1.26075, -3.27863],
							"size": [1.09405, 0.45317, 5.34376],
							"uv": {
								"north": {"uv": [46, 71], "uv_size": [5, 2]},
								"east": {"uv": [38, 18], "uv_size": [23, 2]},
								"south": {"uv": [52, 71], "uv_size": [5, 2]},
								"west": {"uv": [38, 21], "uv_size": [23, 2]},
								"up": {"uv": [12, 0], "uv_size": [5, 23]},
								"down": {"uv": [18, 23], "uv_size": [5, -23]}
							}
						},
						{
							"origin": [-0.44307, -1.28742, -3.27863],
							"size": [1.09405, 0.45317, 5.34376],
							"pivot": [0.14167, -1.06083, -3.38857],
							"rotation": [0, 0, 45],
							"uv": {
								"north": {"uv": [71, 65], "uv_size": [5, 2]},
								"east": {"uv": [38, 24], "uv_size": [23, 2]},
								"south": {"uv": [0, 72], "uv_size": [5, 2]},
								"west": {"uv": [38, 27], "uv_size": [23, 2]},
								"up": {"uv": [0, 24], "uv_size": [5, 23]},
								"down": {"uv": [24, 23], "uv_size": [5, -23]}
							}
						},
						{
							"origin": [-0.46974, -1.29846, -3.27863],
							"size": [1.09405, 0.45317, 5.34376],
							"pivot": [0.115, -1.07188, -3.38857],
							"rotation": [0, 0, 90],
							"uv": {
								"north": {"uv": [72, 6], "uv_size": [5, 2]},
								"east": {"uv": [38, 30], "uv_size": [23, 2]},
								"south": {"uv": [21, 72], "uv_size": [5, 2]},
								"west": {"uv": [38, 33], "uv_size": [23, 2]},
								"up": {"uv": [6, 24], "uv_size": [5, 23]},
								"down": {"uv": [12, 47], "uv_size": [5, -23]}
							}
						},
						{
							"origin": [-0.12572, -1.24536, 2.06513],
							"size": [0.48144, 0.48144, 0.34126],
							"pivot": [0.115, -1.00464, 2.32201],
							"rotation": [0, 0, 45],
							"uv": {
								"north": {"uv": [58, 82], "uv_size": [2, 2]},
								"east": {"uv": [19, 83], "uv_size": [1, 2]},
								"south": {"uv": [61, 82], "uv_size": [2, 2]},
								"west": {"uv": [44, 83], "uv_size": [1, 2]},
								"up": {"uv": [66, 83], "uv_size": [2, 1]},
								"down": {"uv": [69, 84], "uv_size": [2, -1]}
							}
						},
						{
							"origin": [0.01228, -1.10736, 2.4064],
							"size": [0.20544, 0.20544, 0.34126],
							"pivot": [0.115, -1.00464, 2.57703],
							"rotation": [0, 0, 45],
							"uv": {
								"north": {"uv": [85, 6], "uv_size": [1, 1]},
								"east": {"uv": [8, 85], "uv_size": [1, 1]},
								"south": {"uv": [85, 12], "uv_size": [1, 1]},
								"west": {"uv": [85, 14], "uv_size": [1, 1]},
								"up": {"uv": [16, 85], "uv_size": [1, 1]},
								"down": {"uv": [85, 17], "uv_size": [1, -1]}
							}
						},
						{
							"origin": [0.04678, -1.09586, 2.6594],
							"size": [0.13644, 0.13644, 0.41026],
							"pivot": [0.115, -1.02764, 2.80703],
							"rotation": [-12.5, 0, 0],
							"uv": {
								"north": {"uv": [21, 85], "uv_size": [1, 1]},
								"east": {"uv": [72, 83], "uv_size": [2, 1]},
								"south": {"uv": [23, 85], "uv_size": [1, 1]},
								"west": {"uv": [75, 83], "uv_size": [2, 1]},
								"up": {"uv": [11, 84], "uv_size": [1, 2]},
								"down": {"uv": [84, 20], "uv_size": [1, -2]}
							}
						},
						{
							"origin": [0.04448, -1.29786, 2.91656],
							"size": [0.14104, 0.13644, 0.41026],
							"pivot": [0.115, -1.22964, 3.12169],
							"rotation": [-60, 0, 0],
							"uv": {
								"north": {"uv": [25, 85], "uv_size": [1, 1]},
								"east": {"uv": [84, 21], "uv_size": [2, 1]},
								"south": {"uv": [27, 85], "uv_size": [1, 1]},
								"west": {"uv": [84, 23], "uv_size": [2, 1]},
								"up": {"uv": [84, 25], "uv_size": [1, 2]},
								"down": {"uv": [37, 86], "uv_size": [1, -2]}
							}
						},
						{
							"origin": [0.04678, -1.58253, 3.05488],
							"size": [0.13644, 0.13644, 0.41026],
							"pivot": [0.115, -1.51431, 3.20251],
							"rotation": [-95, 0, 0],
							"uv": {
								"north": {"uv": [29, 85], "uv_size": [1, 1]},
								"east": {"uv": [84, 28], "uv_size": [2, 1]},
								"south": {"uv": [85, 30], "uv_size": [1, 1]},
								"west": {"uv": [46, 84], "uv_size": [2, 1]},
								"up": {"uv": [49, 84], "uv_size": [1, 2]},
								"down": {"uv": [84, 59], "uv_size": [1, -2]}
							}
						},
						{
							"origin": [0.04678, -1.87189, 2.93878],
							"size": [0.13644, 0.13644, 0.41026],
							"pivot": [0.115, -1.80368, 3.08641],
							"rotation": [-147.5, 0, 0],
							"uv": {
								"north": {"uv": [31, 85], "uv_size": [1, 1]},
								"east": {"uv": [84, 60], "uv_size": [2, 1]},
								"south": {"uv": [85, 32], "uv_size": [1, 1]},
								"west": {"uv": [84, 62], "uv_size": [2, 1]},
								"up": {"uv": [84, 70], "uv_size": [1, 2]},
								"down": {"uv": [84, 75], "uv_size": [1, -2]}
							}
						},
						{
							"origin": [0.04678, -1.98364, 2.61647],
							"size": [0.13644, 0.13644, 1.96276],
							"pivot": [0.115, -1.91542, 2.7641],
							"rotation": [172.5, 0, 0],
							"uv": {
								"north": {"uv": [33, 85], "uv_size": [1, 1]},
								"east": {"uv": [77, 34], "uv_size": [9, 1]},
								"south": {"uv": [35, 85], "uv_size": [1, 1]},
								"west": {"uv": [77, 36], "uv_size": [9, 1]},
								"up": {"uv": [39, 75], "uv_size": [1, 9]},
								"down": {"uv": [14, 86], "uv_size": [1, -9]}
							}
						},
						{
							"origin": [0.04678, -1.77763, 0.6964],
							"size": [0.13644, 0.13644, 0.29526],
							"pivot": [0.115, -1.70941, 0.84403],
							"rotation": [-167.5, 0, 0],
							"uv": {
								"north": {"uv": [85, 38], "uv_size": [1, 1]},
								"east": {"uv": [39, 85], "uv_size": [1, 1]},
								"south": {"uv": [85, 40], "uv_size": [1, 1]},
								"west": {"uv": [41, 85], "uv_size": [1, 1]},
								"up": {"uv": [85, 42], "uv_size": [1, 1]},
								"down": {"uv": [85, 45], "uv_size": [1, -1]}
							}
						}
					]
				},
				{
					"name": "bone56",
					"parent": "bone53",
					"pivot": [0.115, -1.03417, 1.57825],
					"cubes": [
						{
							"origin": [-0.44242, -1.29755, 1.13859],
							"size": [1.13781, 0.4713, 0.70681],
							"pivot": [0.08727, -1.0619, -3.58724],
							"rotation": [0, 0, -45],
							"uv": {
								"north": {"uv": [35, 72], "uv_size": [5, 2]},
								"east": {"uv": [27, 79], "uv_size": [3, 2]},
								"south": {"uv": [58, 72], "uv_size": [5, 2]},
								"west": {"uv": [16, 80], "uv_size": [3, 2]},
								"up": {"uv": [64, 47], "uv_size": [5, 3]},
								"down": {"uv": [51, 67], "uv_size": [5, -3]}
							}
						},
						{
							"origin": [-0.4539, -1.26982, 1.13859],
							"size": [1.13781, 0.4713, 0.70681],
							"uv": {
								"north": {"uv": [64, 72], "uv_size": [5, 2]},
								"east": {"uv": [41, 80], "uv_size": [3, 2]},
								"south": {"uv": [72, 68], "uv_size": [5, 2]},
								"west": {"uv": [66, 80], "uv_size": [3, 2]},
								"up": {"uv": [64, 51], "uv_size": [5, 3]},
								"down": {"uv": [57, 67], "uv_size": [5, -3]}
							}
						},
						{
							"origin": [-0.46539, -1.29755, 1.13859],
							"size": [1.13781, 0.4713, 0.70681],
							"pivot": [0.14273, -1.0619, -3.58724],
							"rotation": [0, 0, 45],
							"uv": {
								"north": {"uv": [70, 72], "uv_size": [5, 2]},
								"east": {"uv": [70, 80], "uv_size": [3, 2]},
								"south": {"uv": [27, 73], "uv_size": [5, 2]},
								"west": {"uv": [74, 80], "uv_size": [3, 2]},
								"up": {"uv": [21, 65], "uv_size": [5, 3]},
								"down": {"uv": [39, 68], "uv_size": [5, -3]}
							}
						},
						{
							"origin": [-0.49313, -1.30904, 1.13859],
							"size": [1.13781, 0.4713, 0.70681],
							"pivot": [0.115, -1.07339, -3.58724],
							"rotation": [0, 0, 90],
							"uv": {
								"north": {"uv": [9, 74], "uv_size": [5, 2]},
								"east": {"uv": [80, 74], "uv_size": [3, 2]},
								"south": {"uv": [74, 9], "uv_size": [5, 2]},
								"west": {"uv": [80, 77], "uv_size": [3, 2]},
								"up": {"uv": [45, 65], "uv_size": [5, 3]},
								"down": {"uv": [66, 9], "uv_size": [5, -3]}
							}
						}
					]
				},
				{
					"name": "bone57",
					"parent": "bone53",
					"pivot": [0.115, -1.03417, -0.95175],
					"cubes": [
						{
							"origin": [-0.44242, -1.29755, -1.85141],
							"size": [1.13781, 0.4713, 1.16681],
							"pivot": [0.08727, -1.0619, -6.11724],
							"rotation": [0, 0, -45],
							"uv": {
								"north": {"uv": [15, 74], "uv_size": [5, 2]},
								"east": {"uv": [41, 74], "uv_size": [5, 2]},
								"south": {"uv": [47, 74], "uv_size": [5, 2]},
								"west": {"uv": [0, 75], "uv_size": [5, 2]},
								"up": {"uv": [39, 59], "uv_size": [5, 5]},
								"down": {"uv": [45, 64], "uv_size": [5, -5]}
							}
						},
						{
							"origin": [-0.4539, -1.26982, -1.85141],
							"size": [1.13781, 0.4713, 1.16681],
							"uv": {
								"north": {"uv": [75, 0], "uv_size": [5, 2]},
								"east": {"uv": [75, 3], "uv_size": [5, 2]},
								"south": {"uv": [75, 19], "uv_size": [5, 2]},
								"west": {"uv": [21, 75], "uv_size": [5, 2]},
								"up": {"uv": [60, 7], "uv_size": [5, 5]},
								"down": {"uv": [61, 5], "uv_size": [5, -5]}
							}
						},
						{
							"origin": [-0.46539, -1.29755, -1.85141],
							"size": [1.13781, 0.4713, 1.16681],
							"pivot": [0.14273, -1.0619, -6.11724],
							"rotation": [0, 0, 45],
							"uv": {
								"north": {"uv": [75, 22], "uv_size": [5, 2]},
								"east": {"uv": [75, 25], "uv_size": [5, 2]},
								"south": {"uv": [75, 28], "uv_size": [5, 2]},
								"west": {"uv": [33, 75], "uv_size": [5, 2]},
								"up": {"uv": [62, 13], "uv_size": [5, 5]},
								"down": {"uv": [62, 24], "uv_size": [5, -5]}
							}
						},
						{
							"origin": [-0.49313, -1.30904, -1.85141],
							"size": [1.13781, 0.4713, 1.16681],
							"pivot": [0.115, -1.07339, -6.11724],
							"rotation": [0, 0, 90],
							"uv": {
								"north": {"uv": [53, 75], "uv_size": [5, 2]},
								"east": {"uv": [75, 58], "uv_size": [5, 2]},
								"south": {"uv": [59, 75], "uv_size": [5, 2]},
								"west": {"uv": [75, 61], "uv_size": [5, 2]},
								"up": {"uv": [62, 25], "uv_size": [5, 5]},
								"down": {"uv": [0, 68], "uv_size": [5, -5]}
							}
						}
					]
				},
				{
					"name": "bone58",
					"parent": "bone53",
					"pivot": [0.115, -1.03417, -2.878],
					"cubes": [
						{
							"origin": [-0.53718, -1.34232, -3.84808],
							"size": [1.33124, 0.55142, 1.71017],
							"pivot": [0.08255, -1.06661, -8.55161],
							"rotation": [0, 0, -45],
							"uv": {
								"north": {"uv": [68, 25], "uv_size": [6, 2]},
								"east": {"uv": [66, 10], "uv_size": [7, 2]},
								"south": {"uv": [68, 28], "uv_size": [6, 2]},
								"west": {"uv": [63, 66], "uv_size": [7, 2]},
								"up": {"uv": [25, 40], "uv_size": [6, 7]},
								"down": {"uv": [42, 7], "uv_size": [6, -7]}
							}
						},
						{
							"origin": [-0.55062, -1.30988, -3.85269],
							"size": [1.33124, 0.55142, 1.71017],
							"uv": {
								"north": {"uv": [51, 68], "uv_size": [6, 2]},
								"east": {"uv": [67, 0], "uv_size": [7, 2]},
								"south": {"uv": [21, 69], "uv_size": [6, 2]},
								"west": {"uv": [67, 3], "uv_size": [7, 2]},
								"up": {"uv": [38, 44], "uv_size": [6, 7]},
								"down": {"uv": [45, 43], "uv_size": [6, -7]}
							}
						},
						{
							"origin": [-0.56406, -1.34232, -3.84808],
							"size": [1.33124, 0.55142, 1.71017],
							"pivot": [0.14745, -1.06661, -8.55161],
							"rotation": [0, 0, 45],
							"uv": {
								"north": {"uv": [69, 31], "uv_size": [6, 2]},
								"east": {"uv": [67, 59], "uv_size": [7, 2]},
								"south": {"uv": [39, 69], "uv_size": [6, 2]},
								"west": {"uv": [67, 62], "uv_size": [7, 2]},
								"up": {"uv": [45, 44], "uv_size": [6, 7]},
								"down": {"uv": [0, 55], "uv_size": [6, -7]}
							}
						},
						{
							"origin": [-0.55062, -1.30988, -3.85039],
							"size": [1.33124, 0.55142, 1.71017],
							"pivot": [0.115, -1.03417, -2.993],
							"rotation": [0, 0, 90],
							"uv": {
								"north": {"uv": [58, 69], "uv_size": [6, 2]},
								"east": {"uv": [68, 13], "uv_size": [7, 2]},
								"south": {"uv": [65, 69], "uv_size": [6, 2]},
								"west": {"uv": [68, 16], "uv_size": [7, 2]},
								"up": {"uv": [7, 48], "uv_size": [6, 7]},
								"down": {"uv": [14, 55], "uv_size": [6, -7]}
							}
						}
					]
				},
				{
					"name": "bone55",
					"parent": "bone53",
					"pivot": [0.115, -1.03417, 0.02575],
					"cubes": [
						{
							"origin": [-0.4928, -1.32135, -0.69899],
							"size": [1.24065, 0.5139, 1.44948],
							"pivot": [0.08476, -1.06441, -3.84609],
							"rotation": [0, 0, -45],
							"uv": {
								"north": {"uv": [65, 75], "uv_size": [5, 2]},
								"east": {"uv": [28, 70], "uv_size": [6, 2]},
								"south": {"uv": [71, 75], "uv_size": [5, 2]},
								"west": {"uv": [70, 34], "uv_size": [6, 2]},
								"up": {"uv": [0, 56], "uv_size": [5, 6]},
								"down": {"uv": [6, 62], "uv_size": [5, -6]}
							}
						},
						{
							"origin": [-0.50533, -1.29112, -0.69899],
							"size": [1.24065, 0.5139, 1.44948],
							"uv": {
								"north": {"uv": [76, 12], "uv_size": [5, 2]},
								"east": {"uv": [70, 37], "uv_size": [6, 2]},
								"south": {"uv": [76, 15], "uv_size": [5, 2]},
								"west": {"uv": [70, 40], "uv_size": [6, 2]},
								"up": {"uv": [12, 56], "uv_size": [5, 6]},
								"down": {"uv": [18, 63], "uv_size": [5, -6]}
							}
						},
						{
							"origin": [-0.51785, -1.32135, -0.69899],
							"size": [1.24065, 0.5139, 1.44948],
							"pivot": [0.14524, -1.06441, -3.84609],
							"rotation": [0, 0, 45],
							"uv": {
								"north": {"uv": [27, 76], "uv_size": [5, 2]},
								"east": {"uv": [70, 43], "uv_size": [6, 2]},
								"south": {"uv": [76, 31], "uv_size": [5, 2]},
								"west": {"uv": [70, 46], "uv_size": [6, 2]},
								"up": {"uv": [51, 57], "uv_size": [5, 6]},
								"down": {"uv": [57, 63], "uv_size": [5, -6]}
							}
						},
						{
							"origin": [-0.54809, -1.33388, -0.69899],
							"size": [1.24065, 0.51389, 1.44948],
							"pivot": [0.115, -1.07693, -3.84609],
							"rotation": [0, 0, 90],
							"uv": {
								"north": {"uv": [76, 55], "uv_size": [5, 2]},
								"east": {"uv": [70, 49], "uv_size": [6, 2]},
								"south": {"uv": [76, 71], "uv_size": [5, 2]},
								"west": {"uv": [70, 52], "uv_size": [6, 2]},
								"up": {"uv": [24, 58], "uv_size": [5, 6]},
								"down": {"uv": [58, 42], "uv_size": [5, -6]}
							}
						}
					]
				}
			]
		}
	]
}