{
	"format_version": "1.12.0",
	"minecraft:geometry": [
		{
			"description": {
				"identifier": "geometry.TD-grip",
				"texture_width": 128,
				"texture_height": 128,
				"visible_bounds_width": 2,
				"visible_bounds_height": 1.5,
				"visible_bounds_offset": [0, 0.25, 0]
			},
			"bones": [
				{
					"name": "grip",
					"pivot": [-0.04194, 0.28698, -0.07502],
					"cubes": [
						{
							"origin": [-0.88434, -0.25734, -1.56542],
							"size": [1.6848, 0.68688, 2.0088],
							"uv": {
								"north": {"uv": [32, 20], "uv_size": [7, 3]},
								"east": {"uv": [12, 32], "uv_size": [8, 3]},
								"south": {"uv": [32, 24], "uv_size": [7, 3]},
								"west": {"uv": [32, 16], "uv_size": [8, 3]},
								"up": {"uv": [24, 0], "uv_size": [7, 8]},
								"down": {"uv": [24, 17], "uv_size": [7, -8]}
							}
						},
						{
							"origin": [-1.01394, -0.19254, -0.78782],
							"size": [0.9072, 0.44064, 0.44064],
							"pivot": [-0.17154, 0.02778, -0.56102],
							"rotation": [-45, 0, 0],
							"uv": {
								"north": {"uv": [41, 17], "uv_size": [4, 2]},
								"east": {"uv": [7, 61], "uv_size": [2, 2]},
								"south": {"uv": [53, 43], "uv_size": [4, 2]},
								"west": {"uv": [21, 65], "uv_size": [2, 2]},
								"up": {"uv": [56, 28], "uv_size": [4, 2]},
								"down": {"uv": [31, 58], "uv_size": [4, -2]}
							}
						},
						{
							"origin": [0.80046, -0.19254, -1.30622],
							"size": [0.1944, 0.62208, 1.7496],
							"uv": {
								"north": {"uv": [46, 17], "uv_size": [1, 2]},
								"east": {"uv": [33, 36], "uv_size": [7, 2]},
								"south": {"uv": [52, 4], "uv_size": [1, 2]},
								"west": {"uv": [33, 39], "uv_size": [7, 2]},
								"up": {"uv": [36, 56], "uv_size": [1, 7]},
								"down": {"uv": [56, 63], "uv_size": [1, -7]}
							}
						},
						{
							"origin": [1.05966, -0.19254, -0.52862],
							"size": [0.1944, 0.62208, 1.5552],
							"uv": {
								"north": {"uv": [10, 61], "uv_size": [1, 2]},
								"east": {"uv": [41, 11], "uv_size": [6, 2]},
								"south": {"uv": [18, 66], "uv_size": [1, 2]},
								"west": {"uv": [41, 14], "uv_size": [6, 2]},
								"up": {"uv": [57, 6], "uv_size": [1, 6]},
								"down": {"uv": [12, 63], "uv_size": [1, -6]}
							}
						},
						{
							"origin": [1.25406, -0.19254, 0.87106],
							"size": [0.0648, 0.62208, 0.15552],
							"uv": {
								"north": {"uv": [66, 30], "uv_size": [1, 2]},
								"east": {"uv": [66, 33], "uv_size": [1, 2]},
								"south": {"uv": [66, 36], "uv_size": [1, 2]},
								"west": {"uv": [66, 45], "uv_size": [1, 2]},
								"up": {"uv": [21, 63], "uv_size": [1, 1]},
								"down": {"uv": [0, 71], "uv_size": [1, -1]}
							}
						},
						{
							"origin": [1.25406, -0.19254, 0.54706],
							"size": [0.0648, 0.62208, 0.22032],
							"uv": {
								"north": {"uv": [47, 66], "uv_size": [1, 2]},
								"east": {"uv": [66, 48], "uv_size": [1, 2]},
								"south": {"uv": [49, 66], "uv_size": [1, 2]},
								"west": {"uv": [51, 66], "uv_size": [1, 2]},
								"up": {"uv": [70, 18], "uv_size": [1, 1]},
								"down": {"uv": [20, 71], "uv_size": [1, -1]}
							}
						},
						{
							"origin": [1.25406, -0.19254, 0.22306],
							"size": [0.0648, 0.62208, 0.22032],
							"uv": {
								"north": {"uv": [66, 51], "uv_size": [1, 2]},
								"east": {"uv": [53, 66], "uv_size": [1, 2]},
								"south": {"uv": [55, 66], "uv_size": [1, 2]},
								"west": {"uv": [57, 66], "uv_size": [1, 2]},
								"up": {"uv": [70, 20], "uv_size": [1, 1]},
								"down": {"uv": [22, 71], "uv_size": [1, -1]}
							}
						},
						{
							"origin": [1.00782, -0.19254, -0.59342],
							"size": [0.24624, 0.62208, 0.75168],
							"pivot": [1.15686, 0.1185, 0.18418],
							"rotation": [0, -20, 0],
							"uv": {
								"north": {"uv": [59, 66], "uv_size": [1, 2]},
								"east": {"uv": [57, 13], "uv_size": [3, 2]},
								"south": {"uv": [61, 66], "uv_size": [1, 2]},
								"west": {"uv": [14, 57], "uv_size": [3, 2]},
								"up": {"uv": [39, 42], "uv_size": [1, 3]},
								"down": {"uv": [18, 46], "uv_size": [1, -3]}
							}
						},
						{
							"origin": [1.30231, -0.03702, -0.57806],
							"size": [0.24624, 0.31104, 0.49248],
							"pivot": [1.42543, 0.1185, -0.20222],
							"rotation": [0, 5, 0],
							"uv": {
								"north": {"uv": [70, 22], "uv_size": [1, 1]},
								"east": {"uv": [66, 26], "uv_size": [2, 1]},
								"south": {"uv": [24, 70], "uv_size": [1, 1]},
								"west": {"uv": [66, 39], "uv_size": [2, 1]},
								"up": {"uv": [63, 66], "uv_size": [1, 2]},
								"down": {"uv": [0, 69], "uv_size": [1, -2]}
							}
						},
						{
							"origin": [0.99575, 0.26106, -0.77248],
							"size": [0.5184, 0.16848, 0.2592],
							"uv": {
								"north": {"uv": [2, 67], "uv_size": [2, 1]},
								"east": {"uv": [70, 24], "uv_size": [1, 1]},
								"south": {"uv": [32, 67], "uv_size": [2, 1]},
								"west": {"uv": [26, 70], "uv_size": [1, 1]},
								"up": {"uv": [65, 67], "uv_size": [2, 1]},
								"down": {"uv": [5, 69], "uv_size": [2, -1]}
							}
						},
						{
							"origin": [0.99575, 0.26106, -0.95576],
							"size": [0.33512, 0.16848, 0.18328],
							"uv": {
								"north": {"uv": [35, 70], "uv_size": [1, 1]},
								"east": {"uv": [37, 70], "uv_size": [1, 1]},
								"south": {"uv": [39, 70], "uv_size": [1, 1]},
								"west": {"uv": [70, 40], "uv_size": [1, 1]},
								"up": {"uv": [41, 70], "uv_size": [1, 1]},
								"down": {"uv": [43, 71], "uv_size": [1, -1]}
							}
						},
						{
							"origin": [1.23923, 0.26106, -0.99372],
							"size": [0.2592, 0.16848, 0.09072],
							"pivot": [1.23923, 0.1185, -0.86412],
							"rotation": [0, -45, 0],
							"uv": {
								"north": {"uv": [45, 70], "uv_size": [1, 1]},
								"east": {"uv": [71, 0], "uv_size": [1, 1]},
								"south": {"uv": [2, 71], "uv_size": [1, 1]},
								"west": {"uv": [71, 2], "uv_size": [1, 1]},
								"up": {"uv": [71, 4], "uv_size": [1, 1]},
								"down": {"uv": [71, 13], "uv_size": [1, -1]}
							}
						},
						{
							"origin": [1.14943, -0.23142, -0.82432],
							"size": [0.2592, 0.69984, 0.2592],
							"pivot": [1.27903, 0.3453, -0.69472],
							"rotation": [0, -45, 0],
							"uv": {
								"north": {"uv": [49, 7], "uv_size": [1, 3]},
								"east": {"uv": [54, 16], "uv_size": [1, 3]},
								"south": {"uv": [21, 59], "uv_size": [1, 3]},
								"west": {"uv": [30, 65], "uv_size": [1, 3]},
								"up": {"uv": [71, 14], "uv_size": [1, 1]},
								"down": {"uv": [17, 72], "uv_size": [1, -1]}
							}
						},
						{
							"origin": [0.99575, -0.19254, -0.77248],
							"size": [0.5184, 0.16848, 0.2592],
							"uv": {
								"north": {"uv": [8, 68], "uv_size": [2, 1]},
								"east": {"uv": [28, 71], "uv_size": [1, 1]},
								"south": {"uv": [11, 68], "uv_size": [2, 1]},
								"west": {"uv": [71, 28], "uv_size": [1, 1]},
								"up": {"uv": [68, 12], "uv_size": [2, 1]},
								"down": {"uv": [14, 69], "uv_size": [2, -1]}
							}
						},
						{
							"origin": [1.23923, -0.19254, -0.99372],
							"size": [0.2592, 0.16848, 0.09072],
							"pivot": [1.23923, 0.1185, -0.86412],
							"rotation": [0, -45, 0],
							"uv": {
								"north": {"uv": [30, 71], "uv_size": [1, 1]},
								"east": {"uv": [71, 30], "uv_size": [1, 1]},
								"south": {"uv": [32, 71], "uv_size": [1, 1]},
								"west": {"uv": [71, 32], "uv_size": [1, 1]},
								"up": {"uv": [71, 34], "uv_size": [1, 1]},
								"down": {"uv": [71, 37], "uv_size": [1, -1]}
							}
						},
						{
							"origin": [0.99575, -0.19254, -0.95576],
							"size": [0.33512, 0.16848, 0.18328],
							"uv": {
								"north": {"uv": [71, 45], "uv_size": [1, 1]},
								"east": {"uv": [47, 71], "uv_size": [1, 1]},
								"south": {"uv": [71, 47], "uv_size": [1, 1]},
								"west": {"uv": [49, 71], "uv_size": [1, 1]},
								"up": {"uv": [71, 49], "uv_size": [1, 1]},
								"down": {"uv": [51, 72], "uv_size": [1, -1]}
							}
						},
						{
							"origin": [-0.37846, -4.02514, -1.25559],
							"size": [0.58968, 3.81607, 1.42361],
							"pivot": [-0.08362, -0.6915, -0.60273],
							"rotation": [0, 45, 0],
							"uv": {
								"north": {"uv": [6, 32], "uv_size": [2, 15]},
								"east": {"uv": [18, 0], "uv_size": [5, 15]},
								"south": {"uv": [9, 32], "uv_size": [2, 15]},
								"west": {"uv": [18, 16], "uv_size": [5, 15]},
								"up": {"uv": [54, 10], "uv_size": [2, 5]},
								"down": {"uv": [18, 59], "uv_size": [2, -5]}
							}
						},
						{
							"origin": [-0.2951, -4.02514, -1.25559],
							"size": [0.58968, 3.81607, 1.42361],
							"pivot": [-0.00026, -0.6915, -0.60273],
							"rotation": [0, -45, 0],
							"uv": {
								"north": {"uv": [32, 0], "uv_size": [2, 15]},
								"east": {"uv": [6, 16], "uv_size": [5, 15]},
								"south": {"uv": [3, 32], "uv_size": [2, 15]},
								"west": {"uv": [12, 16], "uv_size": [5, 15]},
								"up": {"uv": [53, 37], "uv_size": [2, 5]},
								"down": {"uv": [54, 9], "uv_size": [2, -5]}
							}
						},
						{
							"origin": [-1.19015, -3.35122, -0.72854],
							"size": [0.79704, 0.22615, 0.23129],
							"pivot": [-0.79163, -3.2511, -0.56105],
							"rotation": [0, -90, -45],
							"uv": {
								"north": {"uv": [10, 66], "uv_size": [3, 1]},
								"east": {"uv": [57, 71], "uv_size": [1, 1]},
								"south": {"uv": [66, 10], "uv_size": [3, 1]},
								"west": {"uv": [59, 71], "uv_size": [1, 1]},
								"up": {"uv": [14, 66], "uv_size": [3, 1]},
								"down": {"uv": [66, 17], "uv_size": [3, -1]}
							}
						},
						{
							"origin": [-1.19015, -2.5477, -0.72854],
							"size": [0.79704, 0.22615, 0.23129],
							"pivot": [-0.79163, -2.44758, -0.56105],
							"rotation": [0, -90, -45],
							"uv": {
								"north": {"uv": [65, 65], "uv_size": [3, 1]},
								"east": {"uv": [71, 53], "uv_size": [1, 1]},
								"south": {"uv": [6, 66], "uv_size": [3, 1]},
								"west": {"uv": [55, 71], "uv_size": [1, 1]},
								"up": {"uv": [66, 6], "uv_size": [3, 1]},
								"down": {"uv": [66, 9], "uv_size": [3, -1]}
							}
						},
						{
							"origin": [-1.19015, -1.79602, -0.72854],
							"size": [0.79704, 0.22615, 0.23129],
							"pivot": [-0.79163, -1.6959, -0.56105],
							"rotation": [0, -90, -45],
							"uv": {
								"north": {"uv": [65, 57], "uv_size": [3, 1]},
								"east": {"uv": [71, 51], "uv_size": [1, 1]},
								"south": {"uv": [65, 59], "uv_size": [3, 1]},
								"west": {"uv": [53, 71], "uv_size": [1, 1]},
								"up": {"uv": [65, 61], "uv_size": [3, 1]},
								"down": {"uv": [65, 64], "uv_size": [3, -1]}
							}
						},
						{
							"origin": [-0.45927, -4.02514, -0.17711],
							"size": [0.84888, 2.77927, 0.38681],
							"pivot": [-0.03483, -0.6915, -0.56105],
							"rotation": [0, -90, 0],
							"uv": {
								"north": {"uv": [24, 18], "uv_size": [3, 11]},
								"east": {"uv": [21, 47], "uv_size": [1, 11]},
								"south": {"uv": [28, 18], "uv_size": [3, 11]},
								"west": {"uv": [23, 53], "uv_size": [1, 11]},
								"up": {"uv": [65, 43], "uv_size": [3, 1]},
								"down": {"uv": [65, 56], "uv_size": [3, -1]}
							}
						},
						{
							"origin": [-0.27783, -4.02514, -1.21391],
							"size": [0.58968, 3.81607, 1.42361],
							"pivot": [0.01701, -0.6915, -0.56105],
							"rotation": [0, -90, 0],
							"uv": {
								"north": {"uv": [30, 30], "uv_size": [2, 15]},
								"east": {"uv": [12, 0], "uv_size": [5, 15]},
								"south": {"uv": [0, 32], "uv_size": [2, 15]},
								"west": {"uv": [0, 16], "uv_size": [5, 15]},
								"up": {"uv": [28, 53], "uv_size": [2, 5]},
								"down": {"uv": [53, 36], "uv_size": [2, -5]}
							}
						},
						{
							"origin": [-0.33678, -4.02514, -1.27286],
							"size": [0.58968, 3.81607, 1.42361],
							"uv": {
								"north": {"uv": [24, 30], "uv_size": [2, 15]},
								"east": {"uv": [0, 0], "uv_size": [5, 15]},
								"south": {"uv": [27, 30], "uv_size": [2, 15]},
								"west": {"uv": [6, 0], "uv_size": [5, 15]},
								"up": {"uv": [25, 53], "uv_size": [2, 5]},
								"down": {"uv": [53, 30], "uv_size": [2, -5]}
							}
						},
						{
							"origin": [-0.28967, -1.07069, -1.31557],
							"size": [0.62506, 0.31774, 1.50903],
							"pivot": [0.02286, -0.98958, -0.56105],
							"rotation": [0, 45, 0],
							"uv": {
								"north": {"uv": [68, 32], "uv_size": [2, 1]},
								"east": {"uv": [59, 16], "uv_size": [6, 1]},
								"south": {"uv": [68, 34], "uv_size": [2, 1]},
								"west": {"uv": [59, 18], "uv_size": [6, 1]},
								"up": {"uv": [43, 0], "uv_size": [2, 6]},
								"down": {"uv": [12, 49], "uv_size": [2, -6]}
							}
						},
						{
							"origin": [-0.28967, -1.07069, -1.31557],
							"size": [0.62506, 0.31774, 1.50903],
							"pivot": [0.02286, -0.98958, -0.56105],
							"rotation": [0, -45, 0],
							"uv": {
								"north": {"uv": [68, 28], "uv_size": [2, 1]},
								"east": {"uv": [59, 8], "uv_size": [6, 1]},
								"south": {"uv": [68, 30], "uv_size": [2, 1]},
								"west": {"uv": [59, 10], "uv_size": [6, 1]},
								"up": {"uv": [33, 42], "uv_size": [2, 6]},
								"down": {"uv": [36, 48], "uv_size": [2, -6]}
							}
						},
						{
							"origin": [-0.28967, -1.07069, -1.31557],
							"size": [0.62506, 0.31774, 1.50903],
							"pivot": [0.02286, -0.98958, -0.56105],
							"rotation": [0, -90, 0],
							"uv": {
								"north": {"uv": [23, 68], "uv_size": [2, 1]},
								"east": {"uv": [58, 58], "uv_size": [6, 1]},
								"south": {"uv": [26, 68], "uv_size": [2, 1]},
								"west": {"uv": [59, 6], "uv_size": [6, 1]},
								"up": {"uv": [41, 33], "uv_size": [2, 6]},
								"down": {"uv": [41, 46], "uv_size": [2, -6]}
							}
						},
						{
							"origin": [-0.28967, -1.07069, -1.31557],
							"size": [0.62506, 0.31774, 1.50903],
							"uv": {
								"north": {"uv": [68, 14], "uv_size": [2, 1]},
								"east": {"uv": [58, 43], "uv_size": [6, 1]},
								"south": {"uv": [20, 68], "uv_size": [2, 1]},
								"west": {"uv": [58, 56], "uv_size": [6, 1]},
								"up": {"uv": [20, 40], "uv_size": [2, 6]},
								"down": {"uv": [41, 32], "uv_size": [2, -6]}
							}
						},
						{
							"origin": [-0.28967, -1.84829, -1.31557],
							"size": [0.62506, 0.31774, 1.50903],
							"pivot": [0.02286, -1.76718, -0.56105],
							"rotation": [0, 45, 0],
							"uv": {
								"north": {"uv": [68, 47], "uv_size": [2, 1]},
								"east": {"uv": [59, 33], "uv_size": [6, 1]},
								"south": {"uv": [68, 49], "uv_size": [2, 1]},
								"west": {"uv": [59, 35], "uv_size": [6, 1]},
								"up": {"uv": [26, 46], "uv_size": [2, 6]},
								"down": {"uv": [29, 52], "uv_size": [2, -6]}
							}
						},
						{
							"origin": [-0.28967, -1.84829, -1.31557],
							"size": [0.62506, 0.31774, 1.50903],
							"pivot": [0.02286, -1.76718, -0.56105],
							"rotation": [0, -45, 0],
							"uv": {
								"north": {"uv": [44, 68], "uv_size": [2, 1]},
								"east": {"uv": [59, 26], "uv_size": [6, 1]},
								"south": {"uv": [68, 45], "uv_size": [2, 1]},
								"west": {"uv": [59, 31], "uv_size": [6, 1]},
								"up": {"uv": [46, 0], "uv_size": [2, 6]},
								"down": {"uv": [23, 52], "uv_size": [2, -6]}
							}
						},
						{
							"origin": [-0.28967, -1.84829, -1.31557],
							"size": [0.62506, 0.31774, 1.50903],
							"pivot": [0.02286, -1.76718, -0.56105],
							"rotation": [0, -90, 0],
							"uv": {
								"north": {"uv": [38, 68], "uv_size": [2, 1]},
								"east": {"uv": [59, 24], "uv_size": [6, 1]},
								"south": {"uv": [41, 68], "uv_size": [2, 1]},
								"west": {"uv": [25, 59], "uv_size": [6, 1]},
								"up": {"uv": [44, 33], "uv_size": [2, 6]},
								"down": {"uv": [44, 46], "uv_size": [2, -6]}
							}
						},
						{
							"origin": [-0.28967, -1.84829, -1.31557],
							"size": [0.62506, 0.31774, 1.50903],
							"uv": {
								"north": {"uv": [35, 68], "uv_size": [2, 1]},
								"east": {"uv": [59, 20], "uv_size": [6, 1]},
								"south": {"uv": [68, 36], "uv_size": [2, 1]},
								"west": {"uv": [59, 22], "uv_size": [6, 1]},
								"up": {"uv": [15, 43], "uv_size": [2, 6]},
								"down": {"uv": [44, 32], "uv_size": [2, -6]}
							}
						},
						{
							"origin": [-0.28967, -2.62589, -1.31557],
							"size": [0.62506, 0.31774, 1.50903],
							"pivot": [0.02286, -2.54478, -0.56105],
							"rotation": [0, 45, 0],
							"uv": {
								"north": {"uv": [29, 69], "uv_size": [2, 1]},
								"east": {"uv": [59, 53], "uv_size": [6, 1]},
								"south": {"uv": [32, 69], "uv_size": [2, 1]},
								"west": {"uv": [14, 60], "uv_size": [6, 1]},
								"up": {"uv": [45, 47], "uv_size": [2, 6]},
								"down": {"uv": [0, 54], "uv_size": [2, -6]}
							}
						},
						{
							"origin": [-0.28967, -2.62589, -1.31557],
							"size": [0.62506, 0.31774, 1.50903],
							"pivot": [0.02286, -2.54478, -0.56105],
							"rotation": [0, -45, 0],
							"uv": {
								"north": {"uv": [17, 69], "uv_size": [2, 1]},
								"east": {"uv": [59, 49], "uv_size": [6, 1]},
								"south": {"uv": [69, 26], "uv_size": [2, 1]},
								"west": {"uv": [59, 51], "uv_size": [6, 1]},
								"up": {"uv": [47, 40], "uv_size": [2, 6]},
								"down": {"uv": [42, 53], "uv_size": [2, -6]}
							}
						},
						{
							"origin": [-0.28967, -2.62589, -1.31557],
							"size": [0.62506, 0.31774, 1.50903],
							"pivot": [0.02286, -2.54478, -0.56105],
							"rotation": [0, -90, 0],
							"uv": {
								"north": {"uv": [68, 67], "uv_size": [2, 1]},
								"east": {"uv": [59, 45], "uv_size": [6, 1]},
								"south": {"uv": [2, 69], "uv_size": [2, 1]},
								"west": {"uv": [59, 47], "uv_size": [6, 1]},
								"up": {"uv": [47, 33], "uv_size": [2, 6]},
								"down": {"uv": [39, 53], "uv_size": [2, -6]}
							}
						},
						{
							"origin": [-0.28967, -2.62589, -1.31557],
							"size": [0.62506, 0.31774, 1.50903],
							"uv": {
								"north": {"uv": [68, 51], "uv_size": [2, 1]},
								"east": {"uv": [59, 37], "uv_size": [6, 1]},
								"south": {"uv": [68, 53], "uv_size": [2, 1]},
								"west": {"uv": [59, 39], "uv_size": [6, 1]},
								"up": {"uv": [18, 47], "uv_size": [2, 6]},
								"down": {"uv": [47, 32], "uv_size": [2, -6]}
							}
						},
						{
							"origin": [-0.28967, -3.40349, -1.31557],
							"size": [0.62506, 0.31774, 1.50903],
							"pivot": [0.02286, -3.32238, -0.56105],
							"rotation": [0, 45, 0],
							"uv": {
								"north": {"uv": [56, 69], "uv_size": [2, 1]},
								"east": {"uv": [25, 61], "uv_size": [6, 1]},
								"south": {"uv": [69, 57], "uv_size": [2, 1]},
								"west": {"uv": [61, 28], "uv_size": [6, 1]},
								"up": {"uv": [49, 0], "uv_size": [2, 6]},
								"down": {"uv": [32, 55], "uv_size": [2, -6]}
							}
						},
						{
							"origin": [-0.28967, -3.40349, -1.31557],
							"size": [0.62506, 0.31774, 1.50903],
							"pivot": [0.02286, -3.32238, -0.56105],
							"rotation": [0, -45, 0],
							"uv": {
								"north": {"uv": [53, 69], "uv_size": [2, 1]},
								"east": {"uv": [61, 12], "uv_size": [6, 1]},
								"south": {"uv": [69, 55], "uv_size": [2, 1]},
								"west": {"uv": [61, 14], "uv_size": [6, 1]},
								"up": {"uv": [48, 18], "uv_size": [2, 6]},
								"down": {"uv": [48, 53], "uv_size": [2, -6]}
							}
						},
						{
							"origin": [-0.28967, -3.40349, -1.31557],
							"size": [0.62506, 0.31774, 1.50903],
							"pivot": [0.02286, -3.32238, -0.56105],
							"rotation": [0, -90, 0],
							"uv": {
								"north": {"uv": [47, 69], "uv_size": [2, 1]},
								"east": {"uv": [58, 60], "uv_size": [6, 1]},
								"south": {"uv": [50, 69], "uv_size": [2, 1]},
								"west": {"uv": [0, 61], "uv_size": [6, 1]},
								"up": {"uv": [9, 48], "uv_size": [2, 6]},
								"down": {"uv": [48, 17], "uv_size": [2, -6]}
							}
						},
						{
							"origin": [-0.28967, -3.40349, -1.31557],
							"size": [0.62506, 0.31774, 1.50903],
							"uv": {
								"north": {"uv": [69, 38], "uv_size": [2, 1]},
								"east": {"uv": [38, 60], "uv_size": [6, 1]},
								"south": {"uv": [69, 43], "uv_size": [2, 1]},
								"west": {"uv": [45, 60], "uv_size": [6, 1]},
								"up": {"uv": [3, 48], "uv_size": [2, 6]},
								"down": {"uv": [6, 54], "uv_size": [2, -6]}
							}
						},
						{
							"origin": [-0.28967, -4.05149, -1.31557],
							"size": [0.62506, 0.31774, 1.50903],
							"pivot": [0.02286, -3.97038, -0.56105],
							"rotation": [0, 45, 0],
							"uv": {
								"north": {"uv": [69, 65], "uv_size": [2, 1]},
								"east": {"uv": [7, 64], "uv_size": [6, 1]},
								"south": {"uv": [68, 69], "uv_size": [2, 1]},
								"west": {"uv": [14, 64], "uv_size": [6, 1]},
								"up": {"uv": [51, 7], "uv_size": [2, 6]},
								"down": {"uv": [51, 20], "uv_size": [2, -6]}
							}
						},
						{
							"origin": [-0.28967, -4.05149, -1.31557],
							"size": [0.62506, 0.31774, 1.50903],
							"pivot": [0.02286, -3.97038, -0.56105],
							"rotation": [0, -45, 0],
							"uv": {
								"north": {"uv": [69, 63], "uv_size": [2, 1]},
								"east": {"uv": [0, 63], "uv_size": [6, 1]},
								"south": {"uv": [65, 69], "uv_size": [2, 1]},
								"west": {"uv": [25, 63], "uv_size": [6, 1]},
								"up": {"uv": [50, 32], "uv_size": [2, 6]},
								"down": {"uv": [50, 45], "uv_size": [2, -6]}
							}
						},
						{
							"origin": [-0.28967, -4.05149, -1.31557],
							"size": [0.62506, 0.31774, 1.50903],
							"pivot": [0.02286, -3.97038, -0.56105],
							"rotation": [0, -90, 0],
							"uv": {
								"north": {"uv": [69, 61], "uv_size": [2, 1]},
								"east": {"uv": [45, 62], "uv_size": [6, 1]},
								"south": {"uv": [62, 69], "uv_size": [2, 1]},
								"west": {"uv": [58, 62], "uv_size": [6, 1]},
								"up": {"uv": [15, 50], "uv_size": [2, 6]},
								"down": {"uv": [50, 31], "uv_size": [2, -6]}
							}
						},
						{
							"origin": [-0.28967, -4.05149, -1.31557],
							"size": [0.62506, 0.31774, 1.50903],
							"uv": {
								"north": {"uv": [59, 69], "uv_size": [2, 1]},
								"east": {"uv": [14, 62], "uv_size": [6, 1]},
								"south": {"uv": [69, 59], "uv_size": [2, 1]},
								"west": {"uv": [38, 62], "uv_size": [6, 1]},
								"up": {"uv": [35, 49], "uv_size": [2, 6]},
								"down": {"uv": [12, 56], "uv_size": [2, -6]}
							}
						},
						{
							"origin": [-0.29652, -4.68526, -1.02167],
							"size": [0.44609, 0.72993, 0.94736],
							"pivot": [-0.07347, -2.16337, -0.59258],
							"rotation": [0, 45, 0],
							"uv": {
								"north": {"uv": [41, 64], "uv_size": [2, 3]},
								"east": {"uv": [51, 50], "uv_size": [4, 3]},
								"south": {"uv": [44, 64], "uv_size": [2, 3]},
								"west": {"uv": [52, 0], "uv_size": [4, 3]},
								"up": {"uv": [56, 46], "uv_size": [2, 4]},
								"down": {"uv": [56, 55], "uv_size": [2, -4]}
							}
						},
						{
							"origin": [-0.23345, -4.68526, -1.02167],
							"size": [0.44609, 0.72993, 0.94736],
							"pivot": [-0.01041, -2.16337, -0.59258],
							"rotation": [0, -45, 0],
							"uv": {
								"north": {"uv": [35, 64], "uv_size": [2, 3]},
								"east": {"uv": [51, 21], "uv_size": [4, 3]},
								"south": {"uv": [38, 64], "uv_size": [2, 3]},
								"west": {"uv": [51, 46], "uv_size": [4, 3]},
								"up": {"uv": [56, 31], "uv_size": [2, 4]},
								"down": {"uv": [56, 40], "uv_size": [2, -4]}
							}
						},
						{
							"origin": [-0.22039, -4.68526, -1.11974],
							"size": [0.44609, 0.72993, 1.20656],
							"pivot": [0.00265, -2.16337, -0.56105],
							"rotation": [0, -90, 0],
							"uv": {
								"north": {"uv": [52, 60], "uv_size": [2, 3]},
								"east": {"uv": [12, 36], "uv_size": [5, 3]},
								"south": {"uv": [32, 63], "uv_size": [2, 3]},
								"west": {"uv": [18, 36], "uv_size": [5, 3]},
								"up": {"uv": [44, 54], "uv_size": [2, 5]},
								"down": {"uv": [47, 59], "uv_size": [2, -5]}
							}
						},
						{
							"origin": [-0.26498, -4.68526, -1.16433],
							"size": [0.44609, 0.72993, 1.20656],
							"uv": {
								"north": {"uv": [21, 32], "uv_size": [2, 3]},
								"east": {"uv": [35, 8], "uv_size": [5, 3]},
								"south": {"uv": [32, 59], "uv_size": [2, 3]},
								"west": {"uv": [35, 12], "uv_size": [5, 3]},
								"up": {"uv": [38, 54], "uv_size": [2, 5]},
								"down": {"uv": [41, 59], "uv_size": [2, -5]}
							}
						},
						{
							"origin": [-0.33725, -4.2123, -1.17054],
							"size": [0.51747, 0.31535, 1.24928],
							"pivot": [-0.07852, -1.81826, -0.59763],
							"rotation": [0, 45, 0],
							"uv": {
								"north": {"uv": [14, 70], "uv_size": [2, 1]},
								"east": {"uv": [65, 2], "uv_size": [5, 1]},
								"south": {"uv": [70, 16], "uv_size": [2, 1]},
								"west": {"uv": [65, 4], "uv_size": [5, 1]},
								"up": {"uv": [56, 16], "uv_size": [2, 5]},
								"down": {"uv": [56, 27], "uv_size": [2, -5]}
							}
						},
						{
							"origin": [-0.26409, -4.2123, -1.17054],
							"size": [0.51747, 0.31535, 1.24928],
							"pivot": [-0.00536, -1.81826, -0.59763],
							"rotation": [0, -45, 0],
							"uv": {
								"north": {"uv": [70, 10], "uv_size": [2, 1]},
								"east": {"uv": [0, 65], "uv_size": [5, 1]},
								"south": {"uv": [11, 70], "uv_size": [2, 1]},
								"west": {"uv": [65, 0], "uv_size": [5, 1]},
								"up": {"uv": [6, 55], "uv_size": [2, 5]},
								"down": {"uv": [9, 60], "uv_size": [2, -5]}
							}
						},
						{
							"origin": [-0.24894, -4.2123, -1.13396],
							"size": [0.51747, 0.31535, 1.24928],
							"pivot": [0.00979, -1.81826, -0.56105],
							"rotation": [0, -90, 0],
							"uv": {
								"north": {"uv": [8, 70], "uv_size": [2, 1]},
								"east": {"uv": [53, 64], "uv_size": [5, 1]},
								"south": {"uv": [70, 8], "uv_size": [2, 1]},
								"west": {"uv": [59, 64], "uv_size": [5, 1]},
								"up": {"uv": [0, 55], "uv_size": [2, 5]},
								"down": {"uv": [3, 60], "uv_size": [2, -5]}
							}
						},
						{
							"origin": [-0.30067, -4.2123, -1.18569],
							"size": [0.51747, 0.31535, 1.24928],
							"uv": {
								"north": {"uv": [5, 70], "uv_size": [2, 1]},
								"east": {"uv": [64, 41], "uv_size": [5, 1]},
								"south": {"uv": [70, 6], "uv_size": [2, 1]},
								"west": {"uv": [47, 64], "uv_size": [5, 1]},
								"up": {"uv": [50, 54], "uv_size": [2, 5]},
								"down": {"uv": [53, 59], "uv_size": [2, -5]}
							}
						},
						{
							"origin": [-0.88434, -0.71555, -0.84801],
							"size": [1.6848, 0.45821, 0.57399],
							"uv": {
								"north": {"uv": [12, 40], "uv_size": [7, 2]},
								"east": {"uv": [24, 65], "uv_size": [2, 2]},
								"south": {"uv": [40, 20], "uv_size": [7, 2]},
								"west": {"uv": [27, 65], "uv_size": [2, 2]},
								"up": {"uv": [40, 23], "uv_size": [7, 2]},
								"down": {"uv": [41, 10], "uv_size": [7, -2]}
							}
						},
						{
							"origin": [-0.88434, -1.04524, -1.34806],
							"size": [1.6848, 0.36288, 0.648],
							"pivot": [-0.04194, -0.7018, -0.37606],
							"rotation": [-45, 0, 0],
							"uv": {
								"north": {"uv": [56, 41], "uv_size": [7, 1]},
								"east": {"uv": [66, 18], "uv_size": [3, 1]},
								"south": {"uv": [57, 0], "uv_size": [7, 1]},
								"west": {"uv": [66, 20], "uv_size": [3, 1]},
								"up": {"uv": [33, 28], "uv_size": [7, 3]},
								"down": {"uv": [33, 35], "uv_size": [7, -3]}
							}
						},
						{
							"origin": [-0.88434, -0.67867, -0.57381],
							"size": [1.6848, 0.36288, 0.648],
							"pivot": [-0.04194, -0.33523, -0.37941],
							"rotation": [45, 0, 0],
							"uv": {
								"north": {"uv": [57, 2], "uv_size": [7, 1]},
								"east": {"uv": [66, 22], "uv_size": [3, 1]},
								"south": {"uv": [57, 4], "uv_size": [7, 1]},
								"west": {"uv": [66, 24], "uv_size": [3, 1]},
								"up": {"uv": [35, 0], "uv_size": [7, 3]},
								"down": {"uv": [35, 7], "uv_size": [7, -3]}
							}
						}
					]
				}
			]
		}
	]
}