{
	"format_version": "1.12.0",
	"minecraft:geometry": [
		{
			"description": {
				"identifier": "geometry.TD-grip",
				"texture_width": 128,
				"texture_height": 128,
				"visible_bounds_width": 2,
				"visible_bounds_height": 1.5,
				"visible_bounds_offset": [0, 0.25, 0]
			},
			"bones": [
				{
					"name": "grip2",
					"pivot": [0.88731, 0.02398, -0.37797],
					"cubes": [
						{
							"origin": [-0.88492, -0.2645, -1.58082],
							"size": [1.69, 0.689, 2.015],
							"uv": {
								"north": {"uv": [32, 20], "uv_size": [7, 3]},
								"east": {"uv": [12, 32], "uv_size": [8, 3]},
								"south": {"uv": [32, 24], "uv_size": [7, 3]},
								"west": {"uv": [32, 16], "uv_size": [8, 3]},
								"up": {"uv": [24, 0], "uv_size": [7, 8]},
								"down": {"uv": [24, 17], "uv_size": [7, -8]}
							}
						},
						{
							"origin": [-1.01492, -0.1995, -0.80082],
							"size": [0.91, 0.442, 0.442],
							"pivot": [-0.16992, 0.0215, -0.57332],
							"rotation": [-45, 0, 0],
							"uv": {
								"north": {"uv": [41, 17], "uv_size": [4, 2]},
								"east": {"uv": [7, 61], "uv_size": [2, 2]},
								"south": {"uv": [53, 43], "uv_size": [4, 2]},
								"west": {"uv": [21, 65], "uv_size": [2, 2]},
								"up": {"uv": [56, 28], "uv_size": [4, 2]},
								"down": {"uv": [31, 58], "uv_size": [4, -2]}
							}
						},
						{
							"origin": [0.80508, -0.1995, -1.32082],
							"size": [0.195, 0.624, 1.755],
							"uv": {
								"north": {"uv": [46, 17], "uv_size": [1, 2]},
								"east": {"uv": [33, 36], "uv_size": [7, 2]},
								"south": {"uv": [52, 4], "uv_size": [1, 2]},
								"west": {"uv": [33, 39], "uv_size": [7, 2]},
								"up": {"uv": [36, 56], "uv_size": [1, 7]},
								"down": {"uv": [56, 63], "uv_size": [1, -7]}
							}
						},
						{
							"origin": [1.06508, -0.1995, -0.54082],
							"size": [0.195, 0.624, 1.56],
							"uv": {
								"north": {"uv": [10, 61], "uv_size": [1, 2]},
								"east": {"uv": [41, 11], "uv_size": [6, 2]},
								"south": {"uv": [18, 66], "uv_size": [1, 2]},
								"west": {"uv": [41, 14], "uv_size": [6, 2]},
								"up": {"uv": [57, 6], "uv_size": [1, 6]},
								"down": {"uv": [12, 63], "uv_size": [1, -6]}
							}
						},
						{
							"origin": [1.26008, -0.1995, 0.86318],
							"size": [0.065, 0.624, 0.156],
							"uv": {
								"north": {"uv": [66, 30], "uv_size": [1, 2]},
								"south": {"uv": [66, 33], "uv_size": [1, 2]},
								"west": {"uv": [66, 36], "uv_size": [1, 2]},
								"up": {"uv": [21, 63], "uv_size": [1, 1]},
								"down": {"uv": [18, 70], "uv_size": [1, -1]}
							}
						},
						{
							"origin": [1.26008, -0.1995, 0.53818],
							"size": [0.065, 0.624, 0.221],
							"uv": {
								"north": {"uv": [66, 45], "uv_size": [1, 2]},
								"south": {"uv": [47, 66], "uv_size": [1, 2]},
								"west": {"uv": [66, 48], "uv_size": [1, 2]},
								"up": {"uv": [59, 69], "uv_size": [1, 1]},
								"down": {"uv": [70, 17], "uv_size": [1, -1]}
							}
						},
						{
							"origin": [1.26008, -0.1995, 0.21318],
							"size": [0.065, 0.624, 0.221],
							"uv": {
								"north": {"uv": [49, 66], "uv_size": [1, 2]},
								"south": {"uv": [51, 66], "uv_size": [1, 2]},
								"west": {"uv": [66, 51], "uv_size": [1, 2]},
								"up": {"uv": [70, 18], "uv_size": [1, 1]},
								"down": {"uv": [20, 71], "uv_size": [1, -1]}
							}
						},
						{
							"origin": [1.01308, -0.1995, -0.60582],
							"size": [0.247, 0.624, 0.754],
							"pivot": [1.16258, 0.1125, 0.17418],
							"rotation": [0, -20, 0],
							"uv": {
								"north": {"uv": [53, 66], "uv_size": [1, 2]},
								"east": {"uv": [57, 13], "uv_size": [3, 2]},
								"south": {"uv": [55, 66], "uv_size": [1, 2]},
								"west": {"uv": [14, 57], "uv_size": [3, 2]},
								"up": {"uv": [39, 42], "uv_size": [1, 3]},
								"down": {"uv": [18, 46], "uv_size": [1, -3]}
							}
						},
						{
							"origin": [1.30848, -0.0435, -0.59041],
							"size": [0.247, 0.312, 0.494],
							"pivot": [1.43198, 0.1125, -0.21341],
							"rotation": [0, 5, 0],
							"uv": {
								"north": {"uv": [70, 20], "uv_size": [1, 1]},
								"east": {"uv": [66, 26], "uv_size": [2, 1]},
								"south": {"uv": [22, 70], "uv_size": [1, 1]},
								"west": {"uv": [66, 39], "uv_size": [2, 1]},
								"up": {"uv": [57, 66], "uv_size": [1, 2]},
								"down": {"uv": [59, 68], "uv_size": [1, -2]}
							}
						},
						{
							"origin": [1.00098, 0.2555, -0.78543],
							"size": [0.52, 0.169, 0.26],
							"uv": {
								"north": {"uv": [61, 66], "uv_size": [2, 1]},
								"east": {"uv": [70, 22], "uv_size": [1, 1]},
								"south": {"uv": [0, 67], "uv_size": [2, 1]},
								"west": {"uv": [24, 70], "uv_size": [1, 1]},
								"up": {"uv": [3, 67], "uv_size": [2, 1]},
								"down": {"uv": [32, 68], "uv_size": [2, -1]}
							}
						},
						{
							"origin": [1.00098, 0.2555, -0.96928],
							"size": [0.33615, 0.169, 0.18385],
							"uv": {
								"north": {"uv": [70, 24], "uv_size": [1, 1]},
								"east": {"uv": [26, 70], "uv_size": [1, 1]},
								"south": {"uv": [35, 70], "uv_size": [1, 1]},
								"west": {"uv": [37, 70], "uv_size": [1, 1]},
								"up": {"uv": [39, 70], "uv_size": [1, 1]},
								"down": {"uv": [70, 41], "uv_size": [1, -1]}
							}
						},
						{
							"origin": [1.24521, 0.2555, -1.00736],
							"size": [0.26, 0.169, 0.091],
							"pivot": [1.24521, 0.1125, -0.87736],
							"rotation": [0, -45, 0],
							"uv": {
								"north": {"uv": [41, 70], "uv_size": [1, 1]},
								"east": {"uv": [43, 70], "uv_size": [1, 1]},
								"south": {"uv": [45, 70], "uv_size": [1, 1]},
								"west": {"uv": [61, 70], "uv_size": [1, 1]},
								"up": {"uv": [70, 67], "uv_size": [1, 1]},
								"down": {"uv": [70, 70], "uv_size": [1, -1]}
							}
						},
						{
							"origin": [1.15513, -0.2385, -0.83743],
							"size": [0.26, 0.702, 0.26],
							"pivot": [1.28513, 0.34, -0.70743],
							"rotation": [0, -45, 0],
							"uv": {
								"north": {"uv": [49, 7], "uv_size": [1, 3]},
								"east": {"uv": [54, 16], "uv_size": [1, 3]},
								"south": {"uv": [21, 59], "uv_size": [1, 3]},
								"west": {"uv": [30, 65], "uv_size": [1, 3]},
								"up": {"uv": [0, 71], "uv_size": [1, 1]},
								"down": {"uv": [71, 1], "uv_size": [1, -1]}
							}
						},
						{
							"origin": [1.00098, -0.1995, -0.78543],
							"size": [0.52, 0.169, 0.26],
							"uv": {
								"north": {"uv": [64, 67], "uv_size": [2, 1]},
								"east": {"uv": [2, 71], "uv_size": [1, 1]},
								"south": {"uv": [67, 67], "uv_size": [2, 1]},
								"west": {"uv": [71, 2], "uv_size": [1, 1]},
								"up": {"uv": [6, 68], "uv_size": [2, 1]},
								"down": {"uv": [9, 69], "uv_size": [2, -1]}
							}
						},
						{
							"origin": [1.24521, -0.1995, -1.00736],
							"size": [0.26, 0.169, 0.091],
							"pivot": [1.24521, 0.1125, -0.87736],
							"rotation": [0, -45, 0],
							"uv": {
								"north": {"uv": [4, 71], "uv_size": [1, 1]},
								"east": {"uv": [71, 4], "uv_size": [1, 1]},
								"south": {"uv": [71, 12], "uv_size": [1, 1]},
								"west": {"uv": [71, 14], "uv_size": [1, 1]},
								"up": {"uv": [18, 71], "uv_size": [1, 1]},
								"down": {"uv": [28, 72], "uv_size": [1, -1]}
							}
						},
						{
							"origin": [1.00098, -0.1995, -0.96928],
							"size": [0.33615, 0.169, 0.18385],
							"uv": {
								"north": {"uv": [71, 28], "uv_size": [1, 1]},
								"east": {"uv": [30, 71], "uv_size": [1, 1]},
								"south": {"uv": [71, 30], "uv_size": [1, 1]},
								"west": {"uv": [32, 71], "uv_size": [1, 1]},
								"up": {"uv": [71, 32], "uv_size": [1, 1]},
								"down": {"uv": [71, 35], "uv_size": [1, -1]}
							}
						},
						{
							"origin": [-0.88492, -0.72412, -0.8612],
							"size": [1.69, 0.45962, 0.57576],
							"uv": {
								"north": {"uv": [12, 40], "uv_size": [7, 2]},
								"east": {"uv": [24, 65], "uv_size": [2, 2]},
								"south": {"uv": [40, 20], "uv_size": [7, 2]},
								"west": {"uv": [27, 65], "uv_size": [2, 2]},
								"up": {"uv": [40, 23], "uv_size": [7, 2]},
								"down": {"uv": [41, 10], "uv_size": [7, -2]}
							}
						},
						{
							"origin": [-0.88492, -1.05483, -1.36279],
							"size": [1.69, 0.364, 0.65],
							"pivot": [-0.03992, -0.71033, -0.38779],
							"rotation": [-45, 0, 0],
							"uv": {
								"north": {"uv": [56, 41], "uv_size": [7, 1]},
								"east": {"uv": [66, 18], "uv_size": [3, 1]},
								"south": {"uv": [57, 0], "uv_size": [7, 1]},
								"west": {"uv": [66, 20], "uv_size": [3, 1]},
								"up": {"uv": [33, 28], "uv_size": [7, 3]},
								"down": {"uv": [33, 35], "uv_size": [7, -3]}
							}
						},
						{
							"origin": [-0.88492, -0.68714, -0.58615],
							"size": [1.69, 0.364, 0.65],
							"pivot": [-0.03992, -0.34264, -0.39115],
							"rotation": [45, 0, 0],
							"uv": {
								"north": {"uv": [57, 2], "uv_size": [7, 1]},
								"east": {"uv": [66, 22], "uv_size": [3, 1]},
								"south": {"uv": [57, 4], "uv_size": [7, 1]},
								"west": {"uv": [66, 24], "uv_size": [3, 1]},
								"up": {"uv": [35, 0], "uv_size": [7, 3]},
								"down": {"uv": [35, 7], "uv_size": [7, -3]}
							}
						}
					]
				},
				{
					"name": "bone2",
					"parent": "grip2",
					"pivot": [-0.03992, -0.7, -0.57336],
					"cubes": [
						{
							"origin": [-0.33567, -4.04392, -1.28736],
							"size": [0.5915, 3.82785, 1.42801],
							"uv": {
								"north": {"uv": [24, 30], "uv_size": [2, 15]},
								"east": {"uv": [0, 0], "uv_size": [5, 15]},
								"south": {"uv": [27, 30], "uv_size": [2, 15]},
								"west": {"uv": [6, 0], "uv_size": [5, 15]},
								"up": {"uv": [25, 53], "uv_size": [2, 5]},
								"down": {"uv": [53, 30], "uv_size": [2, -5]}
							}
						},
						{
							"origin": [-0.27654, -4.04392, -1.22823],
							"size": [0.5915, 3.82785, 1.42801],
							"pivot": [0.01921, -0.7, -0.57336],
							"rotation": [0, -90, 0],
							"uv": {
								"north": {"uv": [30, 30], "uv_size": [2, 15]},
								"east": {"uv": [12, 0], "uv_size": [5, 15]},
								"south": {"uv": [0, 32], "uv_size": [2, 15]},
								"west": {"uv": [0, 16], "uv_size": [5, 15]},
								"up": {"uv": [28, 53], "uv_size": [2, 5]},
								"down": {"uv": [53, 36], "uv_size": [2, -5]}
							}
						},
						{
							"origin": [-0.45854, -4.04392, -0.18823],
							"size": [0.8515, 2.78785, 0.38801],
							"pivot": [-0.03279, -0.7, -0.57336],
							"rotation": [0, -90, 0],
							"uv": {
								"north": {"uv": [24, 18], "uv_size": [3, 11]},
								"east": {"uv": [21, 47], "uv_size": [1, 11]},
								"south": {"uv": [28, 18], "uv_size": [3, 11]},
								"west": {"uv": [23, 53], "uv_size": [1, 11]},
								"up": {"uv": [65, 43], "uv_size": [3, 1]},
								"down": {"uv": [65, 56], "uv_size": [3, -1]}
							}
						},
						{
							"origin": [-1.19168, -1.80792, -0.74136],
							"size": [0.7995, 0.22685, 0.23201],
							"pivot": [-0.79193, -1.7075, -0.57336],
							"rotation": [-45, -90, 0],
							"uv": {
								"north": {"uv": [65, 57], "uv_size": [3, 1]},
								"east": {"uv": [71, 36], "uv_size": [1, 1]},
								"south": {"uv": [65, 59], "uv_size": [3, 1]},
								"west": {"uv": [71, 45], "uv_size": [1, 1]},
								"up": {"uv": [65, 61], "uv_size": [3, 1]},
								"down": {"uv": [65, 64], "uv_size": [3, -1]}
							}
						},
						{
							"origin": [-1.19168, -2.56192, -0.74136],
							"size": [0.7995, 0.22685, 0.23201],
							"pivot": [-0.79193, -2.4615, -0.57336],
							"rotation": [-45, -90, 0],
							"uv": {
								"north": {"uv": [65, 65], "uv_size": [3, 1]},
								"east": {"uv": [47, 71], "uv_size": [1, 1]},
								"south": {"uv": [6, 66], "uv_size": [3, 1]},
								"west": {"uv": [71, 47], "uv_size": [1, 1]},
								"up": {"uv": [66, 6], "uv_size": [3, 1]},
								"down": {"uv": [66, 9], "uv_size": [3, -1]}
							}
						},
						{
							"origin": [-1.19168, -3.36792, -0.74136],
							"size": [0.7995, 0.22685, 0.23201],
							"pivot": [-0.79193, -3.2675, -0.57336],
							"rotation": [-45, -90, 0],
							"uv": {
								"north": {"uv": [10, 66], "uv_size": [3, 1]},
								"east": {"uv": [49, 71], "uv_size": [1, 1]},
								"south": {"uv": [66, 10], "uv_size": [3, 1]},
								"west": {"uv": [71, 49], "uv_size": [1, 1]},
								"up": {"uv": [14, 66], "uv_size": [3, 1]},
								"down": {"uv": [66, 17], "uv_size": [3, -1]}
							}
						},
						{
							"origin": [-0.29386, -4.04392, -1.27004],
							"size": [0.5915, 3.82785, 1.42801],
							"pivot": [0.00189, -0.7, -0.61517],
							"rotation": [0, -45, 0],
							"uv": {
								"north": {"uv": [32, 0], "uv_size": [2, 15]},
								"east": {"uv": [6, 16], "uv_size": [5, 15]},
								"south": {"uv": [3, 32], "uv_size": [2, 15]},
								"west": {"uv": [12, 16], "uv_size": [5, 15]},
								"up": {"uv": [53, 37], "uv_size": [2, 5]},
								"down": {"uv": [54, 9], "uv_size": [2, -5]}
							}
						},
						{
							"origin": [-0.37748, -4.04392, -1.27004],
							"size": [0.5915, 3.82785, 1.42801],
							"pivot": [-0.08173, -0.7, -0.61517],
							"rotation": [0, 45, 0],
							"uv": {
								"north": {"uv": [6, 32], "uv_size": [2, 15]},
								"east": {"uv": [18, 0], "uv_size": [5, 15]},
								"south": {"uv": [9, 32], "uv_size": [2, 15]},
								"west": {"uv": [18, 16], "uv_size": [5, 15]},
								"up": {"uv": [54, 10], "uv_size": [2, 5]},
								"down": {"uv": [18, 59], "uv_size": [2, -5]}
							}
						}
					]
				},
				{
					"name": "bone3",
					"parent": "grip2",
					"pivot": [0.02508, -1.194, -0.57336],
					"cubes": [
						{
							"origin": [-0.28841, -1.08036, -1.3302],
							"size": [0.62699, 0.31872, 1.51369],
							"uv": {
								"north": {"uv": [12, 68], "uv_size": [2, 1]},
								"east": {"uv": [58, 43], "uv_size": [6, 1]},
								"south": {"uv": [68, 12], "uv_size": [2, 1]},
								"west": {"uv": [58, 56], "uv_size": [6, 1]},
								"up": {"uv": [20, 40], "uv_size": [2, 6]},
								"down": {"uv": [41, 32], "uv_size": [2, -6]}
							}
						},
						{
							"origin": [-0.28841, -1.08036, -1.3302],
							"size": [0.62699, 0.31872, 1.51369],
							"pivot": [0.02508, -0.999, -0.57336],
							"rotation": [0, -90, 0],
							"uv": {
								"north": {"uv": [68, 14], "uv_size": [2, 1]},
								"east": {"uv": [58, 58], "uv_size": [6, 1]},
								"south": {"uv": [15, 68], "uv_size": [2, 1]},
								"west": {"uv": [59, 6], "uv_size": [6, 1]},
								"up": {"uv": [41, 33], "uv_size": [2, 6]},
								"down": {"uv": [41, 46], "uv_size": [2, -6]}
							}
						},
						{
							"origin": [-0.28841, -1.08036, -1.3302],
							"size": [0.62699, 0.31872, 1.51369],
							"pivot": [0.02508, -0.999, -0.57336],
							"rotation": [0, -45, 0],
							"uv": {
								"north": {"uv": [20, 68], "uv_size": [2, 1]},
								"east": {"uv": [59, 8], "uv_size": [6, 1]},
								"south": {"uv": [23, 68], "uv_size": [2, 1]},
								"west": {"uv": [59, 10], "uv_size": [6, 1]},
								"up": {"uv": [33, 42], "uv_size": [2, 6]},
								"down": {"uv": [36, 48], "uv_size": [2, -6]}
							}
						},
						{
							"origin": [-0.28841, -1.08036, -1.3302],
							"size": [0.62699, 0.31872, 1.51369],
							"pivot": [0.02508, -0.999, -0.57336],
							"rotation": [0, 45, 0],
							"uv": {
								"north": {"uv": [26, 68], "uv_size": [2, 1]},
								"east": {"uv": [59, 16], "uv_size": [6, 1]},
								"south": {"uv": [68, 28], "uv_size": [2, 1]},
								"west": {"uv": [59, 18], "uv_size": [6, 1]},
								"up": {"uv": [43, 0], "uv_size": [2, 6]},
								"down": {"uv": [12, 49], "uv_size": [2, -6]}
							}
						}
					]
				},
				{
					"name": "bone4",
					"parent": "grip2",
					"pivot": [0.02508, -1.974, -0.57336],
					"cubes": [
						{
							"origin": [-0.28841, -1.86036, -1.3302],
							"size": [0.62699, 0.31872, 1.51369],
							"uv": {
								"north": {"uv": [68, 30], "uv_size": [2, 1]},
								"east": {"uv": [59, 20], "uv_size": [6, 1]},
								"south": {"uv": [68, 32], "uv_size": [2, 1]},
								"west": {"uv": [59, 22], "uv_size": [6, 1]},
								"up": {"uv": [15, 43], "uv_size": [2, 6]},
								"down": {"uv": [44, 32], "uv_size": [2, -6]}
							}
						},
						{
							"origin": [-0.28841, -1.86036, -1.3302],
							"size": [0.62699, 0.31872, 1.51369],
							"pivot": [0.02508, -1.779, -0.57336],
							"rotation": [0, -90, 0],
							"uv": {
								"north": {"uv": [68, 34], "uv_size": [2, 1]},
								"east": {"uv": [59, 24], "uv_size": [6, 1]},
								"south": {"uv": [35, 68], "uv_size": [2, 1]},
								"west": {"uv": [25, 59], "uv_size": [6, 1]},
								"up": {"uv": [44, 33], "uv_size": [2, 6]},
								"down": {"uv": [44, 46], "uv_size": [2, -6]}
							}
						},
						{
							"origin": [-0.28841, -1.86036, -1.3302],
							"size": [0.62699, 0.31872, 1.51369],
							"pivot": [0.02508, -1.779, -0.57336],
							"rotation": [0, -45, 0],
							"uv": {
								"north": {"uv": [68, 36], "uv_size": [2, 1]},
								"east": {"uv": [59, 26], "uv_size": [6, 1]},
								"south": {"uv": [38, 68], "uv_size": [2, 1]},
								"west": {"uv": [59, 31], "uv_size": [6, 1]},
								"up": {"uv": [46, 0], "uv_size": [2, 6]},
								"down": {"uv": [23, 52], "uv_size": [2, -6]}
							}
						},
						{
							"origin": [-0.28841, -1.86036, -1.3302],
							"size": [0.62699, 0.31872, 1.51369],
							"pivot": [0.02508, -1.779, -0.57336],
							"rotation": [0, 45, 0],
							"uv": {
								"north": {"uv": [41, 68], "uv_size": [2, 1]},
								"east": {"uv": [59, 33], "uv_size": [6, 1]},
								"south": {"uv": [44, 68], "uv_size": [2, 1]},
								"west": {"uv": [59, 35], "uv_size": [6, 1]},
								"up": {"uv": [26, 46], "uv_size": [2, 6]},
								"down": {"uv": [29, 52], "uv_size": [2, -6]}
							}
						}
					]
				},
				{
					"name": "bone5",
					"parent": "grip2",
					"pivot": [0.02508, -2.754, -0.57336],
					"cubes": [
						{
							"origin": [-0.28841, -2.64036, -1.3302],
							"size": [0.62699, 0.31872, 1.51369],
							"uv": {
								"north": {"uv": [68, 45], "uv_size": [2, 1]},
								"east": {"uv": [59, 37], "uv_size": [6, 1]},
								"south": {"uv": [68, 47], "uv_size": [2, 1]},
								"west": {"uv": [59, 39], "uv_size": [6, 1]},
								"up": {"uv": [18, 47], "uv_size": [2, 6]},
								"down": {"uv": [47, 32], "uv_size": [2, -6]}
							}
						},
						{
							"origin": [-0.28841, -2.64036, -1.3302],
							"size": [0.62699, 0.31872, 1.51369],
							"pivot": [0.02508, -2.559, -0.57336],
							"rotation": [0, -90, 0],
							"uv": {
								"north": {"uv": [68, 49], "uv_size": [2, 1]},
								"east": {"uv": [59, 45], "uv_size": [6, 1]},
								"south": {"uv": [68, 51], "uv_size": [2, 1]},
								"west": {"uv": [59, 47], "uv_size": [6, 1]},
								"up": {"uv": [47, 33], "uv_size": [2, 6]},
								"down": {"uv": [39, 53], "uv_size": [2, -6]}
							}
						},
						{
							"origin": [-0.28841, -2.64036, -1.3302],
							"size": [0.62699, 0.31872, 1.51369],
							"pivot": [0.02508, -2.559, -0.57336],
							"rotation": [0, -45, 0],
							"uv": {
								"north": {"uv": [68, 53], "uv_size": [2, 1]},
								"east": {"uv": [59, 49], "uv_size": [6, 1]},
								"south": {"uv": [61, 68], "uv_size": [2, 1]},
								"west": {"uv": [59, 51], "uv_size": [6, 1]},
								"up": {"uv": [47, 40], "uv_size": [2, 6]},
								"down": {"uv": [42, 53], "uv_size": [2, -6]}
							}
						},
						{
							"origin": [-0.28841, -2.64036, -1.3302],
							"size": [0.62699, 0.31872, 1.51369],
							"pivot": [0.02508, -2.559, -0.57336],
							"rotation": [0, 45, 0],
							"uv": {
								"north": {"uv": [0, 69], "uv_size": [2, 1]},
								"east": {"uv": [59, 53], "uv_size": [6, 1]},
								"south": {"uv": [3, 69], "uv_size": [2, 1]},
								"west": {"uv": [14, 60], "uv_size": [6, 1]},
								"up": {"uv": [45, 47], "uv_size": [2, 6]},
								"down": {"uv": [0, 54], "uv_size": [2, -6]}
							}
						}
					]
				},
				{
					"name": "bone6",
					"parent": "grip2",
					"pivot": [0.02508, -3.534, -0.57336],
					"cubes": [
						{
							"origin": [-0.28841, -3.42036, -1.3302],
							"size": [0.62699, 0.31872, 1.51369],
							"uv": {
								"north": {"uv": [69, 26], "uv_size": [2, 1]},
								"east": {"uv": [38, 60], "uv_size": [6, 1]},
								"south": {"uv": [29, 69], "uv_size": [2, 1]},
								"west": {"uv": [45, 60], "uv_size": [6, 1]},
								"up": {"uv": [3, 48], "uv_size": [2, 6]},
								"down": {"uv": [6, 54], "uv_size": [2, -6]}
							}
						},
						{
							"origin": [-0.28841, -3.42036, -1.3302],
							"size": [0.62699, 0.31872, 1.51369],
							"pivot": [0.02508, -3.339, -0.57336],
							"rotation": [0, -90, 0],
							"uv": {
								"north": {"uv": [32, 69], "uv_size": [2, 1]},
								"east": {"uv": [58, 60], "uv_size": [6, 1]},
								"south": {"uv": [69, 38], "uv_size": [2, 1]},
								"west": {"uv": [0, 61], "uv_size": [6, 1]},
								"up": {"uv": [9, 48], "uv_size": [2, 6]},
								"down": {"uv": [48, 17], "uv_size": [2, -6]}
							}
						},
						{
							"origin": [-0.28841, -3.42036, -1.3302],
							"size": [0.62699, 0.31872, 1.51369],
							"pivot": [0.02508, -3.339, -0.57336],
							"rotation": [0, -45, 0],
							"uv": {
								"north": {"uv": [69, 43], "uv_size": [2, 1]},
								"east": {"uv": [61, 12], "uv_size": [6, 1]},
								"south": {"uv": [47, 69], "uv_size": [2, 1]},
								"west": {"uv": [61, 14], "uv_size": [6, 1]},
								"up": {"uv": [48, 18], "uv_size": [2, 6]},
								"down": {"uv": [48, 53], "uv_size": [2, -6]}
							}
						},
						{
							"origin": [-0.28841, -3.42036, -1.3302],
							"size": [0.62699, 0.31872, 1.51369],
							"pivot": [0.02508, -3.339, -0.57336],
							"rotation": [0, 45, 0],
							"uv": {
								"north": {"uv": [50, 69], "uv_size": [2, 1]},
								"east": {"uv": [25, 61], "uv_size": [6, 1]},
								"south": {"uv": [53, 69], "uv_size": [2, 1]},
								"west": {"uv": [61, 28], "uv_size": [6, 1]},
								"up": {"uv": [49, 0], "uv_size": [2, 6]},
								"down": {"uv": [32, 55], "uv_size": [2, -6]}
							}
						}
					]
				},
				{
					"name": "bone7",
					"parent": "grip2",
					"pivot": [0.02508, -4.184, -0.57336],
					"cubes": [
						{
							"origin": [-0.28841, -4.07036, -1.3302],
							"size": [0.62699, 0.31872, 1.51369],
							"uv": {
								"north": {"uv": [69, 55], "uv_size": [2, 1]},
								"east": {"uv": [14, 62], "uv_size": [6, 1]},
								"south": {"uv": [56, 69], "uv_size": [2, 1]},
								"west": {"uv": [38, 62], "uv_size": [6, 1]},
								"up": {"uv": [35, 49], "uv_size": [2, 6]},
								"down": {"uv": [12, 56], "uv_size": [2, -6]}
							}
						},
						{
							"origin": [-0.28841, -4.07036, -1.3302],
							"size": [0.62699, 0.31872, 1.51369],
							"pivot": [0.02508, -3.989, -0.57336],
							"rotation": [0, -90, 0],
							"uv": {
								"north": {"uv": [69, 57], "uv_size": [2, 1]},
								"east": {"uv": [45, 62], "uv_size": [6, 1]},
								"south": {"uv": [69, 59], "uv_size": [2, 1]},
								"west": {"uv": [58, 62], "uv_size": [6, 1]},
								"up": {"uv": [15, 50], "uv_size": [2, 6]},
								"down": {"uv": [50, 31], "uv_size": [2, -6]}
							}
						},
						{
							"origin": [-0.28841, -4.07036, -1.3302],
							"size": [0.62699, 0.31872, 1.51369],
							"pivot": [0.02508, -3.989, -0.57336],
							"rotation": [0, -45, 0],
							"uv": {
								"north": {"uv": [69, 61], "uv_size": [2, 1]},
								"east": {"uv": [0, 63], "uv_size": [6, 1]},
								"south": {"uv": [69, 63], "uv_size": [2, 1]},
								"west": {"uv": [25, 63], "uv_size": [6, 1]},
								"up": {"uv": [50, 32], "uv_size": [2, 6]},
								"down": {"uv": [50, 45], "uv_size": [2, -6]}
							}
						},
						{
							"origin": [-0.28841, -4.07036, -1.3302],
							"size": [0.62699, 0.31872, 1.51369],
							"pivot": [0.02508, -3.989, -0.57336],
							"rotation": [0, 45, 0],
							"uv": {
								"north": {"uv": [64, 69], "uv_size": [2, 1]},
								"east": {"uv": [7, 64], "uv_size": [6, 1]},
								"south": {"uv": [69, 65], "uv_size": [2, 1]},
								"west": {"uv": [14, 64], "uv_size": [6, 1]},
								"up": {"uv": [51, 7], "uv_size": [2, 6]},
								"down": {"uv": [51, 20], "uv_size": [2, -6]}
							}
						}
					]
				},
				{
					"name": "bone8",
					"parent": "grip2",
					"pivot": [-0.03992, -4.34, -0.57336],
					"cubes": [
						{
							"origin": [-0.26365, -4.70609, -1.1785],
							"size": [0.44747, 0.73218, 1.21029],
							"uv": {
								"north": {"uv": [21, 32], "uv_size": [2, 3]},
								"east": {"uv": [35, 8], "uv_size": [5, 3]},
								"south": {"uv": [32, 59], "uv_size": [2, 3]},
								"west": {"uv": [35, 12], "uv_size": [5, 3]},
								"up": {"uv": [38, 54], "uv_size": [2, 5]},
								"down": {"uv": [41, 59], "uv_size": [2, -5]}
							}
						},
						{
							"origin": [-0.21892, -4.70609, -1.13377],
							"size": [0.44747, 0.73218, 1.21029],
							"pivot": [0.00481, -2.17641, -0.57336],
							"rotation": [0, -90, 0],
							"uv": {
								"north": {"uv": [52, 60], "uv_size": [2, 3]},
								"east": {"uv": [12, 36], "uv_size": [5, 3]},
								"south": {"uv": [32, 63], "uv_size": [2, 3]},
								"west": {"uv": [18, 36], "uv_size": [5, 3]},
								"up": {"uv": [44, 54], "uv_size": [2, 5]},
								"down": {"uv": [47, 59], "uv_size": [2, -5]}
							}
						},
						{
							"origin": [-0.23202, -4.70609, -1.0354],
							"size": [0.44747, 0.73218, 0.95029],
							"pivot": [-0.00829, -2.17641, -0.60498],
							"rotation": [0, -45, 0],
							"uv": {
								"north": {"uv": [35, 64], "uv_size": [2, 3]},
								"east": {"uv": [51, 21], "uv_size": [4, 3]},
								"south": {"uv": [38, 64], "uv_size": [2, 3]},
								"west": {"uv": [51, 46], "uv_size": [4, 3]},
								"up": {"uv": [56, 31], "uv_size": [2, 4]},
								"down": {"uv": [56, 40], "uv_size": [2, -4]}
							}
						},
						{
							"origin": [-0.29528, -4.70609, -1.0354],
							"size": [0.44747, 0.73218, 0.95029],
							"pivot": [-0.07155, -2.17641, -0.60498],
							"rotation": [0, 45, 0],
							"uv": {
								"north": {"uv": [41, 64], "uv_size": [2, 3]},
								"east": {"uv": [51, 50], "uv_size": [4, 3]},
								"south": {"uv": [44, 64], "uv_size": [2, 3]},
								"west": {"uv": [52, 0], "uv_size": [4, 3]},
								"up": {"uv": [56, 46], "uv_size": [2, 4]},
								"down": {"uv": [56, 55], "uv_size": [2, -4]}
							}
						}
					]
				},
				{
					"name": "bone9",
					"parent": "grip2",
					"pivot": [-0.03992, -4.34, -0.57336],
					"cubes": [
						{
							"origin": [-0.29945, -4.23166, -1.19992],
							"size": [0.51906, 0.31633, 1.25313],
							"uv": {
								"north": {"uv": [67, 69], "uv_size": [2, 1]},
								"east": {"uv": [64, 41], "uv_size": [5, 1]},
								"south": {"uv": [6, 70], "uv_size": [2, 1]},
								"west": {"uv": [47, 64], "uv_size": [5, 1]},
								"up": {"uv": [50, 54], "uv_size": [2, 5]},
								"down": {"uv": [53, 59], "uv_size": [2, -5]}
							}
						},
						{
							"origin": [-0.24756, -4.23166, -1.14803],
							"size": [0.51906, 0.31633, 1.25313],
							"pivot": [0.01197, -1.83024, -0.57336],
							"rotation": [0, -90, 0],
							"uv": {
								"north": {"uv": [70, 6], "uv_size": [2, 1]},
								"east": {"uv": [53, 64], "uv_size": [5, 1]},
								"south": {"uv": [70, 8], "uv_size": [2, 1]},
								"west": {"uv": [59, 64], "uv_size": [5, 1]},
								"up": {"uv": [0, 55], "uv_size": [2, 5]},
								"down": {"uv": [3, 60], "uv_size": [2, -5]}
							}
						},
						{
							"origin": [-0.26276, -4.23166, -1.18472],
							"size": [0.51907, 0.31633, 1.25314],
							"pivot": [-0.00323, -1.83024, -0.61004],
							"rotation": [0, -45, 0],
							"uv": {
								"north": {"uv": [9, 70], "uv_size": [2, 1]},
								"east": {"uv": [0, 65], "uv_size": [5, 1]},
								"south": {"uv": [70, 10], "uv_size": [2, 1]},
								"west": {"uv": [65, 0], "uv_size": [5, 1]},
								"up": {"uv": [6, 55], "uv_size": [2, 5]},
								"down": {"uv": [9, 60], "uv_size": [2, -5]}
							}
						},
						{
							"origin": [-0.33614, -4.23166, -1.18472],
							"size": [0.51907, 0.31633, 1.25314],
							"pivot": [-0.07661, -1.83024, -0.61004],
							"rotation": [0, 45, 0],
							"uv": {
								"north": {"uv": [12, 70], "uv_size": [2, 1]},
								"east": {"uv": [65, 2], "uv_size": [5, 1]},
								"south": {"uv": [15, 70], "uv_size": [2, 1]},
								"west": {"uv": [65, 4], "uv_size": [5, 1]},
								"up": {"uv": [56, 16], "uv_size": [2, 5]},
								"down": {"uv": [56, 27], "uv_size": [2, -5]}
							}
						}
					]
				}
			]
		}
	]
}