{
	"format_version": "1.12.0",
	"minecraft:geometry": [
		{
			"description": {
				"identifier": "geometry.TD-grip",
				"texture_width": 32,
				"texture_height": 32,
				"visible_bounds_width": 2,
				"visible_bounds_height": 1.5,
				"visible_bounds_offset": [0, 0.25, 0]
			},
			"bones": [
				{
					"name": "m203_grip",
					"pivot": [-0.11583, -0.40942, 9.84114]
				},
				{
					"name": "bone2",
					"parent": "m203_grip",
					"pivot": [-0.03768, 1.32541, -0.56979],
					"cubes": [
						{
							"origin": [0.31007, -0.38136, -0.88689],
							"size": [1.22951, 0.40749, 0.63419],
							"pivot": [0.92483, 2.46397, -9.54029],
							"rotation": [0, 0, 45],
							"uv": {
								"north": {"uv": [14, 7], "uv_size": [1.21875, 0.40625]},
								"east": {"uv": [14, 16], "uv_size": [0.625, 0.40625]},
								"south": {"uv": [8, 14], "uv_size": [1.21875, 0.40625]},
								"west": {"uv": [16, 14], "uv_size": [0.625, 0.40625]},
								"up": {"uv": [2, 13], "uv_size": [1.21875, 0.625]},
								"down": {"uv": [4, 13.625], "uv_size": [1.21875, -0.625]}
							}
						},
						{
							"origin": [-1.61494, -0.38136, -0.88689],
							"size": [1.2295, 0.64029, 0.63419],
							"pivot": [-1.00019, 2.46397, -9.54029],
							"rotation": [0, 0, -45],
							"uv": {
								"north": {"uv": [6, 13], "uv_size": [1.21875, 0.625]},
								"east": {"uv": [15, 14], "uv_size": [0.625, 0.625]},
								"south": {"uv": [8, 13], "uv_size": [1.21875, 0.625]},
								"west": {"uv": [1, 16], "uv_size": [0.625, 0.625]},
								"up": {"uv": [10, 13], "uv_size": [1.21875, 0.625]},
								"down": {"uv": [12, 13.625], "uv_size": [1.21875, -0.625]}
							}
						},
						{
							"origin": [-1.61494, 2.17943, -0.88689],
							"size": [0.7639, 0.40749, 0.63419],
							"pivot": [-1.00019, 2.46397, -9.54029],
							"rotation": [0, 0, -45],
							"uv": {
								"north": {"uv": [4, 16], "uv_size": [0.75, 0.40625]},
								"east": {"uv": [15, 16], "uv_size": [0.625, 0.40625]},
								"south": {"uv": [16, 4], "uv_size": [0.75, 0.40625]},
								"west": {"uv": [16, 15], "uv_size": [0.625, 0.40625]},
								"up": {"uv": [15, 4], "uv_size": [0.75, 0.625]},
								"down": {"uv": [15, 5.625], "uv_size": [0.75, -0.625]}
							}
						},
						{
							"origin": [0.77567, 2.17943, -0.88689],
							"size": [0.76391, 0.40749, 0.63419],
							"pivot": [0.92483, 2.46397, -9.54029],
							"rotation": [0, 0, 45],
							"uv": {
								"north": {"uv": [5, 16], "uv_size": [0.75, 0.40625]},
								"east": {"uv": [16, 16], "uv_size": [0.625, 0.40625]},
								"south": {"uv": [16, 5], "uv_size": [0.75, 0.40625]},
								"west": {"uv": [17, 0], "uv_size": [0.625, 0.40625]},
								"up": {"uv": [6, 15], "uv_size": [0.75, 0.625]},
								"down": {"uv": [15, 6.625], "uv_size": [0.75, -0.625]}
							}
						},
						{
							"origin": [-2.24205, 0.98851, -0.88689],
							"size": [1.2295, 0.40749, 0.63419],
							"pivot": [-1.6273, 1.50146, -9.54029],
							"rotation": [0, 0, -90],
							"uv": {
								"north": {"uv": [14, 8], "uv_size": [1.21875, 0.40625]},
								"east": {"uv": [1, 17], "uv_size": [0.625, 0.40625]},
								"south": {"uv": [14, 9], "uv_size": [1.21875, 0.40625]},
								"west": {"uv": [17, 1], "uv_size": [0.625, 0.40625]},
								"up": {"uv": [13, 12], "uv_size": [1.21875, 0.625]},
								"down": {"uv": [0, 14.625], "uv_size": [1.21875, -0.625]}
							}
						},
						{
							"origin": [-2.24205, -1.5723, -0.88689],
							"size": [1.2295, 0.40749, 0.63419],
							"pivot": [-1.6273, 1.50146, -9.54029],
							"rotation": [0, 0, -90],
							"uv": {
								"north": {"uv": [10, 14], "uv_size": [1.21875, 0.40625]},
								"east": {"uv": [2, 17], "uv_size": [0.625, 0.40625]},
								"south": {"uv": [14, 10], "uv_size": [1.21875, 0.40625]},
								"west": {"uv": [17, 2], "uv_size": [0.625, 0.40625]},
								"up": {"uv": [14, 0], "uv_size": [1.21875, 0.625]},
								"down": {"uv": [14, 1.625], "uv_size": [1.21875, -0.625]}
							}
						},
						{
							"origin": [-0.65244, 0.01732, -0.98001],
							"size": [1.22951, 0.39585, 0.82043],
							"uv": {
								"north": {"uv": [14, 11], "uv_size": [1.21875, 0.40625]},
								"east": {"uv": [2, 16], "uv_size": [0.8125, 0.40625]},
								"south": {"uv": [12, 14], "uv_size": [1.21875, 0.40625]},
								"west": {"uv": [16, 2], "uv_size": [0.8125, 0.40625]},
								"up": {"uv": [7, 1], "uv_size": [1.21875, 0.8125]},
								"down": {"uv": [7, 2.8125], "uv_size": [1.21875, -0.8125]}
							}
						},
						{
							"origin": [-0.43128, -0.05762, -0.50658],
							"size": [0.78719, 0.33765, 0.52943],
							"pivot": [-0.03768, 0.1112, -0.27096],
							"rotation": [-45, 0, 0],
							"uv": {
								"north": {"uv": [16, 11], "uv_size": [0.78125, 0.34375]},
								"east": {"uv": [16, 18], "uv_size": [0.53125, 0.34375]},
								"south": {"uv": [12, 16], "uv_size": [0.78125, 0.34375]},
								"west": {"uv": [17, 18], "uv_size": [0.53125, 0.34375]},
								"up": {"uv": [15, 12], "uv_size": [0.78125, 0.53125]},
								"down": {"uv": [13, 15.53125], "uv_size": [0.78125, -0.53125]}
							}
						},
						{
							"origin": [-0.43128, -0.05762, -1.12752],
							"size": [0.78719, 0.33765, 0.40139],
							"pivot": [-0.03768, 0.1112, -0.86863],
							"rotation": [45, 0, 0],
							"uv": {
								"north": {"uv": [16, 12], "uv_size": [0.78125, 0.34375]},
								"east": {"uv": [4, 20], "uv_size": [0.40625, 0.34375]},
								"south": {"uv": [13, 16], "uv_size": [0.78125, 0.34375]},
								"west": {"uv": [20, 4], "uv_size": [0.40625, 0.34375]},
								"up": {"uv": [3, 16], "uv_size": [0.78125, 0.40625]},
								"down": {"uv": [16, 3.40625], "uv_size": [0.78125, -0.40625]}
							}
						}
					]
				},
				{
					"name": "bone3",
					"parent": "bone2",
					"pivot": [-0.03768, 0.1112, -0.91519]
				},
				{
					"name": "bone4",
					"parent": "bone3",
					"pivot": [-0.13146, -0.51354, 14.03174]
				},
				{
					"name": "bone5",
					"parent": "bone4",
					"pivot": [0.46248, -3.78093, -12.75034],
					"cubes": [
						{
							"origin": [-0.50999, -0.56018, -1.25837],
							"size": [0.94462, 0.6147, 1.40356],
							"uv": {
								"north": {"uv": [7, 5], "uv_size": [0.9375, 0.625]},
								"east": {"uv": [12, 2], "uv_size": [1.40625, 0.625]},
								"south": {"uv": [6, 14], "uv_size": [0.9375, 0.625]},
								"west": {"uv": [12, 3], "uv_size": [1.40625, 0.625]},
								"up": {"uv": [4, 6], "uv_size": [0.9375, 1.40625]},
								"down": {"uv": [5, 7.40625], "uv_size": [0.9375, -1.40625]}
							}
						},
						{
							"origin": [-0.78936, -0.56018, -0.97901],
							"size": [1.50334, 0.6147, 0.84484],
							"uv": {
								"north": {"uv": [12, 0], "uv_size": [1.5, 0.625]},
								"east": {"uv": [14, 6], "uv_size": [0.84375, 0.625]},
								"south": {"uv": [12, 1], "uv_size": [1.5, 0.625]},
								"west": {"uv": [7, 14], "uv_size": [0.84375, 0.625]},
								"up": {"uv": [6, 6], "uv_size": [1.5, 0.84375]},
								"down": {"uv": [7, 0.84375], "uv_size": [1.5, -0.84375]}
							}
						},
						{
							"origin": [-0.84756, -0.33901, -0.93245],
							"size": [1.61974, 0.1746, 0.1746],
							"pivot": [-0.03768, -0.25171, -0.84515],
							"rotation": [-45, 0, 0],
							"uv": {
								"north": {"uv": [6, 16], "uv_size": [1.625, 0.1875]},
								"east": {"uv": [10, 20], "uv_size": [0.1875, 0.1875]},
								"south": {"uv": [16, 6], "uv_size": [1.625, 0.1875]},
								"west": {"uv": [20, 10], "uv_size": [0.1875, 0.1875]},
								"up": {"uv": [16, 7], "uv_size": [1.625, 0.1875]},
								"down": {"uv": [8, 16.1875], "uv_size": [1.625, -0.1875]}
							}
						},
						{
							"origin": [-0.84756, -0.33901, -0.39701],
							"size": [1.61974, 0.1746, 0.1746],
							"pivot": [-0.03768, -0.25171, -0.30971],
							"rotation": [-45, 0, 0],
							"uv": {
								"north": {"uv": [16, 8], "uv_size": [1.625, 0.1875]},
								"east": {"uv": [11, 20], "uv_size": [0.1875, 0.1875]},
								"south": {"uv": [16, 9], "uv_size": [1.625, 0.1875]},
								"west": {"uv": [20, 11], "uv_size": [0.1875, 0.1875]},
								"up": {"uv": [10, 16], "uv_size": [1.625, 0.1875]},
								"down": {"uv": [16, 10.1875], "uv_size": [1.625, -0.1875]}
							}
						},
						{
							"origin": [-1.2597, -0.56018, -1.13134],
							"size": [0.26081, 0.6147, 0.39507],
							"pivot": [-0.73151, -0.2179, -0.28988],
							"rotation": [0, -45, 0],
							"uv": {
								"north": {"uv": [18, 17], "uv_size": [0.25, 0.625]},
								"east": {"uv": [3, 17], "uv_size": [0.40625, 0.625]},
								"south": {"uv": [18, 18], "uv_size": [0.25, 0.625]},
								"west": {"uv": [17, 3], "uv_size": [0.40625, 0.625]},
								"up": {"uv": [5, 20], "uv_size": [0.25, 0.40625]},
								"down": {"uv": [20, 5.40625], "uv_size": [0.25, -0.40625]}
							}
						},
						{
							"origin": [0.2708, -0.56018, -1.37679],
							"size": [0.26081, 0.6147, 0.39508],
							"pivot": [-0.87717, -0.2179, -0.53533],
							"rotation": [0, -45, 0],
							"uv": {
								"north": {"uv": [0, 19], "uv_size": [0.25, 0.625]},
								"east": {"uv": [4, 17], "uv_size": [0.40625, 0.625]},
								"south": {"uv": [1, 19], "uv_size": [0.25, 0.625]},
								"west": {"uv": [17, 4], "uv_size": [0.40625, 0.625]},
								"up": {"uv": [6, 20], "uv_size": [0.25, 0.40625]},
								"down": {"uv": [20, 6.40625], "uv_size": [0.25, -0.40625]}
							}
						},
						{
							"origin": [-0.91638, -0.56018, -0.88387],
							"size": [0.2608, 0.6147, 0.39507],
							"pivot": [0.0521, -0.2179, -0.66235],
							"rotation": [0, 45, 0],
							"uv": {
								"north": {"uv": [2, 19], "uv_size": [0.25, 0.625]},
								"east": {"uv": [5, 17], "uv_size": [0.40625, 0.625]},
								"south": {"uv": [3, 19], "uv_size": [0.25, 0.625]},
								"west": {"uv": [17, 5], "uv_size": [0.40625, 0.625]},
								"up": {"uv": [7, 20], "uv_size": [0.25, 0.40625]},
								"down": {"uv": [20, 7.40625], "uv_size": [0.25, -0.40625]}
							}
						},
						{
							"origin": [0.58021, -0.56018, -0.62438],
							"size": [0.2608, 0.6147, 0.39508],
							"pivot": [-0.12747, -0.2179, -0.45082],
							"rotation": [0, 45, 0],
							"uv": {
								"north": {"uv": [4, 19], "uv_size": [0.25, 0.625]},
								"east": {"uv": [6, 17], "uv_size": [0.40625, 0.625]},
								"south": {"uv": [5, 19], "uv_size": [0.25, 0.625]},
								"west": {"uv": [7, 17], "uv_size": [0.40625, 0.625]},
								"up": {"uv": [8, 20], "uv_size": [0.25, 0.40625]},
								"down": {"uv": [20, 8.40625], "uv_size": [0.25, -0.40625]}
							}
						},
						{
							"origin": [-0.37031, -3.47959, -1.14662],
							"size": [0.66526, 2.91942, 1.15227],
							"uv": {
								"north": {"uv": [0, 6], "uv_size": [0.65625, 2.90625]},
								"east": {"uv": [0, 0], "uv_size": [1.15625, 2.90625]},
								"south": {"uv": [6, 0], "uv_size": [0.65625, 2.90625]},
								"west": {"uv": [2, 0], "uv_size": [1.15625, 2.90625]},
								"up": {"uv": [2, 14], "uv_size": [0.65625, 1.15625]},
								"down": {"uv": [14, 3.15625], "uv_size": [0.65625, -1.15625]}
							}
						},
						{
							"origin": [-0.35817, -3.47959, -1.1396],
							"size": [0.66527, 2.91942, 1.15227],
							"pivot": [-0.02554, -2.01988, -0.5775],
							"rotation": [0, -60, 0],
							"uv": {
								"north": {"uv": [1, 6], "uv_size": [0.65625, 2.90625]},
								"east": {"uv": [0, 3], "uv_size": [1.15625, 2.90625]},
								"south": {"uv": [2, 6], "uv_size": [0.65625, 2.90625]},
								"west": {"uv": [2, 3], "uv_size": [1.15625, 2.90625]},
								"up": {"uv": [3, 14], "uv_size": [0.65625, 1.15625]},
								"down": {"uv": [4, 15.15625], "uv_size": [0.65625, -1.15625]}
							}
						},
						{
							"origin": [-0.38247, -3.47959, -1.1396],
							"size": [0.66526, 2.91942, 1.15227],
							"pivot": [-0.04984, -2.01988, -0.5775],
							"rotation": [0, 60, 0],
							"uv": {
								"north": {"uv": [3, 6], "uv_size": [0.65625, 2.90625]},
								"east": {"uv": [4, 0], "uv_size": [1.15625, 2.90625]},
								"south": {"uv": [6, 3], "uv_size": [0.65625, 2.90625]},
								"west": {"uv": [4, 3], "uv_size": [1.15625, 2.90625]},
								"up": {"uv": [14, 4], "uv_size": [0.65625, 1.15625]},
								"down": {"uv": [5, 15.15625], "uv_size": [0.65625, -1.15625]}
							}
						},
						{
							"origin": [-0.17477, -0.37859, -1.32821],
							"size": [0.24622, 0.25152, 1.65964],
							"pivot": [-0.03768, -0.2668, -0.55659],
							"rotation": [0, 0, 45],
							"uv": {
								"north": {"uv": [9, 20], "uv_size": [0.25, 0.25]},
								"east": {"uv": [15, 13], "uv_size": [1.65625, 0.25]},
								"south": {"uv": [20, 9], "uv_size": [0.25, 0.25]},
								"west": {"uv": [14, 15], "uv_size": [1.65625, 0.25]},
								"up": {"uv": [0, 16], "uv_size": [0.25, 1.65625]},
								"down": {"uv": [16, 1.65625], "uv_size": [0.25, -1.65625]}
							}
						},
						{
							"origin": [-0.41356, -1.13136, -1.22152],
							"size": [0.75175, 0.59753, 1.30206],
							"uv": {
								"north": {"uv": [9, 15], "uv_size": [0.75, 0.59375]},
								"east": {"uv": [12, 10], "uv_size": [1.3125, 0.59375]},
								"south": {"uv": [10, 15], "uv_size": [0.75, 0.59375]},
								"west": {"uv": [11, 12], "uv_size": [1.3125, 0.59375]},
								"up": {"uv": [7, 7], "uv_size": [0.75, 1.3125]},
								"down": {"uv": [8, 4.3125], "uv_size": [0.75, -1.3125]}
							}
						},
						{
							"origin": [-0.39983, -1.13136, -1.21359],
							"size": [0.75175, 0.59753, 1.30207],
							"pivot": [-0.02395, -2.1833, -0.57842],
							"rotation": [0, -60, 0],
							"uv": {
								"north": {"uv": [11, 15], "uv_size": [0.75, 0.59375]},
								"east": {"uv": [12, 11], "uv_size": [1.3125, 0.59375]},
								"south": {"uv": [12, 15], "uv_size": [0.75, 0.59375]},
								"west": {"uv": [0, 13], "uv_size": [1.3125, 0.59375]},
								"up": {"uv": [4, 8], "uv_size": [0.75, 1.3125]},
								"down": {"uv": [5, 9.3125], "uv_size": [0.75, -1.3125]}
							}
						},
						{
							"origin": [-0.42729, -1.13136, -1.21359],
							"size": [0.75174, 0.59753, 1.30207],
							"pivot": [-0.05143, -2.1833, -0.57842],
							"rotation": [0, 60, 0],
							"uv": {
								"north": {"uv": [7, 15], "uv_size": [0.75, 0.59375]},
								"east": {"uv": [9, 12], "uv_size": [1.3125, 0.59375]},
								"south": {"uv": [8, 15], "uv_size": [0.75, 0.59375]},
								"west": {"uv": [12, 9], "uv_size": [1.3125, 0.59375]},
								"up": {"uv": [7, 3], "uv_size": [0.75, 1.3125]},
								"down": {"uv": [6, 8.3125], "uv_size": [0.75, -1.3125]}
							}
						},
						{
							"origin": [-0.41356, -1.48057, -1.22152],
							"size": [0.75175, 0.17849, 1.30206],
							"uv": {
								"north": {"uv": [6, 19], "uv_size": [0.75, 0.1875]},
								"east": {"uv": [8, 17], "uv_size": [1.3125, 0.1875]},
								"south": {"uv": [7, 19], "uv_size": [0.75, 0.1875]},
								"west": {"uv": [10, 17], "uv_size": [1.3125, 0.1875]},
								"up": {"uv": [8, 5], "uv_size": [0.75, 1.3125]},
								"down": {"uv": [8, 8.3125], "uv_size": [0.75, -1.3125]}
							}
						},
						{
							"origin": [-0.39983, -1.48057, -1.21359],
							"size": [0.75175, 0.17849, 1.30207],
							"pivot": [-0.02395, -2.67218, -0.57842],
							"rotation": [0, -60, 0],
							"uv": {
								"north": {"uv": [8, 19], "uv_size": [0.75, 0.1875]},
								"east": {"uv": [17, 11], "uv_size": [1.3125, 0.1875]},
								"south": {"uv": [9, 19], "uv_size": [0.75, 0.1875]},
								"west": {"uv": [12, 17], "uv_size": [1.3125, 0.1875]},
								"up": {"uv": [0, 9], "uv_size": [0.75, 1.3125]},
								"down": {"uv": [9, 1.3125], "uv_size": [0.75, -1.3125]}
							}
						},
						{
							"origin": [-0.42729, -1.48057, -1.21359],
							"size": [0.75174, 0.17849, 1.30207],
							"pivot": [-0.05143, -2.67218, -0.57842],
							"rotation": [0, 60, 0],
							"uv": {
								"north": {"uv": [10, 19], "uv_size": [0.75, 0.1875]},
								"east": {"uv": [17, 12], "uv_size": [1.3125, 0.1875]},
								"south": {"uv": [11, 19], "uv_size": [0.75, 0.1875]},
								"west": {"uv": [17, 13], "uv_size": [1.3125, 0.1875]},
								"up": {"uv": [1, 9], "uv_size": [0.75, 1.3125]},
								"down": {"uv": [2, 10.3125], "uv_size": [0.75, -1.3125]}
							}
						},
						{
							"origin": [-0.41356, -1.82976, -1.22152],
							"size": [0.75175, 0.17849, 1.30206],
							"uv": {
								"north": {"uv": [19, 11], "uv_size": [0.75, 0.1875]},
								"east": {"uv": [14, 17], "uv_size": [1.3125, 0.1875]},
								"south": {"uv": [12, 19], "uv_size": [0.75, 0.1875]},
								"west": {"uv": [17, 14], "uv_size": [1.3125, 0.1875]},
								"up": {"uv": [9, 2], "uv_size": [0.75, 1.3125]},
								"down": {"uv": [3, 10.3125], "uv_size": [0.75, -1.3125]}
							}
						},
						{
							"origin": [-0.39983, -1.82976, -1.21359],
							"size": [0.75175, 0.17849, 1.30207],
							"pivot": [-0.02395, -3.02138, -0.57842],
							"rotation": [0, -60, 0],
							"uv": {
								"north": {"uv": [19, 12], "uv_size": [0.75, 0.1875]},
								"east": {"uv": [17, 15], "uv_size": [1.3125, 0.1875]},
								"south": {"uv": [13, 19], "uv_size": [0.75, 0.1875]},
								"west": {"uv": [16, 17], "uv_size": [1.3125, 0.1875]},
								"up": {"uv": [9, 4], "uv_size": [0.75, 1.3125]},
								"down": {"uv": [6, 10.3125], "uv_size": [0.75, -1.3125]}
							}
						},
						{
							"origin": [-0.42729, -1.82976, -1.21359],
							"size": [0.75174, 0.17849, 1.30207],
							"pivot": [-0.05143, -3.02138, -0.57842],
							"rotation": [0, 60, 0],
							"uv": {
								"north": {"uv": [19, 13], "uv_size": [0.75, 0.1875]},
								"east": {"uv": [17, 16], "uv_size": [1.3125, 0.1875]},
								"south": {"uv": [14, 19], "uv_size": [0.75, 0.1875]},
								"west": {"uv": [0, 18], "uv_size": [1.3125, 0.1875]},
								"up": {"uv": [9, 6], "uv_size": [0.75, 1.3125]},
								"down": {"uv": [7, 10.3125], "uv_size": [0.75, -1.3125]}
							}
						},
						{
							"origin": [-0.41356, -2.17896, -1.22152],
							"size": [0.75175, 0.17849, 1.30206],
							"uv": {
								"north": {"uv": [19, 14], "uv_size": [0.75, 0.1875]},
								"east": {"uv": [18, 0], "uv_size": [1.3125, 0.1875]},
								"south": {"uv": [15, 19], "uv_size": [0.75, 0.1875]},
								"west": {"uv": [18, 1], "uv_size": [1.3125, 0.1875]},
								"up": {"uv": [8, 9], "uv_size": [0.75, 1.3125]},
								"down": {"uv": [9, 9.3125], "uv_size": [0.75, -1.3125]}
							}
						},
						{
							"origin": [-0.39983, -2.17896, -1.21359],
							"size": [0.75175, 0.17849, 1.30207],
							"pivot": [-0.02395, -3.37058, -0.57842],
							"rotation": [0, -60, 0],
							"uv": {
								"north": {"uv": [19, 15], "uv_size": [0.75, 0.1875]},
								"east": {"uv": [2, 18], "uv_size": [1.3125, 0.1875]},
								"south": {"uv": [16, 19], "uv_size": [0.75, 0.1875]},
								"west": {"uv": [18, 2], "uv_size": [1.3125, 0.1875]},
								"up": {"uv": [10, 0], "uv_size": [0.75, 1.3125]},
								"down": {"uv": [10, 3.3125], "uv_size": [0.75, -1.3125]}
							}
						},
						{
							"origin": [-0.42729, -2.17896, -1.21359],
							"size": [0.75174, 0.17849, 1.30207],
							"pivot": [-0.05143, -3.37058, -0.57842],
							"rotation": [0, 60, 0],
							"uv": {
								"north": {"uv": [19, 16], "uv_size": [0.75, 0.1875]},
								"east": {"uv": [18, 3], "uv_size": [1.3125, 0.1875]},
								"south": {"uv": [17, 19], "uv_size": [0.75, 0.1875]},
								"west": {"uv": [4, 18], "uv_size": [1.3125, 0.1875]},
								"up": {"uv": [4, 10], "uv_size": [0.75, 1.3125]},
								"down": {"uv": [10, 5.3125], "uv_size": [0.75, -1.3125]}
							}
						},
						{
							"origin": [-0.41356, -2.52816, -1.22152],
							"size": [0.75175, 0.17849, 1.30206],
							"uv": {
								"north": {"uv": [19, 17], "uv_size": [0.75, 0.1875]},
								"east": {"uv": [18, 4], "uv_size": [1.3125, 0.1875]},
								"south": {"uv": [18, 19], "uv_size": [0.75, 0.1875]},
								"west": {"uv": [18, 5], "uv_size": [1.3125, 0.1875]},
								"up": {"uv": [5, 10], "uv_size": [0.75, 1.3125]},
								"down": {"uv": [10, 7.3125], "uv_size": [0.75, -1.3125]}
							}
						},
						{
							"origin": [-0.39983, -2.52816, -1.21359],
							"size": [0.75175, 0.17849, 1.30207],
							"pivot": [-0.02395, -3.71978, -0.57842],
							"rotation": [0, -60, 0],
							"uv": {
								"north": {"uv": [19, 18], "uv_size": [0.75, 0.1875]},
								"east": {"uv": [6, 18], "uv_size": [1.3125, 0.1875]},
								"south": {"uv": [19, 19], "uv_size": [0.75, 0.1875]},
								"west": {"uv": [18, 6], "uv_size": [1.3125, 0.1875]},
								"up": {"uv": [10, 8], "uv_size": [0.75, 1.3125]},
								"down": {"uv": [9, 11.3125], "uv_size": [0.75, -1.3125]}
							}
						},
						{
							"origin": [-0.42729, -2.52816, -1.21359],
							"size": [0.75174, 0.17849, 1.30207],
							"pivot": [-0.05143, -3.71978, -0.57842],
							"rotation": [0, 60, 0],
							"uv": {
								"north": {"uv": [0, 20], "uv_size": [0.75, 0.1875]},
								"east": {"uv": [18, 7], "uv_size": [1.3125, 0.1875]},
								"south": {"uv": [20, 0], "uv_size": [0.75, 0.1875]},
								"west": {"uv": [8, 18], "uv_size": [1.3125, 0.1875]},
								"up": {"uv": [10, 10], "uv_size": [0.75, 1.3125]},
								"down": {"uv": [0, 12.3125], "uv_size": [0.75, -1.3125]}
							}
						},
						{
							"origin": [-0.41356, -2.87736, -1.22152],
							"size": [0.75175, 0.17849, 1.30206],
							"uv": {
								"north": {"uv": [1, 20], "uv_size": [0.75, 0.1875]},
								"east": {"uv": [18, 8], "uv_size": [1.3125, 0.1875]},
								"south": {"uv": [20, 1], "uv_size": [0.75, 0.1875]},
								"west": {"uv": [18, 9], "uv_size": [1.3125, 0.1875]},
								"up": {"uv": [11, 0], "uv_size": [0.75, 1.3125]},
								"down": {"uv": [1, 12.3125], "uv_size": [0.75, -1.3125]}
							}
						},
						{
							"origin": [-0.39983, -2.87736, -1.21359],
							"size": [0.75175, 0.17849, 1.30207],
							"pivot": [-0.02395, -4.06898, -0.57842],
							"rotation": [0, -60, 0],
							"uv": {
								"north": {"uv": [2, 20], "uv_size": [0.75, 0.1875]},
								"east": {"uv": [10, 18], "uv_size": [1.3125, 0.1875]},
								"south": {"uv": [20, 2], "uv_size": [0.75, 0.1875]},
								"west": {"uv": [18, 10], "uv_size": [1.3125, 0.1875]},
								"up": {"uv": [2, 11], "uv_size": [0.75, 1.3125]},
								"down": {"uv": [11, 3.3125], "uv_size": [0.75, -1.3125]}
							}
						},
						{
							"origin": [-0.42729, -2.87736, -1.21359],
							"size": [0.75174, 0.17849, 1.30207],
							"pivot": [-0.05143, -4.06898, -0.57842],
							"rotation": [0, 60, 0],
							"uv": {
								"north": {"uv": [3, 20], "uv_size": [0.75, 0.1875]},
								"east": {"uv": [12, 18], "uv_size": [1.3125, 0.1875]},
								"south": {"uv": [20, 3], "uv_size": [0.75, 0.1875]},
								"west": {"uv": [14, 18], "uv_size": [1.3125, 0.1875]},
								"up": {"uv": [3, 11], "uv_size": [0.75, 1.3125]},
								"down": {"uv": [11, 5.3125], "uv_size": [0.75, -1.3125]}
							}
						},
						{
							"origin": [-0.39983, -3.71544, -1.21359],
							"size": [0.75175, 0.66737, 1.30207],
							"pivot": [-0.02395, -4.41818, -0.57842],
							"rotation": [0, -60, 0],
							"uv": {
								"north": {"uv": [14, 13], "uv_size": [0.75, 0.65625]},
								"east": {"uv": [4, 12], "uv_size": [1.3125, 0.65625]},
								"south": {"uv": [14, 14], "uv_size": [0.75, 0.65625]},
								"west": {"uv": [12, 4], "uv_size": [1.3125, 0.65625]},
								"up": {"uv": [6, 11], "uv_size": [0.75, 1.3125]},
								"down": {"uv": [11, 7.3125], "uv_size": [0.75, -1.3125]}
							}
						},
						{
							"origin": [-0.42729, -3.71544, -1.21359],
							"size": [0.75174, 0.66737, 1.30207],
							"pivot": [-0.05143, -4.41818, -0.57842],
							"rotation": [0, 60, 0],
							"uv": {
								"north": {"uv": [0, 15], "uv_size": [0.75, 0.65625]},
								"east": {"uv": [12, 5], "uv_size": [1.3125, 0.65625]},
								"south": {"uv": [1, 15], "uv_size": [0.75, 0.65625]},
								"west": {"uv": [12, 6], "uv_size": [1.3125, 0.65625]},
								"up": {"uv": [7, 11], "uv_size": [0.75, 1.3125]},
								"down": {"uv": [8, 12.3125], "uv_size": [0.75, -1.3125]}
							}
						},
						{
							"origin": [-0.41356, -3.71544, -1.22152],
							"size": [0.75175, 0.66737, 1.30206],
							"uv": {
								"north": {"uv": [15, 2], "uv_size": [0.75, 0.65625]},
								"east": {"uv": [12, 7], "uv_size": [1.3125, 0.65625]},
								"south": {"uv": [15, 3], "uv_size": [0.75, 0.65625]},
								"west": {"uv": [12, 8], "uv_size": [1.3125, 0.65625]},
								"up": {"uv": [11, 8], "uv_size": [0.75, 1.3125]},
								"down": {"uv": [11, 11.3125], "uv_size": [0.75, -1.3125]}
							}
						}
					]
				}
			]
		}
	]
}