{
	"format_version": "1.12.0",
	"minecraft:geometry": [
		{
			"description": {
				"identifier": "geometry.laser_an_peq15",
				"texture_width": 128,
				"texture_height": 128,
				"visible_bounds_width": 2,
				"visible_bounds_height": 1.5,
				"visible_bounds_offset": [0, 0.25, 0]
			},
			"bones": [
				{
					"name": "an_peq_2a",
					"pivot": [0, -10.64, 13.574],
					"cubes": [
						{
							"origin": [-0.4738, -0.33485, -0.94797],
							"size": [1.1845, 0.4738, 1.8952],
							"uv": {
								"north": {"uv": [16, 29], "uv_size": [5, 2]},
								"east": {"uv": [31, 39], "uv_size": [8, 2]},
								"south": {"uv": [47, 7], "uv_size": [5, 2]},
								"west": {"uv": [40, 39], "uv_size": [8, 2]},
								"up": {"uv": [4, 21], "uv_size": [5, 8]},
								"down": {"uv": [10, 29], "uv_size": [5, -8]}
							}
						},
						{
							"origin": [-0.7107, -0.33485, -0.2965],
							"size": [0.2369, 0.4738, 0.59225],
							"uv": {
								"north": {"uv": [4, 83], "uv_size": [1, 2]},
								"east": {"uv": [55, 25], "uv_size": [3, 2]},
								"south": {"uv": [6, 83], "uv_size": [1, 2]},
								"west": {"uv": [55, 32], "uv_size": [3, 2]},
								"up": {"uv": [42, 56], "uv_size": [1, 3]},
								"down": {"uv": [24, 72], "uv_size": [1, -3]}
							}
						},
						{
							"origin": [-0.76993, -0.23585, -0.15562],
							"size": [1.6583, 0.2758, 0.2758],
							"pivot": [-0.65147, -0.09795, -0.01772],
							"rotation": [-45, 0, 0],
							"uv": {
								"north": {"uv": [53, 8], "uv_size": [7, 1]},
								"east": {"uv": [70, 88], "uv_size": [1, 1]},
								"south": {"uv": [34, 53], "uv_size": [7, 1]},
								"west": {"uv": [88, 71], "uv_size": [1, 1]},
								"up": {"uv": [53, 37], "uv_size": [7, 1]},
								"down": {"uv": [53, 40], "uv_size": [7, -1]}
							}
						},
						{
							"origin": [0.76993, 0.13895, 1.42103],
							"size": [0.65148, 0.65147, 1.8952],
							"uv": {
								"north": {"uv": [51, 14], "uv_size": [3, 3]},
								"east": {"uv": [33, 24], "uv_size": [8, 3]},
								"south": {"uv": [51, 21], "uv_size": [3, 3]},
								"west": {"uv": [33, 28], "uv_size": [8, 3]},
								"up": {"uv": [4, 34], "uv_size": [3, 8]},
								"down": {"uv": [8, 42], "uv_size": [3, -8]}
							}
						},
						{
							"origin": [1.01227, 0.13895, 2.36144],
							"size": [0.29612, 0.64911, 0.59225],
							"pivot": [0.20729, 0.46469, 2.36863],
							"rotation": [0, -45, 0],
							"uv": {
								"north": {"uv": [70, 65], "uv_size": [1, 3]},
								"east": {"uv": [51, 25], "uv_size": [3, 3]},
								"south": {"uv": [68, 70], "uv_size": [1, 3]},
								"west": {"uv": [48, 51], "uv_size": [3, 3]},
								"up": {"uv": [70, 69], "uv_size": [1, 3]},
								"down": {"uv": [71, 3], "uv_size": [1, -3]}
							}
						},
						{
							"origin": [-1.00683, 0.13895, 1.42103],
							"size": [0.65148, 0.65147, 1.8952],
							"uv": {
								"north": {"uv": [52, 0], "uv_size": [3, 3]},
								"east": {"uv": [34, 10], "uv_size": [8, 3]},
								"south": {"uv": [16, 52], "uv_size": [3, 3]},
								"west": {"uv": [34, 14], "uv_size": [8, 3]},
								"up": {"uv": [12, 36], "uv_size": [3, 8]},
								"down": {"uv": [16, 44], "uv_size": [3, -8]}
							}
						},
						{
							"origin": [-0.89382, 0.13895, 2.36144],
							"size": [0.29612, 0.64911, 0.59225],
							"pivot": [0.20729, 0.46469, 2.36863],
							"rotation": [0, 45, 0],
							"uv": {
								"north": {"uv": [71, 4], "uv_size": [1, 3]},
								"east": {"uv": [20, 52], "uv_size": [3, 3]},
								"south": {"uv": [71, 16], "uv_size": [1, 3]},
								"west": {"uv": [52, 44], "uv_size": [3, 3]},
								"up": {"uv": [0, 72], "uv_size": [1, 3]},
								"down": {"uv": [2, 75], "uv_size": [1, -3]}
							}
						},
						{
							"origin": [1.01227, 0.13895, 1.78357],
							"size": [0.29612, 0.64911, 0.59225],
							"pivot": [0.20729, 0.46469, 2.36863],
							"rotation": [0, 45, 0],
							"uv": {
								"north": {"uv": [4, 72], "uv_size": [1, 3]},
								"east": {"uv": [52, 48], "uv_size": [3, 3]},
								"south": {"uv": [6, 72], "uv_size": [1, 3]},
								"west": {"uv": [52, 52], "uv_size": [3, 3]},
								"up": {"uv": [8, 72], "uv_size": [1, 3]},
								"down": {"uv": [72, 11], "uv_size": [1, -3]}
							}
						},
						{
							"origin": [-0.89382, 0.13895, 1.78357],
							"size": [0.29612, 0.64911, 0.59225],
							"pivot": [0.20729, 0.46469, 2.36863],
							"rotation": [0, -45, 0],
							"uv": {
								"north": {"uv": [10, 72], "uv_size": [1, 3]},
								"east": {"uv": [53, 4], "uv_size": [3, 3]},
								"south": {"uv": [12, 72], "uv_size": [1, 3]},
								"west": {"uv": [30, 53], "uv_size": [3, 3]},
								"up": {"uv": [72, 12], "uv_size": [1, 3]},
								"down": {"uv": [14, 75], "uv_size": [1, -3]}
							}
						},
						{
							"origin": [-1.00683, 0.13895, -1.18487],
							"size": [2.42823, 0.65147, 2.6059],
							"uv": {
								"north": {"uv": [22, 24], "uv_size": [10, 3]},
								"east": {"uv": [22, 10], "uv_size": [11, 3]},
								"south": {"uv": [22, 28], "uv_size": [10, 3]},
								"west": {"uv": [22, 14], "uv_size": [11, 3]},
								"up": {"uv": [0, 0], "uv_size": [10, 11]},
								"down": {"uv": [11, 11], "uv_size": [10, -11]}
							}
						},
						{
							"origin": [-1.00683, 0.13895, 3.31623],
							"size": [2.42823, 0.65147, 0.9476],
							"uv": {
								"north": {"uv": [4, 30], "uv_size": [10, 3]},
								"east": {"uv": [47, 3], "uv_size": [4, 3]},
								"south": {"uv": [15, 32], "uv_size": [10, 3]},
								"west": {"uv": [12, 47], "uv_size": [4, 3]},
								"up": {"uv": [22, 0], "uv_size": [10, 4]},
								"down": {"uv": [22, 9], "uv_size": [10, -4]}
							}
						},
						{
							"origin": [-0.76992, 0.13895, 1.42103],
							"size": [1.95443, 0.43827, 1.8952],
							"uv": {
								"north": {"uv": [20, 42], "uv_size": [8, 2]},
								"east": {"uv": [42, 24], "uv_size": [8, 2]},
								"south": {"uv": [42, 27], "uv_size": [8, 2]},
								"west": {"uv": [29, 42], "uv_size": [8, 2]},
								"up": {"uv": [0, 12], "uv_size": [8, 8]},
								"down": {"uv": [9, 20], "uv_size": [8, -8]}
							}
						},
						{
							"origin": [-1.59276, -0.14019, -1.18487],
							"size": [0.08292, 0.16751, 1.00683],
							"pivot": [-0.37865, -0.29841, 1.53948],
							"rotation": [0, 0, 45],
							"uv": {
								"north": {"uv": [90, 70], "uv_size": [1, 1]},
								"east": {"uv": [68, 29], "uv_size": [4, 1]},
								"south": {"uv": [72, 90], "uv_size": [1, 1]},
								"west": {"uv": [68, 37], "uv_size": [4, 1]},
								"up": {"uv": [68, 45], "uv_size": [1, 4]},
								"down": {"uv": [68, 54], "uv_size": [1, -4]}
							}
						},
						{
							"origin": [-1.07819, 0.14373, -1.18487],
							"size": [0.08291, 0.16751, 1.00683],
							"pivot": [-1.03674, 0.22749, 1.53948],
							"rotation": [0, 0, -45],
							"uv": {
								"north": {"uv": [90, 72], "uv_size": [1, 1]},
								"east": {"uv": [54, 68], "uv_size": [4, 1]},
								"south": {"uv": [74, 90], "uv_size": [1, 1]},
								"west": {"uv": [68, 63], "uv_size": [4, 1]},
								"up": {"uv": [68, 65], "uv_size": [1, 4]},
								"down": {"uv": [66, 72], "uv_size": [1, -4]}
							}
						},
						{
							"origin": [1.40985, 0.61813, -1.18487],
							"size": [0.08292, 0.16751, 1.71753],
							"pivot": [1.45131, 0.70189, 1.53948],
							"rotation": [0, 0, -45],
							"uv": {
								"north": {"uv": [90, 79], "uv_size": [1, 1]},
								"east": {"uv": [55, 14], "uv_size": [7, 1]},
								"south": {"uv": [84, 90], "uv_size": [1, 1]},
								"west": {"uv": [55, 16], "uv_size": [7, 1]},
								"up": {"uv": [16, 21], "uv_size": [1, 7]},
								"down": {"uv": [42, 55], "uv_size": [1, -7]}
							}
						},
						{
							"origin": [0.89528, -0.61458, -1.18487],
							"size": [0.08291, 0.16751, 1.71753],
							"pivot": [2.1094, -0.77281, 1.53948],
							"rotation": [0, 0, 45],
							"uv": {
								"north": {"uv": [86, 90], "uv_size": [1, 1]},
								"east": {"uv": [55, 21], "uv_size": [7, 1]},
								"south": {"uv": [88, 90], "uv_size": [1, 1]},
								"west": {"uv": [55, 23], "uv_size": [7, 1]},
								"up": {"uv": [24, 52], "uv_size": [1, 7]},
								"down": {"uv": [0, 62], "uv_size": [1, -7]}
							}
						},
						{
							"origin": [1.4214, 0.2574, -1.18487],
							"size": [0.11845, 0.41457, 1.71753],
							"uv": {
								"north": {"uv": [84, 74], "uv_size": [1, 2]},
								"east": {"uv": [43, 14], "uv_size": [7, 2]},
								"south": {"uv": [77, 84], "uv_size": [1, 2]},
								"west": {"uv": [44, 0], "uv_size": [7, 2]},
								"up": {"uv": [2, 55], "uv_size": [1, 7]},
								"down": {"uv": [34, 62], "uv_size": [1, -7]}
							}
						},
						{
							"origin": [-1.07819, 0.14373, 0.53266],
							"size": [0.08291, 0.16751, 3.73118],
							"pivot": [-1.03674, 0.22749, 1.53948],
							"rotation": [0, 0, -45],
							"uv": {
								"north": {"uv": [90, 90], "uv_size": [1, 1]},
								"east": {"uv": [42, 30], "uv_size": [16, 1]},
								"south": {"uv": [0, 91], "uv_size": [1, 1]},
								"west": {"uv": [38, 42], "uv_size": [16, 1]},
								"up": {"uv": [0, 38], "uv_size": [1, 16]},
								"down": {"uv": [2, 54], "uv_size": [1, -16]}
							}
						},
						{
							"origin": [1.4214, 0.2574, 1.24335],
							"size": [0.11845, 0.41457, 3.02048],
							"uv": {
								"north": {"uv": [79, 84], "uv_size": [1, 2]},
								"east": {"uv": [33, 4], "uv_size": [13, 2]},
								"south": {"uv": [84, 80], "uv_size": [1, 2]},
								"west": {"uv": [33, 7], "uv_size": [13, 2]},
								"up": {"uv": [8, 43], "uv_size": [1, 13]},
								"down": {"uv": [10, 56], "uv_size": [1, -13]}
							}
						},
						{
							"origin": [-1.12527, 0.2574, 0.53266],
							"size": [0.59225, 0.41457, 3.73118],
							"uv": {
								"north": {"uv": [57, 18], "uv_size": [3, 2]},
								"east": {"uv": [22, 18], "uv_size": [16, 2]},
								"south": {"uv": [42, 60], "uv_size": [3, 2]},
								"west": {"uv": [22, 21], "uv_size": [16, 2]},
								"up": {"uv": [18, 12], "uv_size": [3, 16]},
								"down": {"uv": [0, 37], "uv_size": [3, -16]}
							}
						},
						{
							"origin": [-1.12527, 0.2574, -1.18487],
							"size": [0.11845, 0.41457, 1.00683],
							"uv": {
								"north": {"uv": [81, 84], "uv_size": [1, 2]},
								"east": {"uv": [50, 32], "uv_size": [4, 2]},
								"south": {"uv": [83, 84], "uv_size": [1, 2]},
								"west": {"uv": [52, 18], "uv_size": [4, 2]},
								"up": {"uv": [69, 0], "uv_size": [1, 4]},
								"down": {"uv": [69, 9], "uv_size": [1, -4]}
							}
						},
						{
							"origin": [-1.59276, -0.14019, 0.53266],
							"size": [0.08292, 0.16751, 3.73118],
							"pivot": [-0.37865, -0.29841, 1.53948],
							"rotation": [0, 0, 45],
							"uv": {
								"north": {"uv": [2, 91], "uv_size": [1, 1]},
								"east": {"uv": [43, 10], "uv_size": [16, 1]},
								"south": {"uv": [4, 91], "uv_size": [1, 1]},
								"west": {"uv": [43, 12], "uv_size": [16, 1]},
								"up": {"uv": [4, 43], "uv_size": [1, 16]},
								"down": {"uv": [6, 59], "uv_size": [1, -16]}
							}
						},
						{
							"origin": [1.40985, 0.61813, 1.24335],
							"size": [0.08292, 0.16751, 3.02048],
							"pivot": [1.45131, 0.70189, 1.53948],
							"rotation": [0, 0, -45],
							"uv": {
								"north": {"uv": [6, 91], "uv_size": [1, 1]},
								"east": {"uv": [38, 44], "uv_size": [13, 1]},
								"south": {"uv": [8, 91], "uv_size": [1, 1]},
								"west": {"uv": [12, 45], "uv_size": [13, 1]},
								"up": {"uv": [26, 45], "uv_size": [1, 13]},
								"down": {"uv": [28, 58], "uv_size": [1, -13]}
							}
						},
						{
							"origin": [0.89528, -0.61458, 1.24335],
							"size": [0.08291, 0.16751, 3.02048],
							"pivot": [2.1094, -0.77281, 1.53948],
							"rotation": [0, 0, 45],
							"uv": {
								"north": {"uv": [10, 91], "uv_size": [1, 1]},
								"east": {"uv": [30, 46], "uv_size": [13, 1]},
								"south": {"uv": [91, 10], "uv_size": [1, 1]},
								"west": {"uv": [46, 35], "uv_size": [13, 1]},
								"up": {"uv": [44, 46], "uv_size": [1, 13]},
								"down": {"uv": [46, 59], "uv_size": [1, -13]}
							}
						}
					]
				},
				{
					"name": "bone2",
					"parent": "an_peq_2a",
					"pivot": [0.11845, 0.2574, 0.82878],
					"cubes": [
						{
							"origin": [-0.79906, 0.56184, -0.03803],
							"size": [0.23595, 0.55192, 0.40868],
							"uv": {
								"north": {"uv": [14, 78], "uv_size": [1, 2]},
								"east": {"uv": [42, 63], "uv_size": [2, 2]},
								"south": {"uv": [78, 20], "uv_size": [1, 2]},
								"west": {"uv": [45, 63], "uv_size": [2, 2]},
								"up": {"uv": [78, 28], "uv_size": [1, 2]},
								"down": {"uv": [78, 33], "uv_size": [1, -2]}
							}
						},
						{
							"origin": [-0.71103, 0.68312, 0.35813],
							"size": [0.1175, 0.27948, 0.4738],
							"pivot": [-0.65228, 0.82286, 0.59503],
							"rotation": [-30.21362, -6.49053, 3.76613],
							"uv": {
								"north": {"uv": [61, 8], "uv_size": [1, 1]},
								"east": {"uv": [12, 34], "uv_size": [2, 1]},
								"south": {"uv": [66, 34], "uv_size": [1, 1]},
								"west": {"uv": [46, 37], "uv_size": [2, 1]},
								"up": {"uv": [78, 38], "uv_size": [1, 2]},
								"down": {"uv": [42, 80], "uv_size": [1, -2]}
							}
						},
						{
							"origin": [-0.76865, 0.68312, 0.35813],
							"size": [0.1175, 0.27948, 0.4738],
							"pivot": [-0.70989, 0.82286, 0.59503],
							"rotation": [-30.21362, 6.49053, -3.76613],
							"uv": {
								"north": {"uv": [69, 16], "uv_size": [1, 1]},
								"east": {"uv": [69, 61], "uv_size": [2, 1]},
								"south": {"uv": [71, 35], "uv_size": [1, 1]},
								"west": {"uv": [70, 27], "uv_size": [2, 1]},
								"up": {"uv": [44, 78], "uv_size": [1, 2]},
								"down": {"uv": [46, 80], "uv_size": [1, -2]}
							}
						},
						{
							"origin": [-0.79906, 0.70641, 0.26151],
							"size": [0.23595, 0.27948, 0.11256],
							"pivot": [-0.68109, 0.84616, 0.55469],
							"rotation": [-30, 0, 0],
							"uv": {
								"north": {"uv": [71, 86], "uv_size": [1, 1]},
								"east": {"uv": [86, 72], "uv_size": [1, 1]},
								"south": {"uv": [73, 86], "uv_size": [1, 1]},
								"west": {"uv": [86, 74], "uv_size": [1, 1]},
								"up": {"uv": [75, 86], "uv_size": [1, 1]},
								"down": {"uv": [86, 81], "uv_size": [1, -1]}
							}
						},
						{
							"origin": [-0.79906, 0.75399, -0.33766],
							"size": [0.23595, 0.27948, 0.11256],
							"pivot": [-0.68109, 0.89373, -0.13964],
							"rotation": [150, 0, -180],
							"uv": {
								"north": {"uv": [85, 86], "uv_size": [1, 1]},
								"east": {"uv": [8, 87], "uv_size": [1, 1]},
								"south": {"uv": [10, 87], "uv_size": [1, 1]},
								"west": {"uv": [87, 11], "uv_size": [1, 1]},
								"up": {"uv": [12, 87], "uv_size": [1, 1]},
								"down": {"uv": [87, 14], "uv_size": [1, -1]}
							}
						},
						{
							"origin": [-0.69278, 0.75399, -0.23977],
							"size": [0.1175, 0.27948, 0.4738],
							"pivot": [-0.68109, 0.89373, -0.13964],
							"rotation": [149.78638, 6.49053, 176.23387],
							"uv": {
								"north": {"uv": [87, 15], "uv_size": [1, 1]},
								"east": {"uv": [77, 62], "uv_size": [2, 1]},
								"south": {"uv": [19, 87], "uv_size": [1, 1]},
								"west": {"uv": [48, 78], "uv_size": [2, 1]},
								"up": {"uv": [51, 78], "uv_size": [1, 2]},
								"down": {"uv": [78, 61], "uv_size": [1, -2]}
							}
						},
						{
							"origin": [-0.7869, 0.75399, -0.23977],
							"size": [0.1175, 0.27948, 0.4738],
							"pivot": [-0.68109, 0.89373, -0.13964],
							"rotation": [149.78638, -6.49053, -176.23387],
							"uv": {
								"north": {"uv": [21, 87], "uv_size": [1, 1]},
								"east": {"uv": [78, 55], "uv_size": [2, 1]},
								"south": {"uv": [23, 87], "uv_size": [1, 1]},
								"west": {"uv": [78, 64], "uv_size": [2, 1]},
								"up": {"uv": [78, 66], "uv_size": [1, 2]},
								"down": {"uv": [68, 80], "uv_size": [1, -2]}
							}
						}
					]
				},
				{
					"name": "bone3",
					"parent": "bone2",
					"pivot": [-0.68109, 0.79043, 0.16632],
					"rotation": [0, -30, 0],
					"cubes": [
						{
							"origin": [-0.8158, 0.56184, -0.02836],
							"size": [0.23595, 0.45716, 0.40868],
							"pivot": [-0.69782, 0.71669, 0.15665],
							"rotation": [0, 60, 0],
							"uv": {
								"north": {"uv": [46, 60], "uv_size": [1, 2]},
								"east": {"uv": [62, 54], "uv_size": [2, 2]},
								"south": {"uv": [76, 59], "uv_size": [1, 2]},
								"west": {"uv": [63, 15], "uv_size": [2, 2]},
								"up": {"uv": [54, 77], "uv_size": [1, 2]},
								"down": {"uv": [56, 79], "uv_size": [1, -2]}
							}
						},
						{
							"origin": [-0.79906, 0.56184, -0.03803],
							"size": [0.23595, 0.45716, 0.40868],
							"uv": {
								"north": {"uv": [58, 77], "uv_size": [1, 2]},
								"east": {"uv": [33, 63], "uv_size": [2, 2]},
								"south": {"uv": [66, 77], "uv_size": [1, 2]},
								"west": {"uv": [63, 33], "uv_size": [2, 2]},
								"up": {"uv": [70, 77], "uv_size": [1, 2]},
								"down": {"uv": [72, 79], "uv_size": [1, -2]}
							}
						},
						{
							"origin": [-0.78233, 0.56184, -0.02836],
							"size": [0.23595, 0.45716, 0.40868],
							"pivot": [-0.66435, 0.71669, 0.15665],
							"rotation": [0, -60, 0],
							"uv": {
								"north": {"uv": [8, 78], "uv_size": [1, 2]},
								"east": {"uv": [36, 63], "uv_size": [2, 2]},
								"south": {"uv": [10, 78], "uv_size": [1, 2]},
								"west": {"uv": [39, 63], "uv_size": [2, 2]},
								"up": {"uv": [12, 78], "uv_size": [1, 2]},
								"down": {"uv": [78, 14], "uv_size": [1, -2]}
							}
						}
					]
				},
				{
					"name": "bone4",
					"parent": "an_peq_2a",
					"pivot": [-1.21411, 0.45092, 0.16632],
					"rotation": [0, 0, -90],
					"cubes": [
						{
							"origin": [-1.33209, 0.14727, -0.03803],
							"size": [0.23595, 0.55192, 0.40868],
							"uv": {
								"north": {"uv": [0, 80], "uv_size": [1, 2]},
								"east": {"uv": [15, 64], "uv_size": [2, 2]},
								"south": {"uv": [2, 80], "uv_size": [1, 2]},
								"west": {"uv": [18, 64], "uv_size": [2, 2]},
								"up": {"uv": [4, 80], "uv_size": [1, 2]},
								"down": {"uv": [6, 82], "uv_size": [1, -2]}
							}
						},
						{
							"origin": [-1.24406, 0.03165, 0.35813],
							"size": [0.1175, 0.51638, 0.4738],
							"pivot": [-1.18531, 0.40829, 0.59503],
							"rotation": [-30.21362, -6.49053, 3.76613],
							"uv": {
								"north": {"uv": [80, 6], "uv_size": [1, 2]},
								"east": {"uv": [21, 64], "uv_size": [2, 2]},
								"south": {"uv": [80, 9], "uv_size": [1, 2]},
								"west": {"uv": [29, 64], "uv_size": [2, 2]},
								"up": {"uv": [80, 12], "uv_size": [1, 2]},
								"down": {"uv": [16, 82], "uv_size": [1, -2]}
							}
						},
						{
							"origin": [-1.30167, 0.03165, 0.35813],
							"size": [0.1175, 0.51638, 0.4738],
							"pivot": [-1.24292, 0.40829, 0.59503],
							"rotation": [-30.21362, 6.49053, -3.76613],
							"uv": {
								"north": {"uv": [18, 80], "uv_size": [1, 2]},
								"east": {"uv": [51, 64], "uv_size": [2, 2]},
								"south": {"uv": [80, 18], "uv_size": [1, 2]},
								"west": {"uv": [60, 64], "uv_size": [2, 2]},
								"up": {"uv": [20, 80], "uv_size": [1, 2]},
								"down": {"uv": [22, 82], "uv_size": [1, -2]}
							}
						},
						{
							"origin": [-1.33209, 0.29184, 0.26151],
							"size": [0.23595, 0.27948, 0.11256],
							"pivot": [-1.21411, 0.43158, 0.55469],
							"rotation": [-30, 0, 0],
							"uv": {
								"north": {"uv": [87, 32], "uv_size": [1, 1]},
								"east": {"uv": [87, 40], "uv_size": [1, 1]},
								"south": {"uv": [41, 87], "uv_size": [1, 1]},
								"west": {"uv": [43, 87], "uv_size": [1, 1]},
								"up": {"uv": [45, 87], "uv_size": [1, 1]},
								"down": {"uv": [87, 46], "uv_size": [1, -1]}
							}
						},
						{
							"origin": [-1.33209, 0.33942, -0.33766],
							"size": [0.23595, 0.27948, 0.11256],
							"pivot": [-1.21411, 0.47916, -0.13964],
							"rotation": [150, 0, -180],
							"uv": {
								"north": {"uv": [50, 87], "uv_size": [1, 1]},
								"east": {"uv": [87, 51], "uv_size": [1, 1]},
								"south": {"uv": [87, 53], "uv_size": [1, 1]},
								"west": {"uv": [66, 87], "uv_size": [1, 1]},
								"up": {"uv": [87, 76], "uv_size": [1, 1]},
								"down": {"uv": [77, 88], "uv_size": [1, -1]}
							}
						},
						{
							"origin": [-1.2258, 0.10252, -0.23977],
							"size": [0.1175, 0.51638, 0.4738],
							"pivot": [-1.21411, 0.47916, -0.13964],
							"rotation": [149.78638, 6.49053, 176.23387],
							"uv": {
								"north": {"uv": [26, 80], "uv_size": [1, 2]},
								"east": {"uv": [64, 60], "uv_size": [2, 2]},
								"south": {"uv": [80, 26], "uv_size": [1, 2]},
								"west": {"uv": [63, 64], "uv_size": [2, 2]},
								"up": {"uv": [28, 80], "uv_size": [1, 2]},
								"down": {"uv": [80, 31], "uv_size": [1, -2]}
							}
						},
						{
							"origin": [-1.31992, 0.10252, -0.23977],
							"size": [0.1175, 0.51638, 0.4738],
							"pivot": [-1.21411, 0.47916, -0.13964],
							"rotation": [149.78638, -6.49053, -176.23387],
							"uv": {
								"north": {"uv": [30, 80], "uv_size": [1, 2]},
								"east": {"uv": [65, 18], "uv_size": [2, 2]},
								"south": {"uv": [32, 80], "uv_size": [1, 2]},
								"west": {"uv": [65, 25], "uv_size": [2, 2]},
								"up": {"uv": [34, 80], "uv_size": [1, 2]},
								"down": {"uv": [36, 82], "uv_size": [1, -2]}
							}
						}
					]
				},
				{
					"name": "bone5",
					"parent": "bone4",
					"pivot": [-1.21411, 0.37585, 0.16632],
					"rotation": [0, -30, 0],
					"cubes": [
						{
							"origin": [-1.34882, 0.14727, -0.02836],
							"size": [0.23595, 0.45716, 0.40868],
							"pivot": [-1.23085, 0.30211, 0.15665],
							"rotation": [0, 60, 0],
							"uv": {
								"north": {"uv": [78, 69], "uv_size": [1, 2]},
								"east": {"uv": [48, 63], "uv_size": [2, 2]},
								"south": {"uv": [78, 72], "uv_size": [1, 2]},
								"west": {"uv": [63, 57], "uv_size": [2, 2]},
								"up": {"uv": [78, 75], "uv_size": [1, 2]},
								"down": {"uv": [78, 80], "uv_size": [1, -2]}
							}
						},
						{
							"origin": [-1.33209, 0.14727, -0.03803],
							"size": [0.23595, 0.45716, 0.40868],
							"uv": {
								"north": {"uv": [79, 0], "uv_size": [1, 2]},
								"east": {"uv": [3, 64], "uv_size": [2, 2]},
								"south": {"uv": [79, 3], "uv_size": [1, 2]},
								"west": {"uv": [6, 64], "uv_size": [2, 2]},
								"up": {"uv": [79, 15], "uv_size": [1, 2]},
								"down": {"uv": [79, 25], "uv_size": [1, -2]}
							}
						},
						{
							"origin": [-1.31535, 0.14727, -0.02836],
							"size": [0.23595, 0.45716, 0.40868],
							"pivot": [-1.19738, 0.30211, 0.15665],
							"rotation": [0, -60, 0],
							"uv": {
								"north": {"uv": [79, 34], "uv_size": [1, 2]},
								"east": {"uv": [9, 64], "uv_size": [2, 2]},
								"south": {"uv": [79, 41], "uv_size": [1, 2]},
								"west": {"uv": [12, 64], "uv_size": [2, 2]},
								"up": {"uv": [79, 44], "uv_size": [1, 2]},
								"down": {"uv": [79, 49], "uv_size": [1, -2]}
							}
						}
					]
				},
				{
					"name": "bone6",
					"parent": "an_peq_2a",
					"pivot": [1.15489, 0.8655, 0.87702],
					"cubes": [
						{
							"origin": [1.03691, 0.56184, 0.67267],
							"size": [0.23595, 0.55192, 0.40868],
							"uv": {
								"north": {"uv": [63, 80], "uv_size": [1, 2]},
								"east": {"uv": [57, 65], "uv_size": [2, 2]},
								"south": {"uv": [65, 80], "uv_size": [1, 2]},
								"west": {"uv": [66, 0], "uv_size": [2, 2]},
								"up": {"uv": [80, 66], "uv_size": [1, 2]},
								"down": {"uv": [80, 71], "uv_size": [1, -2]}
							}
						},
						{
							"origin": [1.12494, 0.68312, 1.06883],
							"size": [0.1175, 0.27948, 0.4738],
							"pivot": [1.18369, 0.82286, 1.30573],
							"rotation": [-30.21362, -6.49053, 3.76613],
							"uv": {
								"north": {"uv": [87, 78], "uv_size": [1, 1]},
								"east": {"uv": [80, 21], "uv_size": [2, 1]},
								"south": {"uv": [79, 87], "uv_size": [1, 1]},
								"west": {"uv": [80, 32], "uv_size": [2, 1]},
								"up": {"uv": [70, 80], "uv_size": [1, 2]},
								"down": {"uv": [72, 82], "uv_size": [1, -2]}
							}
						},
						{
							"origin": [1.06733, 0.68312, 1.06883],
							"size": [0.1175, 0.27948, 0.4738],
							"pivot": [1.12608, 0.82286, 1.30573],
							"rotation": [-30.21362, 6.49053, -3.76613],
							"uv": {
								"north": {"uv": [81, 87], "uv_size": [1, 1]},
								"east": {"uv": [80, 53], "uv_size": [2, 1]},
								"south": {"uv": [87, 82], "uv_size": [1, 1]},
								"west": {"uv": [80, 72], "uv_size": [2, 1]},
								"up": {"uv": [74, 80], "uv_size": [1, 2]},
								"down": {"uv": [80, 76], "uv_size": [1, -2]}
							}
						},
						{
							"origin": [1.03691, 0.70641, 0.97221],
							"size": [0.23595, 0.27948, 0.11256],
							"pivot": [1.15489, 0.84616, 1.26539],
							"rotation": [-30, 0, 0],
							"uv": {
								"north": {"uv": [83, 87], "uv_size": [1, 1]},
								"east": {"uv": [87, 84], "uv_size": [1, 1]},
								"south": {"uv": [87, 86], "uv_size": [1, 1]},
								"west": {"uv": [88, 0], "uv_size": [1, 1]},
								"up": {"uv": [88, 2], "uv_size": [1, 1]},
								"down": {"uv": [88, 5], "uv_size": [1, -1]}
							}
						},
						{
							"origin": [1.03691, 0.75399, 0.37304],
							"size": [0.23595, 0.27948, 0.11256],
							"pivot": [1.15489, 0.89373, 0.57106],
							"rotation": [150, 0, -180],
							"uv": {
								"north": {"uv": [88, 6], "uv_size": [1, 1]},
								"east": {"uv": [88, 8], "uv_size": [1, 1]},
								"south": {"uv": [17, 88], "uv_size": [1, 1]},
								"west": {"uv": [88, 17], "uv_size": [1, 1]},
								"up": {"uv": [88, 19], "uv_size": [1, 1]},
								"down": {"uv": [88, 22], "uv_size": [1, -1]}
							}
						},
						{
							"origin": [1.1432, 0.75399, 0.47093],
							"size": [0.1175, 0.27948, 0.4738],
							"pivot": [1.15489, 0.89373, 0.57106],
							"rotation": [149.78638, 6.49053, 176.23387],
							"uv": {
								"north": {"uv": [88, 23], "uv_size": [1, 1]},
								"east": {"uv": [80, 77], "uv_size": [2, 1]},
								"south": {"uv": [88, 25], "uv_size": [1, 1]},
								"west": {"uv": [80, 79], "uv_size": [2, 1]},
								"up": {"uv": [76, 80], "uv_size": [1, 2]},
								"down": {"uv": [81, 2], "uv_size": [1, -2]}
							}
						},
						{
							"origin": [1.04908, 0.75399, 0.47093],
							"size": [0.1175, 0.27948, 0.4738],
							"pivot": [1.15489, 0.89373, 0.57106],
							"rotation": [149.78638, -6.49053, -176.23387],
							"uv": {
								"north": {"uv": [88, 27], "uv_size": [1, 1]},
								"east": {"uv": [81, 3], "uv_size": [2, 1]},
								"south": {"uv": [88, 34], "uv_size": [1, 1]},
								"west": {"uv": [8, 81], "uv_size": [2, 1]},
								"up": {"uv": [11, 81], "uv_size": [1, 2]},
								"down": {"uv": [13, 83], "uv_size": [1, -2]}
							}
						}
					]
				},
				{
					"name": "bone7",
					"parent": "bone6",
					"pivot": [1.15489, 0.79043, 0.87702],
					"rotation": [0, -30, 0],
					"cubes": [
						{
							"origin": [1.02018, 0.56184, 0.68234],
							"size": [0.23595, 0.45716, 0.40868],
							"pivot": [1.13815, 0.71669, 0.86735],
							"rotation": [0, 60, 0],
							"uv": {
								"north": {"uv": [80, 37], "uv_size": [1, 2]},
								"east": {"uv": [65, 28], "uv_size": [2, 2]},
								"south": {"uv": [38, 80], "uv_size": [1, 2]},
								"west": {"uv": [65, 36], "uv_size": [2, 2]},
								"up": {"uv": [40, 80], "uv_size": [1, 2]},
								"down": {"uv": [48, 82], "uv_size": [1, -2]}
							}
						},
						{
							"origin": [1.03691, 0.56184, 0.67267],
							"size": [0.23595, 0.45716, 0.40868],
							"uv": {
								"north": {"uv": [80, 50], "uv_size": [1, 2]},
								"east": {"uv": [65, 46], "uv_size": [2, 2]},
								"south": {"uv": [53, 80], "uv_size": [1, 2]},
								"west": {"uv": [65, 49], "uv_size": [2, 2]},
								"up": {"uv": [55, 80], "uv_size": [1, 2]},
								"down": {"uv": [57, 82], "uv_size": [1, -2]}
							}
						},
						{
							"origin": [1.05365, 0.56184, 0.68234],
							"size": [0.23595, 0.45716, 0.40868],
							"pivot": [1.17162, 0.71669, 0.86735],
							"rotation": [0, -60, 0],
							"uv": {
								"north": {"uv": [80, 57], "uv_size": [1, 2]},
								"east": {"uv": [65, 52], "uv_size": [2, 2]},
								"south": {"uv": [59, 80], "uv_size": [1, 2]},
								"west": {"uv": [54, 65], "uv_size": [2, 2]},
								"up": {"uv": [80, 60], "uv_size": [1, 2]},
								"down": {"uv": [61, 82], "uv_size": [1, -2]}
							}
						}
					]
				},
				{
					"name": "bone8",
					"parent": "an_peq_2a",
					"pivot": [1.62869, 0.47461, 0.87702],
					"rotation": [0, 0, 90],
					"cubes": [
						{
							"origin": [1.51071, 0.17096, 0.67267],
							"size": [0.23595, 0.55192, 0.40868],
							"uv": {
								"north": {"uv": [67, 81], "uv_size": [1, 2]},
								"east": {"uv": [66, 31], "uv_size": [2, 2]},
								"south": {"uv": [78, 81], "uv_size": [1, 2]},
								"west": {"uv": [32, 66], "uv_size": [2, 2]},
								"up": {"uv": [80, 81], "uv_size": [1, 2]},
								"down": {"uv": [82, 7], "uv_size": [1, -2]}
							}
						},
						{
							"origin": [1.59874, 0.05534, 1.06883],
							"size": [0.1175, 0.51638, 0.4738],
							"pivot": [1.65749, 0.43198, 1.30573],
							"rotation": [-30.21362, -6.49053, 3.76613],
							"uv": {
								"north": {"uv": [82, 8], "uv_size": [1, 2]},
								"east": {"uv": [35, 66], "uv_size": [2, 2]},
								"south": {"uv": [82, 11], "uv_size": [1, 2]},
								"west": {"uv": [38, 66], "uv_size": [2, 2]},
								"up": {"uv": [82, 18], "uv_size": [1, 2]},
								"down": {"uv": [82, 28], "uv_size": [1, -2]}
							}
						},
						{
							"origin": [1.54113, 0.05534, 1.06883],
							"size": [0.1175, 0.51638, 0.4738],
							"pivot": [1.59988, 0.43198, 1.30573],
							"rotation": [-30.21362, 6.49053, -3.76613],
							"uv": {
								"north": {"uv": [82, 29], "uv_size": [1, 2]},
								"east": {"uv": [66, 39], "uv_size": [2, 2]},
								"south": {"uv": [82, 37], "uv_size": [1, 2]},
								"west": {"uv": [41, 66], "uv_size": [2, 2]},
								"up": {"uv": [82, 49], "uv_size": [1, 2]},
								"down": {"uv": [82, 57], "uv_size": [1, -2]}
							}
						},
						{
							"origin": [1.51071, 0.31553, 0.97221],
							"size": [0.23595, 0.27948, 0.11256],
							"pivot": [1.62869, 0.45527, 1.26539],
							"rotation": [-30, 0, 0],
							"uv": {
								"north": {"uv": [88, 36], "uv_size": [1, 1]},
								"east": {"uv": [88, 42], "uv_size": [1, 1]},
								"south": {"uv": [88, 47], "uv_size": [1, 1]},
								"west": {"uv": [88, 49], "uv_size": [1, 1]},
								"up": {"uv": [88, 55], "uv_size": [1, 1]},
								"down": {"uv": [58, 89], "uv_size": [1, -1]}
							}
						},
						{
							"origin": [1.51071, 0.36311, 0.37304],
							"size": [0.23595, 0.27948, 0.11256],
							"pivot": [1.62869, 0.50285, 0.57106],
							"rotation": [150, 0, -180],
							"uv": {
								"north": {"uv": [60, 88], "uv_size": [1, 1]},
								"east": {"uv": [88, 60], "uv_size": [1, 1]},
								"south": {"uv": [62, 88], "uv_size": [1, 1]},
								"west": {"uv": [88, 62], "uv_size": [1, 1]},
								"up": {"uv": [68, 88], "uv_size": [1, 1]},
								"down": {"uv": [88, 70], "uv_size": [1, -1]}
							}
						},
						{
							"origin": [1.617, 0.12621, 0.47093],
							"size": [0.1175, 0.51638, 0.4738],
							"pivot": [1.62869, 0.50285, 0.57106],
							"rotation": [149.78638, 6.49053, 176.23387],
							"uv": {
								"north": {"uv": [82, 58], "uv_size": [1, 2]},
								"east": {"uv": [66, 42], "uv_size": [2, 2]},
								"south": {"uv": [82, 66], "uv_size": [1, 2]},
								"west": {"uv": [44, 66], "uv_size": [2, 2]},
								"up": {"uv": [82, 69], "uv_size": [1, 2]},
								"down": {"uv": [82, 76], "uv_size": [1, -2]}
							}
						},
						{
							"origin": [1.52288, 0.12621, 0.47093],
							"size": [0.1175, 0.51638, 0.4738],
							"pivot": [1.62869, 0.50285, 0.57106],
							"rotation": [149.78638, -6.49053, -176.23387],
							"uv": {
								"north": {"uv": [82, 81], "uv_size": [1, 2]},
								"east": {"uv": [47, 66], "uv_size": [2, 2]},
								"south": {"uv": [0, 83], "uv_size": [1, 2]},
								"west": {"uv": [66, 55], "uv_size": [2, 2]},
								"up": {"uv": [83, 0], "uv_size": [1, 2]},
								"down": {"uv": [2, 85], "uv_size": [1, -2]}
							}
						}
					]
				},
				{
					"name": "bone9",
					"parent": "bone8",
					"pivot": [1.62869, 0.39954, 0.87702],
					"rotation": [0, -30, 0],
					"cubes": [
						{
							"origin": [1.49398, 0.17096, 0.68234],
							"size": [0.23595, 0.45716, 0.40868],
							"pivot": [1.61195, 0.3258, 0.86735],
							"rotation": [0, 60, 0],
							"uv": {
								"north": {"uv": [81, 15], "uv_size": [1, 2]},
								"east": {"uv": [66, 3], "uv_size": [2, 2]},
								"south": {"uv": [81, 23], "uv_size": [1, 2]},
								"west": {"uv": [66, 6], "uv_size": [2, 2]},
								"up": {"uv": [24, 81], "uv_size": [1, 2]},
								"down": {"uv": [81, 36], "uv_size": [1, -2]}
							}
						},
						{
							"origin": [1.51071, 0.17096, 0.67267],
							"size": [0.23595, 0.45716, 0.40868],
							"uv": {
								"north": {"uv": [81, 40], "uv_size": [1, 2]},
								"east": {"uv": [66, 9], "uv_size": [2, 2]},
								"south": {"uv": [42, 81], "uv_size": [1, 2]},
								"west": {"uv": [66, 12], "uv_size": [2, 2]},
								"up": {"uv": [81, 43], "uv_size": [1, 2]},
								"down": {"uv": [44, 83], "uv_size": [1, -2]}
							}
						},
						{
							"origin": [1.52745, 0.17096, 0.68234],
							"size": [0.23595, 0.45716, 0.40868],
							"pivot": [1.64542, 0.3258, 0.86735],
							"rotation": [0, -60, 0],
							"uv": {
								"north": {"uv": [46, 81], "uv_size": [1, 2]},
								"east": {"uv": [66, 15], "uv_size": [2, 2]},
								"south": {"uv": [81, 46], "uv_size": [1, 2]},
								"west": {"uv": [66, 21], "uv_size": [2, 2]},
								"up": {"uv": [50, 81], "uv_size": [1, 2]},
								"down": {"uv": [81, 65], "uv_size": [1, -2]}
							}
						}
					]
				},
				{
					"name": "bone10",
					"parent": "an_peq_2a",
					"pivot": [1.16619, 0.46655, -1.10904],
					"cubes": [
						{
							"origin": [0.99268, 0.04767, -1.49131],
							"size": [0.34702, 0.83777, 0.76454],
							"uv": {
								"north": {"uv": [24, 64], "uv_size": [1, 4]},
								"east": {"uv": [17, 47], "uv_size": [3, 4]},
								"south": {"uv": [66, 63], "uv_size": [1, 4]},
								"west": {"uv": [21, 47], "uv_size": [3, 4]},
								"up": {"uv": [16, 72], "uv_size": [1, 3]},
								"down": {"uv": [18, 75], "uv_size": [1, -3]}
							}
						},
						{
							"origin": [0.96755, 0.05808, -1.49131],
							"size": [0.34702, 0.83777, 0.76454],
							"pivot": [1.14106, 0.44142, -1.13865],
							"rotation": [0, 0, 45],
							"uv": {
								"north": {"uv": [0, 67], "uv_size": [1, 4]},
								"east": {"uv": [30, 48], "uv_size": [3, 4]},
								"south": {"uv": [2, 67], "uv_size": [1, 4]},
								"west": {"uv": [34, 48], "uv_size": [3, 4]},
								"up": {"uv": [20, 72], "uv_size": [1, 3]},
								"down": {"uv": [72, 23], "uv_size": [1, -3]}
							}
						},
						{
							"origin": [1.01781, 0.05808, -1.49131],
							"size": [0.34702, 0.83777, 0.76454],
							"pivot": [1.19132, 0.44142, -1.13865],
							"rotation": [0, 0, -45],
							"uv": {
								"north": {"uv": [4, 67], "uv_size": [1, 4]},
								"east": {"uv": [38, 48], "uv_size": [3, 4]},
								"south": {"uv": [6, 67], "uv_size": [1, 4]},
								"west": {"uv": [48, 46], "uv_size": [3, 4]},
								"up": {"uv": [22, 72], "uv_size": [1, 3]},
								"down": {"uv": [26, 75], "uv_size": [1, -3]}
							}
						},
						{
							"origin": [0.95714, 0.08321, -1.49131],
							"size": [0.34702, 0.83777, 0.76454],
							"pivot": [1.13065, 0.46655, -1.13865],
							"rotation": [0, 0, 90],
							"uv": {
								"north": {"uv": [8, 67], "uv_size": [1, 4]},
								"east": {"uv": [49, 37], "uv_size": [3, 4]},
								"south": {"uv": [10, 67], "uv_size": [1, 4]},
								"west": {"uv": [12, 51], "uv_size": [3, 4]},
								"up": {"uv": [28, 72], "uv_size": [1, 3]},
								"down": {"uv": [30, 75], "uv_size": [1, -3]}
							}
						}
					]
				},
				{
					"name": "bone11",
					"parent": "an_peq_2a",
					"pivot": [1.69921, 0.46655, -0.93136],
					"rotation": [0, -90, 0],
					"cubes": [
						{
							"origin": [1.5257, 0.04767, -0.96064],
							"size": [0.34702, 0.83777, 0.11307],
							"uv": {
								"north": {"uv": [12, 67], "uv_size": [1, 4]},
								"east": {"uv": [14, 67], "uv_size": [1, 4]},
								"south": {"uv": [16, 67], "uv_size": [1, 4]},
								"west": {"uv": [18, 67], "uv_size": [1, 4]},
								"up": {"uv": [72, 88], "uv_size": [1, 1]},
								"down": {"uv": [88, 74], "uv_size": [1, -1]}
							}
						},
						{
							"origin": [1.58493, -0.01155, -0.90444],
							"size": [0.22857, 0.12707, 0.58687],
							"uv": {
								"north": {"uv": [74, 88], "uv_size": [1, 1]},
								"east": {"uv": [82, 61], "uv_size": [2, 1]},
								"south": {"uv": [88, 80], "uv_size": [1, 1]},
								"west": {"uv": [8, 83], "uv_size": [2, 1]},
								"up": {"uv": [83, 14], "uv_size": [1, 2]},
								"down": {"uv": [15, 85], "uv_size": [1, -2]}
							}
						},
						{
							"origin": [1.58493, 0.8176, -0.90444],
							"size": [0.22857, 0.12707, 0.58687],
							"uv": {
								"north": {"uv": [85, 88], "uv_size": [1, 1]},
								"east": {"uv": [17, 83], "uv_size": [2, 1]},
								"south": {"uv": [87, 88], "uv_size": [1, 1]},
								"west": {"uv": [20, 83], "uv_size": [2, 1]},
								"up": {"uv": [83, 21], "uv_size": [1, 2]},
								"down": {"uv": [26, 85], "uv_size": [1, -2]}
							}
						},
						{
							"origin": [1.50057, 0.05808, -0.95828],
							"size": [0.34702, 0.83777, 0.11307],
							"pivot": [1.67408, 0.44142, -0.66485],
							"rotation": [0, 0, 45],
							"uv": {
								"north": {"uv": [20, 67], "uv_size": [1, 4]},
								"east": {"uv": [22, 67], "uv_size": [1, 4]},
								"south": {"uv": [26, 67], "uv_size": [1, 4]},
								"west": {"uv": [28, 67], "uv_size": [1, 4]},
								"up": {"uv": [0, 89], "uv_size": [1, 1]},
								"down": {"uv": [2, 90], "uv_size": [1, -1]}
							}
						},
						{
							"origin": [1.55084, 0.05808, -0.95828],
							"size": [0.34702, 0.83777, 0.11307],
							"pivot": [1.72434, 0.44142, -0.66485],
							"rotation": [0, 0, -45],
							"uv": {
								"north": {"uv": [30, 67], "uv_size": [1, 4]},
								"east": {"uv": [50, 67], "uv_size": [1, 4]},
								"south": {"uv": [52, 67], "uv_size": [1, 4]},
								"west": {"uv": [67, 58], "uv_size": [1, 4]},
								"up": {"uv": [4, 89], "uv_size": [1, 1]},
								"down": {"uv": [6, 90], "uv_size": [1, -1]}
							}
						},
						{
							"origin": [1.49016, 0.08321, -0.96301],
							"size": [0.34702, 0.83777, 0.11307],
							"pivot": [1.66367, 0.46655, -0.66485],
							"rotation": [0, 0, 90],
							"uv": {
								"north": {"uv": [60, 67], "uv_size": [1, 4]},
								"east": {"uv": [62, 67], "uv_size": [1, 4]},
								"south": {"uv": [64, 67], "uv_size": [1, 4]},
								"west": {"uv": [68, 24], "uv_size": [1, 4]},
								"up": {"uv": [8, 89], "uv_size": [1, 1]},
								"down": {"uv": [10, 90], "uv_size": [1, -1]}
							}
						}
					]
				},
				{
					"name": "bone12",
					"parent": "an_peq_2a",
					"pivot": [1.16619, 0.46655, -1.10904],
					"rotation": [-17.5, 0, 0],
					"cubes": [
						{
							"origin": [0.99268, 0.38014, -0.87042],
							"size": [0.34702, 0.60087, 0.40919],
							"uv": {
								"north": {"uv": [72, 31], "uv_size": [1, 3]},
								"east": {"uv": [36, 55], "uv_size": [2, 3]},
								"south": {"uv": [32, 72], "uv_size": [1, 3]},
								"west": {"uv": [39, 55], "uv_size": [2, 3]},
								"up": {"uv": [28, 83], "uv_size": [1, 2]},
								"down": {"uv": [30, 85], "uv_size": [1, -2]}
							}
						},
						{
							"origin": [0.96755, 0.39054, -0.87042],
							"size": [0.22857, 0.60087, 0.40919],
							"pivot": [1.14106, 0.53699, -0.51776],
							"rotation": [0, 0, 45],
							"uv": {
								"north": {"uv": [34, 72], "uv_size": [1, 3]},
								"east": {"uv": [48, 55], "uv_size": [2, 3]},
								"south": {"uv": [36, 72], "uv_size": [1, 3]},
								"west": {"uv": [56, 0], "uv_size": [2, 3]},
								"up": {"uv": [32, 83], "uv_size": [1, 2]},
								"down": {"uv": [83, 34], "uv_size": [1, -2]}
							}
						},
						{
							"origin": [1.01781, 0.62744, -0.87042],
							"size": [0.34702, 0.36397, 0.40919],
							"pivot": [1.19132, 0.53699, -0.51776],
							"rotation": [0, 0, -45],
							"uv": {
								"north": {"uv": [34, 83], "uv_size": [1, 2]},
								"east": {"uv": [68, 18], "uv_size": [2, 2]},
								"south": {"uv": [36, 83], "uv_size": [1, 2]},
								"west": {"uv": [68, 34], "uv_size": [2, 2]},
								"up": {"uv": [38, 83], "uv_size": [1, 2]},
								"down": {"uv": [40, 85], "uv_size": [1, -2]}
							}
						},
						{
							"origin": [0.95714, 0.17878, -0.87042],
							"size": [0.34702, 0.60087, 0.40919],
							"pivot": [1.13065, 0.56212, -0.51776],
							"rotation": [0, 0, 90],
							"uv": {
								"north": {"uv": [38, 72], "uv_size": [1, 3]},
								"east": {"uv": [12, 56], "uv_size": [2, 3]},
								"south": {"uv": [72, 39], "uv_size": [1, 3]},
								"west": {"uv": [15, 56], "uv_size": [2, 3]},
								"up": {"uv": [83, 40], "uv_size": [1, 2]},
								"down": {"uv": [83, 45], "uv_size": [1, -2]}
							}
						}
					]
				},
				{
					"name": "bone13",
					"parent": "an_peq_2a",
					"pivot": [1.16619, 0.46655, -1.58284],
					"cubes": [
						{
							"origin": [1.0135, 0.09794, -1.62548],
							"size": [0.30537, 0.73724, 0.199],
							"uv": {
								"north": {"uv": [40, 72], "uv_size": [1, 3]},
								"east": {"uv": [42, 72], "uv_size": [1, 3]},
								"south": {"uv": [44, 72], "uv_size": [1, 3]},
								"west": {"uv": [46, 72], "uv_size": [1, 3]},
								"up": {"uv": [89, 10], "uv_size": [1, 1]},
								"down": {"uv": [12, 90], "uv_size": [1, -1]}
							}
						},
						{
							"origin": [0.99139, 0.1071, -1.62311],
							"size": [0.30537, 0.73724, 0.199],
							"pivot": [1.14407, 0.44444, -1.6089],
							"rotation": [0, 0, 45],
							"uv": {
								"north": {"uv": [48, 72], "uv_size": [1, 3]},
								"east": {"uv": [50, 72], "uv_size": [1, 3]},
								"south": {"uv": [52, 72], "uv_size": [1, 3]},
								"west": {"uv": [72, 54], "uv_size": [1, 3]},
								"up": {"uv": [89, 12], "uv_size": [1, 1]},
								"down": {"uv": [14, 90], "uv_size": [1, -1]}
							}
						},
						{
							"origin": [1.03562, 0.1071, -1.62311],
							"size": [0.30537, 0.73724, 0.199],
							"pivot": [1.1883, 0.44444, -1.6089],
							"rotation": [0, 0, -45],
							"uv": {
								"north": {"uv": [72, 58], "uv_size": [1, 3]},
								"east": {"uv": [60, 72], "uv_size": [1, 3]},
								"south": {"uv": [62, 72], "uv_size": [1, 3]},
								"west": {"uv": [64, 72], "uv_size": [1, 3]},
								"up": {"uv": [89, 14], "uv_size": [1, 1]},
								"down": {"uv": [19, 90], "uv_size": [1, -1]}
							}
						},
						{
							"origin": [1.0135, 0.09794, -1.62785],
							"size": [0.30537, 0.73724, 0.199],
							"pivot": [1.16619, 0.46655, -1.52361],
							"rotation": [0, 0, 90],
							"uv": {
								"north": {"uv": [72, 65], "uv_size": [1, 3]},
								"east": {"uv": [72, 69], "uv_size": [1, 3]},
								"south": {"uv": [73, 0], "uv_size": [1, 3]},
								"west": {"uv": [73, 4], "uv_size": [1, 3]},
								"up": {"uv": [21, 89], "uv_size": [1, 1]},
								"down": {"uv": [23, 90], "uv_size": [1, -1]}
							}
						}
					]
				},
				{
					"name": "bone14",
					"parent": "an_peq_2a",
					"pivot": [-0.48027, 0.46655, -1.22749],
					"cubes": [
						{
							"origin": [-0.607, 0.1606, -1.31244],
							"size": [0.25346, 0.61191, 0.16517],
							"uv": {
								"north": {"uv": [73, 16], "uv_size": [1, 3]},
								"east": {"uv": [24, 73], "uv_size": [1, 3]},
								"south": {"uv": [73, 24], "uv_size": [1, 3]},
								"west": {"uv": [73, 35], "uv_size": [1, 3]},
								"up": {"uv": [25, 89], "uv_size": [1, 1]},
								"down": {"uv": [27, 90], "uv_size": [1, -1]}
							}
						},
						{
							"origin": [-0.62535, 0.1682, -1.31007],
							"size": [0.25346, 0.61191, 0.16517],
							"pivot": [-0.49862, 0.4482, -1.29827],
							"rotation": [0, 0, 45],
							"uv": {
								"north": {"uv": [73, 43], "uv_size": [1, 3]},
								"east": {"uv": [73, 47], "uv_size": [1, 3]},
								"south": {"uv": [54, 73], "uv_size": [1, 3]},
								"west": {"uv": [56, 73], "uv_size": [1, 3]},
								"up": {"uv": [29, 89], "uv_size": [1, 1]},
								"down": {"uv": [89, 30], "uv_size": [1, -1]}
							}
						},
						{
							"origin": [-0.58864, 0.1682, -1.31007],
							"size": [0.25346, 0.61191, 0.16517],
							"pivot": [-0.46191, 0.4482, -1.29827],
							"rotation": [0, 0, -45],
							"uv": {
								"north": {"uv": [58, 73], "uv_size": [1, 3]},
								"east": {"uv": [66, 73], "uv_size": [1, 3]},
								"south": {"uv": [70, 73], "uv_size": [1, 3]},
								"west": {"uv": [72, 73], "uv_size": [1, 3]},
								"up": {"uv": [31, 89], "uv_size": [1, 1]},
								"down": {"uv": [89, 32], "uv_size": [1, -1]}
							}
						},
						{
							"origin": [-0.607, 0.1606, -1.31481],
							"size": [0.25346, 0.61191, 0.16517],
							"pivot": [-0.48027, 0.46655, -1.22749],
							"rotation": [0, 0, 90],
							"uv": {
								"north": {"uv": [74, 8], "uv_size": [1, 3]},
								"east": {"uv": [74, 12], "uv_size": [1, 3]},
								"south": {"uv": [74, 20], "uv_size": [1, 3]},
								"west": {"uv": [74, 28], "uv_size": [1, 3]},
								"up": {"uv": [33, 89], "uv_size": [1, 1]},
								"down": {"uv": [35, 90], "uv_size": [1, -1]}
							}
						}
					]
				},
				{
					"name": "bone15",
					"parent": "an_peq_2a",
					"pivot": [-0.68109, 0.46647, 4.58957],
					"cubes": [
						{
							"origin": [-0.81292, 0.1482, 4.24429],
							"size": [0.26367, 0.63656, 0.57211],
							"uv": {
								"north": {"uv": [75, 4], "uv_size": [1, 3]},
								"east": {"uv": [8, 57], "uv_size": [2, 3]},
								"south": {"uv": [75, 16], "uv_size": [1, 3]},
								"west": {"uv": [30, 57], "uv_size": [2, 3]},
								"up": {"uv": [64, 83], "uv_size": [1, 2]},
								"down": {"uv": [69, 85], "uv_size": [1, -2]}
							}
						},
						{
							"origin": [-0.83202, 0.15611, 4.24429],
							"size": [0.26367, 0.63655, 0.57211],
							"pivot": [-0.70018, 0.44738, 4.58957],
							"rotation": [0, 0, 45],
							"uv": {
								"north": {"uv": [75, 24], "uv_size": [1, 3]},
								"east": {"uv": [54, 57], "uv_size": [2, 3]},
								"south": {"uv": [75, 34], "uv_size": [1, 3]},
								"west": {"uv": [57, 57], "uv_size": [2, 3]},
								"up": {"uv": [71, 83], "uv_size": [1, 2]},
								"down": {"uv": [73, 85], "uv_size": [1, -2]}
							}
						},
						{
							"origin": [-0.79383, 0.15611, 4.24429],
							"size": [0.26367, 0.63655, 0.57211],
							"pivot": [-0.66199, 0.44738, 4.58957],
							"rotation": [0, 0, -45],
							"uv": {
								"north": {"uv": [75, 43], "uv_size": [1, 3]},
								"east": {"uv": [59, 0], "uv_size": [2, 3]},
								"south": {"uv": [75, 47], "uv_size": [1, 3]},
								"west": {"uv": [59, 25], "uv_size": [2, 3]},
								"up": {"uv": [75, 83], "uv_size": [1, 2]},
								"down": {"uv": [83, 79], "uv_size": [1, -2]}
							}
						},
						{
							"origin": [-0.83993, 0.1752, 4.24429],
							"size": [0.26367, 0.63656, 0.57211],
							"pivot": [-0.70809, 0.46647, 4.58957],
							"rotation": [0, 0, 90],
							"uv": {
								"north": {"uv": [0, 76], "uv_size": [1, 3]},
								"east": {"uv": [26, 59], "uv_size": [2, 3]},
								"south": {"uv": [2, 76], "uv_size": [1, 3]},
								"west": {"uv": [59, 29], "uv_size": [2, 3]},
								"up": {"uv": [84, 3], "uv_size": [1, 2]},
								"down": {"uv": [84, 8], "uv_size": [1, -2]}
							}
						}
					]
				},
				{
					"name": "bone16",
					"parent": "bone15",
					"pivot": [-0.68109, 0.46647, 4.61326],
					"cubes": [
						{
							"origin": [-0.82215, 0.12592, 4.37469],
							"size": [0.28213, 0.68111, 0.47713],
							"uv": {
								"north": {"uv": [74, 39], "uv_size": [1, 3]},
								"east": {"uv": [18, 56], "uv_size": [2, 3]},
								"south": {"uv": [74, 51], "uv_size": [1, 3]},
								"west": {"uv": [21, 56], "uv_size": [2, 3]},
								"up": {"uv": [83, 46], "uv_size": [1, 2]},
								"down": {"uv": [48, 85], "uv_size": [1, -2]}
							}
						},
						{
							"origin": [-0.84537, 0.31225, 4.55166],
							"size": [0.30488, 0.30488, 0.43116],
							"pivot": [-0.69293, 0.46469, 4.76724],
							"rotation": [0, 0, 45],
							"uv": {
								"north": {"uv": [37, 89], "uv_size": [1, 1]},
								"east": {"uv": [83, 24], "uv_size": [2, 1]},
								"south": {"uv": [89, 38], "uv_size": [1, 1]},
								"west": {"uv": [83, 35], "uv_size": [2, 1]},
								"up": {"uv": [52, 83], "uv_size": [1, 2]},
								"down": {"uv": [83, 54], "uv_size": [1, -2]}
							}
						},
						{
							"origin": [-0.4668, 0.32728, 4.33738],
							"size": [0.2229, 0.20731, 0.06255],
							"pivot": [-0.3558, 0.43094, 4.63606],
							"rotation": [0, 0, -172.5],
							"uv": {
								"north": {"uv": [39, 89], "uv_size": [1, 1]},
								"east": {"uv": [89, 40], "uv_size": [1, 1]},
								"south": {"uv": [41, 89], "uv_size": [1, 1]},
								"west": {"uv": [43, 89], "uv_size": [1, 1]},
								"up": {"uv": [89, 44], "uv_size": [1, 1]},
								"down": {"uv": [45, 90], "uv_size": [1, -1]}
							}
						},
						{
							"origin": [-0.44599, 0.32728, 4.34637],
							"size": [0.2229, 0.20731, 0.06255],
							"pivot": [-0.3558, 0.43094, 4.63606],
							"rotation": [0, 45, -172.5],
							"uv": {
								"north": {"uv": [47, 89], "uv_size": [1, 1]},
								"east": {"uv": [49, 89], "uv_size": [1, 1]},
								"south": {"uv": [51, 89], "uv_size": [1, 1]},
								"west": {"uv": [89, 51], "uv_size": [1, 1]},
								"up": {"uv": [53, 89], "uv_size": [1, 1]},
								"down": {"uv": [89, 54], "uv_size": [1, -1]}
							}
						},
						{
							"origin": [-0.49686, 0.32728, 4.84213],
							"size": [0.28213, 0.20731, 0.06255],
							"pivot": [-0.3558, 0.43094, 4.63606],
							"rotation": [0, -90, -172.5],
							"uv": {
								"north": {"uv": [55, 89], "uv_size": [1, 1]},
								"east": {"uv": [89, 57], "uv_size": [1, 1]},
								"south": {"uv": [64, 89], "uv_size": [1, 1]},
								"west": {"uv": [89, 64], "uv_size": [1, 1]},
								"up": {"uv": [66, 89], "uv_size": [1, 1]},
								"down": {"uv": [89, 67], "uv_size": [1, -1]}
							}
						},
						{
							"origin": [-0.44599, 0.32728, 4.8632],
							"size": [0.2229, 0.20731, 0.06255],
							"pivot": [-0.3558, 0.43094, 4.63606],
							"rotation": [0, -45, -172.5],
							"uv": {
								"north": {"uv": [89, 75], "uv_size": [1, 1]},
								"east": {"uv": [76, 89], "uv_size": [1, 1]},
								"south": {"uv": [89, 77], "uv_size": [1, 1]},
								"west": {"uv": [78, 89], "uv_size": [1, 1]},
								"up": {"uv": [80, 89], "uv_size": [1, 1]},
								"down": {"uv": [82, 90], "uv_size": [1, -1]}
							}
						},
						{
							"origin": [-0.4668, 0.32728, 4.87218],
							"size": [0.6967, 0.20731, 0.06255],
							"pivot": [-0.3558, 0.43094, 4.63606],
							"rotation": [0, 0, -172.5],
							"uv": {
								"north": {"uv": [55, 28], "uv_size": [3, 1]},
								"east": {"uv": [89, 82], "uv_size": [1, 1]},
								"south": {"uv": [73, 62], "uv_size": [3, 1]},
								"west": {"uv": [89, 84], "uv_size": [1, 1]},
								"up": {"uv": [74, 32], "uv_size": [3, 1]},
								"down": {"uv": [74, 56], "uv_size": [3, -1]}
							}
						},
						{
							"origin": [-0.84258, 0.13438, 4.37469],
							"size": [0.28213, 0.68111, 0.47713],
							"pivot": [-0.70152, 0.44604, 4.61326],
							"rotation": [0, 0, 45],
							"uv": {
								"north": {"uv": [74, 57], "uv_size": [1, 3]},
								"east": {"uv": [56, 41], "uv_size": [2, 3]},
								"south": {"uv": [74, 64], "uv_size": [1, 3]},
								"west": {"uv": [56, 45], "uv_size": [2, 3]},
								"up": {"uv": [54, 83], "uv_size": [1, 2]},
								"down": {"uv": [56, 85], "uv_size": [1, -2]}
							}
						},
						{
							"origin": [-0.80172, 0.13438, 4.37469],
							"size": [0.28213, 0.68111, 0.47713],
							"pivot": [-0.66065, 0.44604, 4.61326],
							"rotation": [0, 0, -45],
							"uv": {
								"north": {"uv": [68, 74], "uv_size": [1, 3]},
								"east": {"uv": [56, 49], "uv_size": [2, 3]},
								"south": {"uv": [74, 68], "uv_size": [1, 3]},
								"west": {"uv": [51, 56], "uv_size": [2, 3]},
								"up": {"uv": [58, 83], "uv_size": [1, 2]},
								"down": {"uv": [60, 85], "uv_size": [1, -2]}
							}
						},
						{
							"origin": [-0.85104, 0.15481, 4.37469],
							"size": [0.28213, 0.68111, 0.47713],
							"pivot": [-0.70998, 0.46647, 4.61326],
							"rotation": [0, 0, 90],
							"uv": {
								"north": {"uv": [74, 72], "uv_size": [1, 3]},
								"east": {"uv": [56, 53], "uv_size": [2, 3]},
								"south": {"uv": [75, 0], "uv_size": [1, 3]},
								"west": {"uv": [57, 4], "uv_size": [2, 3]},
								"up": {"uv": [62, 83], "uv_size": [1, 2]},
								"down": {"uv": [83, 65], "uv_size": [1, -2]}
							}
						}
					]
				},
				{
					"name": "bone17",
					"parent": "an_peq_2a",
					"pivot": [1.03644, 0.46647, 4.58957],
					"cubes": [
						{
							"origin": [0.9046, 0.1482, 4.24429],
							"size": [0.26367, 0.63656, 0.57211],
							"uv": {
								"north": {"uv": [26, 76], "uv_size": [1, 3]},
								"east": {"uv": [60, 4], "uv_size": [2, 3]},
								"south": {"uv": [28, 76], "uv_size": [1, 3]},
								"west": {"uv": [60, 10], "uv_size": [2, 3]},
								"up": {"uv": [46, 84], "uv_size": [1, 2]},
								"down": {"uv": [84, 51], "uv_size": [1, -2]}
							}
						},
						{
							"origin": [0.88551, 0.15611, 4.24429],
							"size": [0.26367, 0.63655, 0.57211],
							"pivot": [1.01734, 0.44738, 4.58957],
							"rotation": [0, 0, 45],
							"uv": {
								"north": {"uv": [76, 28], "uv_size": [1, 3]},
								"east": {"uv": [11, 60], "uv_size": [2, 3]},
								"south": {"uv": [30, 76], "uv_size": [1, 3]},
								"west": {"uv": [14, 60], "uv_size": [2, 3]},
								"up": {"uv": [50, 84], "uv_size": [1, 2]},
								"down": {"uv": [84, 57], "uv_size": [1, -2]}
							}
						},
						{
							"origin": [0.9237, 0.15611, 4.24429],
							"size": [0.26367, 0.63655, 0.57211],
							"pivot": [1.05553, 0.44738, 4.58957],
							"rotation": [0, 0, -45],
							"uv": {
								"north": {"uv": [32, 76], "uv_size": [1, 3]},
								"east": {"uv": [17, 60], "uv_size": [2, 3]},
								"south": {"uv": [34, 76], "uv_size": [1, 3]},
								"west": {"uv": [20, 60], "uv_size": [2, 3]},
								"up": {"uv": [84, 58], "uv_size": [1, 2]},
								"down": {"uv": [66, 86], "uv_size": [1, -2]}
							}
						},
						{
							"origin": [0.8776, 0.1752, 4.24429],
							"size": [0.26367, 0.63656, 0.57211],
							"pivot": [1.00943, 0.46647, 4.58957],
							"rotation": [0, 0, 90],
							"uv": {
								"north": {"uv": [36, 76], "uv_size": [1, 3]},
								"east": {"uv": [23, 60], "uv_size": [2, 3]},
								"south": {"uv": [38, 76], "uv_size": [1, 3]},
								"west": {"uv": [60, 33], "uv_size": [2, 3]},
								"up": {"uv": [84, 66], "uv_size": [1, 2]},
								"down": {"uv": [84, 71], "uv_size": [1, -2]}
							}
						}
					]
				},
				{
					"name": "bone18",
					"parent": "bone17",
					"pivot": [1.03644, 0.46647, 4.61326],
					"cubes": [
						{
							"origin": [0.89537, 0.12592, 4.37469],
							"size": [0.28213, 0.68111, 0.47713],
							"uv": {
								"north": {"uv": [4, 76], "uv_size": [1, 3]},
								"east": {"uv": [36, 59], "uv_size": [2, 3]},
								"south": {"uv": [6, 76], "uv_size": [1, 3]},
								"west": {"uv": [39, 59], "uv_size": [2, 3]},
								"up": {"uv": [84, 9], "uv_size": [1, 2]},
								"down": {"uv": [11, 86], "uv_size": [1, -2]}
							}
						},
						{
							"origin": [0.59925, 0.36282, 4.87218],
							"size": [0.6967, 0.20731, 0.06255],
							"uv": {
								"north": {"uv": [8, 76], "uv_size": [3, 1]},
								"east": {"uv": [89, 86], "uv_size": [1, 1]},
								"south": {"uv": [76, 8], "uv_size": [3, 1]},
								"west": {"uv": [89, 88], "uv_size": [1, 1]},
								"up": {"uv": [76, 10], "uv_size": [3, 1]},
								"down": {"uv": [12, 77], "uv_size": [3, -1]}
							}
						},
						{
							"origin": [0.59925, 0.36282, 4.33738],
							"size": [0.2229, 0.20731, 0.06255],
							"uv": {
								"north": {"uv": [90, 0], "uv_size": [1, 1]},
								"east": {"uv": [90, 2], "uv_size": [1, 1]},
								"south": {"uv": [90, 4], "uv_size": [1, 1]},
								"west": {"uv": [90, 6], "uv_size": [1, 1]},
								"up": {"uv": [90, 8], "uv_size": [1, 1]},
								"down": {"uv": [16, 91], "uv_size": [1, -1]}
							}
						},
						{
							"origin": [0.50049, 0.36282, 4.63502],
							"size": [0.2229, 0.20731, 0.06255],
							"pivot": [0.37504, 0.46647, 4.6663],
							"rotation": [0, -45, 0],
							"uv": {
								"north": {"uv": [90, 16], "uv_size": [1, 1]},
								"east": {"uv": [90, 18], "uv_size": [1, 1]},
								"south": {"uv": [90, 20], "uv_size": [1, 1]},
								"west": {"uv": [90, 22], "uv_size": [1, 1]},
								"up": {"uv": [90, 24], "uv_size": [1, 1]},
								"down": {"uv": [90, 27], "uv_size": [1, -1]}
							}
						},
						{
							"origin": [0.43111, 0.36282, 4.40703],
							"size": [0.2229, 0.20731, 0.06255],
							"pivot": [0.54256, 0.46647, 4.4383],
							"rotation": [0, 45, 0],
							"uv": {
								"north": {"uv": [90, 33], "uv_size": [1, 1]},
								"east": {"uv": [90, 35], "uv_size": [1, 1]},
								"south": {"uv": [90, 42], "uv_size": [1, 1]},
								"west": {"uv": [90, 46], "uv_size": [1, 1]},
								"up": {"uv": [90, 48], "uv_size": [1, 1]},
								"down": {"uv": [90, 56], "uv_size": [1, -1]}
							}
						},
						{
							"origin": [0.30223, 0.36282, 4.63439],
							"size": [0.28213, 0.20731, 0.06255],
							"pivot": [0.47291, 0.46647, 4.66567],
							"rotation": [0, -90, 0],
							"uv": {
								"north": {"uv": [57, 90], "uv_size": [1, 1]},
								"east": {"uv": [59, 90], "uv_size": [1, 1]},
								"south": {"uv": [90, 59], "uv_size": [1, 1]},
								"west": {"uv": [61, 90], "uv_size": [1, 1]},
								"up": {"uv": [90, 61], "uv_size": [1, 1]},
								"down": {"uv": [68, 91], "uv_size": [1, -1]}
							}
						},
						{
							"origin": [0.89584, 0.31225, 4.55166],
							"size": [0.30488, 0.30488, 0.43116],
							"pivot": [1.04828, 0.46469, 4.76724],
							"rotation": [0, 0, 45],
							"uv": {
								"north": {"uv": [90, 68], "uv_size": [1, 1]},
								"east": {"uv": [83, 72], "uv_size": [2, 1]},
								"south": {"uv": [70, 90], "uv_size": [1, 1]},
								"west": {"uv": [84, 12], "uv_size": [2, 1]},
								"up": {"uv": [13, 84], "uv_size": [1, 2]},
								"down": {"uv": [84, 19], "uv_size": [1, -2]}
							}
						},
						{
							"origin": [0.87494, 0.13438, 4.37469],
							"size": [0.28213, 0.68111, 0.47713],
							"pivot": [1.016, 0.44604, 4.61326],
							"rotation": [0, 0, 45],
							"uv": {
								"north": {"uv": [76, 12], "uv_size": [1, 3]},
								"east": {"uv": [59, 41], "uv_size": [2, 3]},
								"south": {"uv": [16, 76], "uv_size": [1, 3]},
								"west": {"uv": [59, 45], "uv_size": [2, 3]},
								"up": {"uv": [23, 84], "uv_size": [1, 2]},
								"down": {"uv": [84, 28], "uv_size": [1, -2]}
							}
						},
						{
							"origin": [0.91581, 0.13438, 4.37469],
							"size": [0.28213, 0.68111, 0.47713],
							"pivot": [1.05687, 0.44604, 4.61326],
							"rotation": [0, 0, -45],
							"uv": {
								"north": {"uv": [18, 76], "uv_size": [1, 3]},
								"east": {"uv": [48, 59], "uv_size": [2, 3]},
								"south": {"uv": [20, 76], "uv_size": [1, 3]},
								"west": {"uv": [59, 49], "uv_size": [2, 3]},
								"up": {"uv": [84, 29], "uv_size": [1, 2]},
								"down": {"uv": [84, 39], "uv_size": [1, -2]}
							}
						},
						{
							"origin": [0.86648, 0.15481, 4.37469],
							"size": [0.28213, 0.68111, 0.47713],
							"pivot": [1.00754, 0.46647, 4.61326],
							"rotation": [0, 0, 90],
							"uv": {
								"north": {"uv": [76, 20], "uv_size": [1, 3]},
								"east": {"uv": [59, 53], "uv_size": [2, 3]},
								"south": {"uv": [22, 76], "uv_size": [1, 3]},
								"west": {"uv": [4, 60], "uv_size": [2, 3]},
								"up": {"uv": [42, 84], "uv_size": [1, 2]},
								"down": {"uv": [44, 86], "uv_size": [1, -2]}
							}
						}
					]
				},
				{
					"name": "bone19",
					"parent": "an_peq_2a",
					"pivot": [0.20729, 0.46469, 4.05654],
					"cubes": [
						{
							"origin": [-0.90141, -0.36283, 3.84096],
							"size": [0.08623, 0.17421, 0.43116],
							"pivot": [0.23098, 0.46469, 3.60999],
							"rotation": [0, 0, 45],
							"uv": {
								"north": {"uv": [12, 91], "uv_size": [1, 1]},
								"east": {"uv": [85, 0], "uv_size": [2, 1]},
								"south": {"uv": [91, 12], "uv_size": [1, 1]},
								"west": {"uv": [8, 85], "uv_size": [2, 1]},
								"up": {"uv": [85, 14], "uv_size": [1, 2]},
								"down": {"uv": [17, 87], "uv_size": [1, -2]}
							}
						},
						{
							"origin": [-1.15489, 0.24911, 3.84096],
							"size": [2.72435, 0.43116, 0.42879],
							"uv": {
								"north": {"uv": [20, 36], "uv_size": [12, 2]},
								"east": {"uv": [69, 10], "uv_size": [2, 2]},
								"south": {"uv": [33, 36], "uv_size": [12, 2]},
								"west": {"uv": [69, 13], "uv_size": [2, 2]},
								"up": {"uv": [37, 32], "uv_size": [12, 2]},
								"down": {"uv": [39, 20], "uv_size": [12, -2]}
							}
						},
						{
							"origin": [-0.90141, 1.11799, 3.84096],
							"size": [0.08623, 0.17421, 0.43116],
							"pivot": [0.23098, 0.46469, 3.60999],
							"rotation": [0, 0, -45],
							"uv": {
								"north": {"uv": [14, 91], "uv_size": [1, 1]},
								"east": {"uv": [19, 85], "uv_size": [2, 1]},
								"south": {"uv": [91, 14], "uv_size": [1, 1]},
								"west": {"uv": [85, 20], "uv_size": [2, 1]},
								"up": {"uv": [85, 32], "uv_size": [1, 2]},
								"down": {"uv": [85, 42], "uv_size": [1, -2]}
							}
						},
						{
							"origin": [1.22976, -0.36283, 3.84096],
							"size": [0.08623, 0.17421, 0.43116],
							"pivot": [0.1836, 0.46469, 3.60999],
							"rotation": [0, 0, -45],
							"uv": {
								"north": {"uv": [18, 91], "uv_size": [1, 1]},
								"east": {"uv": [85, 22], "uv_size": [2, 1]},
								"south": {"uv": [20, 91], "uv_size": [1, 1]},
								"west": {"uv": [85, 43], "uv_size": [2, 1]},
								"up": {"uv": [85, 45], "uv_size": [1, 2]},
								"down": {"uv": [85, 54], "uv_size": [1, -2]}
							}
						},
						{
							"origin": [1.22976, 1.11799, 3.84096],
							"size": [0.08623, 0.17421, 0.43116],
							"pivot": [0.1836, 0.46469, 3.60999],
							"rotation": [0, 0, 45],
							"uv": {
								"north": {"uv": [22, 91], "uv_size": [1, 1]},
								"east": {"uv": [85, 61], "uv_size": [2, 1]},
								"south": {"uv": [24, 91], "uv_size": [1, 1]},
								"west": {"uv": [85, 63], "uv_size": [2, 1]},
								"up": {"uv": [85, 77], "uv_size": [1, 2]},
								"down": {"uv": [85, 85], "uv_size": [1, -2]}
							}
						},
						{
							"origin": [-1.0317, 0.12592, 3.84096],
							"size": [2.47797, 0.67753, 0.43116],
							"uv": {
								"north": {"uv": [26, 32], "uv_size": [10, 3]},
								"east": {"uv": [51, 60], "uv_size": [2, 3]},
								"south": {"uv": [33, 0], "uv_size": [10, 3]},
								"west": {"uv": [60, 57], "uv_size": [2, 3]},
								"up": {"uv": [20, 39], "uv_size": [10, 2]},
								"down": {"uv": [39, 23], "uv_size": [10, -2]}
							}
						},
						{
							"origin": [0.00747, 0.31225, 3.90019],
							"size": [0.30488, 0.30488, 0.43116],
							"pivot": [0.15991, 0.46469, 4.11577],
							"rotation": [0, 0, 45],
							"uv": {
								"north": {"uv": [26, 91], "uv_size": [1, 1]},
								"east": {"uv": [86, 67], "uv_size": [2, 1]},
								"south": {"uv": [28, 91], "uv_size": [1, 1]},
								"west": {"uv": [68, 86], "uv_size": [2, 1]},
								"up": {"uv": [64, 86], "uv_size": [1, 2]},
								"down": {"uv": [86, 71], "uv_size": [1, -2]}
							}
						},
						{
							"origin": [-0.59068, 0.14961, 4.11064],
							"size": [0.15312, 0.67753, 0.15312],
							"pivot": [-0.00316, 0.48838, 4.99578],
							"rotation": [0, -45, 0],
							"uv": {
								"north": {"uv": [60, 76], "uv_size": [1, 3]},
								"east": {"uv": [62, 76], "uv_size": [1, 3]},
								"south": {"uv": [64, 76], "uv_size": [1, 3]},
								"west": {"uv": [76, 64], "uv_size": [1, 3]},
								"up": {"uv": [91, 28], "uv_size": [1, 1]},
								"down": {"uv": [30, 92], "uv_size": [1, -1]}
							}
						},
						{
							"origin": [-0.81687, 0.18515, -0.89481],
							"size": [0.27157, 0.67753, 0.27157],
							"pivot": [-0.68109, 0.52391, -0.75903],
							"rotation": [0, -45, 0],
							"uv": {
								"north": {"uv": [76, 68], "uv_size": [1, 3]},
								"east": {"uv": [76, 72], "uv_size": [1, 3]},
								"south": {"uv": [74, 76], "uv_size": [1, 3]},
								"west": {"uv": [76, 76], "uv_size": [1, 3]},
								"up": {"uv": [91, 30], "uv_size": [1, 1]},
								"down": {"uv": [32, 92], "uv_size": [1, -1]}
							}
						},
						{
							"origin": [1.03095, 0.3036, -1.07249],
							"size": [0.27157, 0.67753, 0.27157],
							"pivot": [1.16673, 0.64236, -0.9367],
							"rotation": [0, -45, 0],
							"uv": {
								"north": {"uv": [77, 0], "uv_size": [1, 3]},
								"east": {"uv": [77, 4], "uv_size": [1, 3]},
								"south": {"uv": [77, 16], "uv_size": [1, 3]},
								"west": {"uv": [24, 77], "uv_size": [1, 3]},
								"up": {"uv": [34, 91], "uv_size": [1, 1]},
								"down": {"uv": [36, 92], "uv_size": [1, -1]}
							}
						},
						{
							"origin": [0.49835, 0.14961, 2.06136],
							"size": [0.09389, 0.67753, 0.09389],
							"pivot": [0.54529, 0.48838, 2.10831],
							"rotation": [0, -45, 0],
							"uv": {
								"north": {"uv": [77, 24], "uv_size": [1, 3]},
								"east": {"uv": [77, 34], "uv_size": [1, 3]},
								"south": {"uv": [77, 42], "uv_size": [1, 3]},
								"west": {"uv": [77, 46], "uv_size": [1, 3]},
								"up": {"uv": [91, 37], "uv_size": [1, 1]},
								"down": {"uv": [38, 92], "uv_size": [1, -1]}
							}
						}
					]
				},
				{
					"name": "bone20",
					"parent": "bone19",
					"pivot": [0.20729, 0.58314, -0.60361],
					"cubes": [
						{
							"origin": [0.04499, 0.39658, -0.83816],
							"size": [0.28428, 0.55079, 0.49239],
							"pivot": [0.18713, 0.58314, -0.61525],
							"rotation": [0, 60, 0],
							"uv": {
								"north": {"uv": [0, 86], "uv_size": [1, 2]},
								"east": {"uv": [69, 21], "uv_size": [2, 2]},
								"south": {"uv": [2, 86], "uv_size": [1, 2]},
								"west": {"uv": [69, 31], "uv_size": [2, 2]},
								"up": {"uv": [86, 2], "uv_size": [1, 2]},
								"down": {"uv": [4, 88], "uv_size": [1, -2]}
							}
						},
						{
							"origin": [0.06515, 0.39658, -0.8498],
							"size": [0.28428, 0.55079, 0.49239],
							"uv": {
								"north": {"uv": [86, 5], "uv_size": [1, 2]},
								"east": {"uv": [32, 69], "uv_size": [2, 2]},
								"south": {"uv": [6, 86], "uv_size": [1, 2]},
								"west": {"uv": [35, 69], "uv_size": [2, 2]},
								"up": {"uv": [86, 8], "uv_size": [1, 2]},
								"down": {"uv": [15, 88], "uv_size": [1, -2]}
							}
						},
						{
							"origin": [0.06515, 0.39658, -0.8498],
							"size": [0.28428, 0.55316, 0.49239],
							"pivot": [0.20729, 0.67198, -0.60361],
							"rotation": [0, -60, 0],
							"uv": {
								"north": {"uv": [86, 17], "uv_size": [1, 2]},
								"east": {"uv": [38, 69], "uv_size": [2, 2]},
								"south": {"uv": [86, 24], "uv_size": [1, 2]},
								"west": {"uv": [69, 39], "uv_size": [2, 2]},
								"up": {"uv": [25, 86], "uv_size": [1, 2]},
								"down": {"uv": [27, 88], "uv_size": [1, -2]}
							}
						}
					]
				},
				{
					"name": "bone21",
					"parent": "bone19",
					"pivot": [0.20729, 0.61275, 2.83144],
					"cubes": [
						{
							"origin": [0.08394, 0.40345, 2.65318],
							"size": [0.21605, 0.4186, 0.37421],
							"pivot": [0.19196, 0.54523, 2.82259],
							"rotation": [0, 60, 0],
							"uv": {
								"north": {"uv": [86, 27], "uv_size": [1, 2]},
								"east": {"uv": [41, 69], "uv_size": [2, 2]},
								"south": {"uv": [29, 86], "uv_size": [1, 2]},
								"west": {"uv": [69, 42], "uv_size": [2, 2]},
								"up": {"uv": [31, 86], "uv_size": [1, 2]},
								"down": {"uv": [33, 88], "uv_size": [1, -2]}
							}
						},
						{
							"origin": [0.09926, 0.40345, 2.64433],
							"size": [0.21605, 0.4186, 0.37421],
							"uv": {
								"north": {"uv": [35, 86], "uv_size": [1, 2]},
								"east": {"uv": [44, 69], "uv_size": [2, 2]},
								"south": {"uv": [86, 35], "uv_size": [1, 2]},
								"west": {"uv": [47, 69], "uv_size": [2, 2]},
								"up": {"uv": [37, 86], "uv_size": [1, 2]},
								"down": {"uv": [39, 88], "uv_size": [1, -2]}
							}
						},
						{
							"origin": [0.15849, 0.40345, 2.46666],
							"size": [0.0976, 0.44229, 0.72956],
							"uv": {
								"north": {"uv": [48, 86], "uv_size": [1, 2]},
								"east": {"uv": [7, 61], "uv_size": [3, 2]},
								"south": {"uv": [86, 48], "uv_size": [1, 2]},
								"west": {"uv": [61, 18], "uv_size": [3, 2]},
								"up": {"uv": [76, 38], "uv_size": [1, 3]},
								"down": {"uv": [40, 79], "uv_size": [1, -3]}
							}
						},
						{
							"origin": [0.11458, 0.40345, 2.65318],
							"size": [0.21605, 0.4186, 0.37421],
							"pivot": [0.22261, 0.54523, 2.82259],
							"rotation": [0, -60, 0],
							"uv": {
								"north": {"uv": [52, 86], "uv_size": [1, 2]},
								"east": {"uv": [69, 55], "uv_size": [2, 2]},
								"south": {"uv": [54, 86], "uv_size": [1, 2]},
								"west": {"uv": [69, 58], "uv_size": [2, 2]},
								"up": {"uv": [86, 55], "uv_size": [1, 2]},
								"down": {"uv": [56, 88], "uv_size": [1, -2]}
							}
						}
					]
				},
				{
					"name": "bone22",
					"parent": "bone19",
					"pivot": [0.20729, 0.55353, 2.83144],
					"cubes": [
						{
							"origin": [-0.03571, 0.25787, 2.48027],
							"size": [0.42562, 0.37809, 0.7372],
							"pivot": [0.1771, 0.53719, 2.81401],
							"rotation": [0, 60, 0],
							"uv": {
								"north": {"uv": [70, 24], "uv_size": [2, 2]},
								"east": {"uv": [29, 61], "uv_size": [3, 2]},
								"south": {"uv": [70, 45], "uv_size": [2, 2]},
								"west": {"uv": [61, 37], "uv_size": [3, 2]},
								"up": {"uv": [54, 61], "uv_size": [2, 3]},
								"down": {"uv": [57, 64], "uv_size": [2, -3]}
							}
						},
						{
							"origin": [-0.00552, 0.25787, 2.46284],
							"size": [0.42562, 0.37809, 0.7372],
							"uv": {
								"north": {"uv": [70, 48], "uv_size": [2, 2]},
								"east": {"uv": [60, 61], "uv_size": [3, 2]},
								"south": {"uv": [70, 51], "uv_size": [2, 2]},
								"west": {"uv": [62, 0], "uv_size": [3, 2]},
								"up": {"uv": [62, 25], "uv_size": [2, 3]},
								"down": {"uv": [62, 32], "uv_size": [2, -3]}
							}
						},
						{
							"origin": [0.02466, 0.25787, 2.48027],
							"size": [0.42562, 0.37809, 0.7372],
							"pivot": [0.23747, 0.53719, 2.81401],
							"rotation": [0, -60, 0],
							"uv": {
								"north": {"uv": [54, 70], "uv_size": [2, 2]},
								"east": {"uv": [62, 40], "uv_size": [3, 2]},
								"south": {"uv": [57, 70], "uv_size": [2, 2]},
								"west": {"uv": [62, 43], "uv_size": [3, 2]},
								"up": {"uv": [62, 46], "uv_size": [2, 3]},
								"down": {"uv": [62, 53], "uv_size": [2, -3]}
							}
						}
					]
				},
				{
					"name": "bone23",
					"parent": "bone19",
					"pivot": [0.20729, 0.67198, 0.58089],
					"cubes": [
						{
							"origin": [0.00118, 0.74645, 0.22391],
							"size": [0.41221, 0.09033, 0.71396],
							"pivot": [0.20729, 0.79043, 0.58089],
							"rotation": [0, 60, 0],
							"uv": {
								"north": {"uv": [86, 30], "uv_size": [2, 1]},
								"east": {"uv": [42, 76], "uv_size": [3, 1]},
								"south": {"uv": [86, 38], "uv_size": [2, 1]},
								"west": {"uv": [46, 76], "uv_size": [3, 1]},
								"up": {"uv": [0, 63], "uv_size": [2, 3]},
								"down": {"uv": [63, 6], "uv_size": [2, -3]}
							}
						},
						{
							"origin": [0.00118, 0.74645, 0.22391],
							"size": [0.41221, 0.0927, 0.71396],
							"uv": {
								"north": {"uv": [58, 86], "uv_size": [2, 1]},
								"east": {"uv": [50, 76], "uv_size": [3, 1]},
								"south": {"uv": [86, 58], "uv_size": [2, 1]},
								"west": {"uv": [76, 51], "uv_size": [3, 1]},
								"up": {"uv": [63, 7], "uv_size": [2, 3]},
								"down": {"uv": [63, 14], "uv_size": [2, -3]}
							}
						},
						{
							"origin": [0.03042, 0.74645, 0.24079],
							"size": [0.41221, 0.08795, 0.71396],
							"pivot": [0.23652, 0.54316, 0.56401],
							"rotation": [0, -60, 0],
							"uv": {
								"north": {"uv": [61, 86], "uv_size": [2, 1]},
								"east": {"uv": [76, 53], "uv_size": [3, 1]},
								"south": {"uv": [86, 65], "uv_size": [2, 1]},
								"west": {"uv": [76, 57], "uv_size": [3, 1]},
								"up": {"uv": [63, 21], "uv_size": [2, 3]},
								"down": {"uv": [26, 66], "uv_size": [2, -3]}
							}
						}
					]
				},
				{
					"name": "laser_beam",
					"pivot": [1.166, 0.47813, -1.325]
				}
			]
		}
	]
}