{
	"format_version": "1.12.0",
	"minecraft:geometry": [
		{
			"description": {
				"identifier": "geometry.laser_an_peq15",
				"texture_width": 128,
				"texture_height": 128,
				"visible_bounds_width": 2,
				"visible_bounds_height": 1.5,
				"visible_bounds_offset": [0, 0.25, 0]
			},
			"bones": [
				{
					"name": "dbal_a2",
					"pivot": [-0.08759, 0.60548, -0.08155],
					"cubes": [
						{
							"origin": [-1.11435, 0.22287, -1.11238],
							"size": [2.4633, 0.62169, 2.1114],
							"uv": {
								"north": {"uv": [6, 30], "uv_size": [11, 3]},
								"east": {"uv": [36, 4], "uv_size": [9, 3]},
								"south": {"uv": [30, 8], "uv_size": [11, 3]},
								"west": {"uv": [30, 36], "uv_size": [9, 3]},
								"up": {"uv": [0, 0], "uv_size": [11, 9]},
								"down": {"uv": [0, 19], "uv_size": [11, -9]}
							}
						},
						{
							"origin": [-0.43401, -0.36363, -0.58453],
							"size": [1.10262, 0.60996, 1.5249],
							"uv": {
								"north": {"uv": [38, 40], "uv_size": [5, 3]},
								"east": {"uv": [30, 40], "uv_size": [7, 3]},
								"south": {"uv": [41, 28], "uv_size": [5, 3]},
								"west": {"uv": [40, 36], "uv_size": [7, 3]},
								"up": {"uv": [0, 30], "uv_size": [5, 7]},
								"down": {"uv": [30, 7], "uv_size": [5, -7]}
							}
						},
						{
							"origin": [0.66861, -0.36363, -0.17398],
							"size": [0.39882, 0.41055, 0.41055],
							"pivot": [0.86802, -0.15836, 0.03129],
							"rotation": [-45, 0, 0],
							"uv": {
								"north": {"uv": [56, 51], "uv_size": [2, 2]},
								"east": {"uv": [0, 57], "uv_size": [2, 2]},
								"south": {"uv": [57, 0], "uv_size": [2, 2]},
								"west": {"uv": [3, 57], "uv_size": [2, 2]},
								"up": {"uv": [57, 3], "uv_size": [2, 2]},
								"down": {"uv": [6, 59], "uv_size": [2, -2]}
							}
						},
						{
							"origin": [-0.50439, -0.26979, -0.08014],
							"size": [1.61874, 0.22287, 0.22287],
							"pivot": [0.86802, -0.15836, 0.03129],
							"rotation": [-45, 0, 0],
							"uv": {
								"north": {"uv": [51, 22], "uv_size": [7, 1]},
								"east": {"uv": [46, 34], "uv_size": [1, 1]},
								"south": {"uv": [51, 24], "uv_size": [7, 1]},
								"west": {"uv": [15, 56], "uv_size": [1, 1]},
								"up": {"uv": [51, 28], "uv_size": [7, 1]},
								"down": {"uv": [51, 31], "uv_size": [7, -1]}
							}
						},
						{
							"origin": [0.85629, -0.30498, 0.06062],
							"size": [0.16422, 0.3519, 0.41055],
							"pivot": [0.8211, -0.15836, 0.26589],
							"rotation": [0, -7.5, 0],
							"uv": {
								"north": {"uv": [20, 63], "uv_size": [1, 2]},
								"east": {"uv": [57, 6], "uv_size": [2, 2]},
								"south": {"uv": [36, 63], "uv_size": [1, 2]},
								"west": {"uv": [9, 57], "uv_size": [2, 2]},
								"up": {"uv": [63, 53], "uv_size": [1, 2]},
								"down": {"uv": [63, 58], "uv_size": [1, -2]}
							}
						},
						{
							"origin": [0.82779, -0.30498, 0.49544],
							"size": [0.16422, 0.3519, 0.41055],
							"uv": {
								"north": {"uv": [63, 62], "uv_size": [1, 2]},
								"east": {"uv": [57, 9], "uv_size": [2, 2]},
								"south": {"uv": [64, 12], "uv_size": [1, 2]},
								"west": {"uv": [12, 57], "uv_size": [2, 2]},
								"up": {"uv": [64, 15], "uv_size": [1, 2]},
								"down": {"uv": [64, 39], "uv_size": [1, -2]}
							}
						},
						{
							"origin": [-1.11435, 0.17595, -1.22968],
							"size": [0.8211, 0.66861, 0.1173],
							"uv": {
								"north": {"uv": [41, 32], "uv_size": [4, 3]},
								"east": {"uv": [15, 52], "uv_size": [1, 3]},
								"south": {"uv": [42, 22], "uv_size": [4, 3]},
								"west": {"uv": [30, 58], "uv_size": [1, 3]},
								"up": {"uv": [53, 26], "uv_size": [4, 1]},
								"down": {"uv": [56, 21], "uv_size": [4, -1]}
							}
						},
						{
							"origin": [1.2115, 0.83312, -1.11238],
							"size": [0.13271, 0.08211, 2.1114],
							"pivot": [1.26127, 0.87418, 0.29522],
							"rotation": [0, 0, 45],
							"uv": {
								"north": {"uv": [20, 58], "uv_size": [1, 1]},
								"east": {"uv": [46, 16], "uv_size": [9, 1]},
								"south": {"uv": [71, 15], "uv_size": [1, 1]},
								"west": {"uv": [46, 18], "uv_size": [9, 1]},
								"up": {"uv": [44, 47], "uv_size": [1, 9]},
								"down": {"uv": [46, 56], "uv_size": [1, -9]}
							}
						},
						{
							"origin": [-1.10961, 0.83312, -1.11238],
							"size": [0.13271, 0.08211, 2.1114],
							"pivot": [-1.02667, 0.87418, 0.29522],
							"rotation": [0, 0, -45],
							"uv": {
								"north": {"uv": [71, 21], "uv_size": [1, 1]},
								"east": {"uv": [46, 20], "uv_size": [9, 1]},
								"south": {"uv": [71, 23], "uv_size": [1, 1]},
								"west": {"uv": [46, 32], "uv_size": [9, 1]},
								"up": {"uv": [48, 34], "uv_size": [1, 9]},
								"down": {"uv": [48, 56], "uv_size": [1, -9]}
							}
						},
						{
							"origin": [-0.49479, 0.75101, -1.26487],
							"size": [0.13271, 0.12903, 0.09384],
							"pivot": [-0.42844, 0.83899, -1.22968],
							"rotation": [0, 0, -45],
							"uv": {
								"north": {"uv": [71, 25], "uv_size": [1, 1]},
								"east": {"uv": [71, 27], "uv_size": [1, 1]},
								"south": {"uv": [71, 29], "uv_size": [1, 1]},
								"west": {"uv": [71, 31], "uv_size": [1, 1]},
								"up": {"uv": [32, 71], "uv_size": [1, 1]},
								"down": {"uv": [71, 34], "uv_size": [1, -1]}
							}
						},
						{
							"origin": [-1.08129, 0.75101, -1.26487],
							"size": [0.13271, 0.12903, 0.09384],
							"pivot": [-1.01494, 0.83899, -1.22968],
							"rotation": [0, 0, -45],
							"uv": {
								"north": {"uv": [34, 71], "uv_size": [1, 1]},
								"east": {"uv": [71, 35], "uv_size": [1, 1]},
								"south": {"uv": [71, 37], "uv_size": [1, 1]},
								"west": {"uv": [45, 71], "uv_size": [1, 1]},
								"up": {"uv": [47, 71], "uv_size": [1, 1]},
								"down": {"uv": [49, 72], "uv_size": [1, -1]}
							}
						},
						{
							"origin": [-1.08129, 0.21143, -1.26487],
							"size": [0.13271, 0.12903, 0.09384],
							"pivot": [-1.01494, 0.29941, -1.22968],
							"rotation": [0, 0, -45],
							"uv": {
								"north": {"uv": [71, 53], "uv_size": [1, 1]},
								"east": {"uv": [71, 55], "uv_size": [1, 1]},
								"south": {"uv": [71, 57], "uv_size": [1, 1]},
								"west": {"uv": [71, 62], "uv_size": [1, 1]},
								"up": {"uv": [64, 71], "uv_size": [1, 1]},
								"down": {"uv": [71, 65], "uv_size": [1, -1]}
							}
						},
						{
							"origin": [-0.49479, 0.21143, -1.26487],
							"size": [0.13271, 0.12903, 0.09384],
							"pivot": [-0.42844, 0.29941, -1.22968],
							"rotation": [0, 0, -45],
							"uv": {
								"north": {"uv": [66, 71], "uv_size": [1, 1]},
								"east": {"uv": [71, 66], "uv_size": [1, 1]},
								"south": {"uv": [68, 71], "uv_size": [1, 1]},
								"west": {"uv": [70, 71], "uv_size": [1, 1]},
								"up": {"uv": [0, 72], "uv_size": [1, 1]},
								"down": {"uv": [72, 1], "uv_size": [1, -1]}
							}
						},
						{
							"origin": [-1.10961, 0.83312, -1.22968],
							"size": [0.13271, 0.08211, 0.1173],
							"pivot": [-1.02667, 0.87418, 0.17792],
							"rotation": [0, 0, -45],
							"uv": {
								"north": {"uv": [5, 72], "uv_size": [1, 1]},
								"east": {"uv": [72, 5], "uv_size": [1, 1]},
								"south": {"uv": [10, 72], "uv_size": [1, 1]},
								"west": {"uv": [17, 72], "uv_size": [1, 1]},
								"up": {"uv": [72, 17], "uv_size": [1, 1]},
								"down": {"uv": [19, 73], "uv_size": [1, -1]}
							}
						},
						{
							"origin": [-1.02051, 0.83283, -1.11238],
							"size": [2.27562, 0.10557, 2.1114],
							"uv": {
								"north": {"uv": [42, 26], "uv_size": [10, 1]},
								"east": {"uv": [47, 0], "uv_size": [9, 1]},
								"south": {"uv": [44, 45], "uv_size": [10, 1]},
								"west": {"uv": [47, 2], "uv_size": [9, 1]},
								"up": {"uv": [12, 0], "uv_size": [10, 9]},
								"down": {"uv": [12, 19], "uv_size": [10, -9]}
							}
						},
						{
							"origin": [-1.02051, 0.84456, -1.22968],
							"size": [0.72726, 0.09384, 0.1173],
							"uv": {
								"north": {"uv": [59, 18], "uv_size": [3, 1]},
								"east": {"uv": [72, 19], "uv_size": [1, 1]},
								"south": {"uv": [60, 37], "uv_size": [3, 1]},
								"west": {"uv": [30, 72], "uv_size": [1, 1]},
								"up": {"uv": [60, 39], "uv_size": [3, 1]},
								"down": {"uv": [60, 42], "uv_size": [3, -1]}
							}
						},
						{
							"origin": [-1.13781, 0.19941, 0.99902],
							"size": [2.51022, 0.64515, 0.7038],
							"uv": {
								"north": {"uv": [30, 12], "uv_size": [11, 3]},
								"east": {"uv": [47, 22], "uv_size": [3, 3]},
								"south": {"uv": [30, 16], "uv_size": [11, 3]},
								"west": {"uv": [47, 28], "uv_size": [3, 3]},
								"up": {"uv": [30, 20], "uv_size": [11, 3]},
								"down": {"uv": [30, 27], "uv_size": [11, -3]}
							}
						},
						{
							"origin": [1.20179, 0.83312, 0.99902],
							"size": [0.16589, 0.08211, 0.7038],
							"pivot": [1.28473, 0.87418, 0.29522],
							"rotation": [0, 0, 45],
							"uv": {
								"north": {"uv": [36, 72], "uv_size": [1, 1]},
								"east": {"uv": [48, 60], "uv_size": [3, 1]},
								"south": {"uv": [72, 39], "uv_size": [1, 1]},
								"west": {"uv": [58, 60], "uv_size": [3, 1]},
								"up": {"uv": [39, 60], "uv_size": [1, 3]},
								"down": {"uv": [32, 64], "uv_size": [1, -3]}
							}
						},
						{
							"origin": [-1.0999, 0.17566, -1.11238],
							"size": [0.13271, 0.08211, 2.1114],
							"pivot": [-1.05013, 0.21671, 0.29522],
							"rotation": [0, 0, 45],
							"uv": {
								"north": {"uv": [40, 72], "uv_size": [1, 1]},
								"east": {"uv": [32, 49], "uv_size": [9, 1]},
								"south": {"uv": [42, 72], "uv_size": [1, 1]},
								"west": {"uv": [50, 34], "uv_size": [9, 1]},
								"up": {"uv": [42, 49], "uv_size": [1, 9]},
								"down": {"uv": [50, 56], "uv_size": [1, -9]}
							}
						},
						{
							"origin": [-1.13307, 0.12874, 0.99902],
							"size": [0.16589, 0.08211, 0.7038],
							"pivot": [-1.05013, 0.16979, 0.29522],
							"rotation": [0, 0, 45],
							"uv": {
								"north": {"uv": [72, 44], "uv_size": [1, 1]},
								"east": {"uv": [61, 20], "uv_size": [3, 1]},
								"south": {"uv": [72, 46], "uv_size": [1, 1]},
								"west": {"uv": [61, 31], "uv_size": [3, 1]},
								"up": {"uv": [34, 61], "uv_size": [1, 3]},
								"down": {"uv": [62, 15], "uv_size": [1, -3]}
							}
						},
						{
							"origin": [-1.02051, 0.83283, 0.99902],
							"size": [2.27562, 0.12903, 0.7038],
							"uv": {
								"north": {"uv": [46, 4], "uv_size": [10, 1]},
								"east": {"uv": [62, 22], "uv_size": [3, 1]},
								"south": {"uv": [46, 6], "uv_size": [10, 1]},
								"west": {"uv": [62, 24], "uv_size": [3, 1]},
								"up": {"uv": [30, 28], "uv_size": [10, 3]},
								"down": {"uv": [30, 35], "uv_size": [10, -3]}
							}
						},
						{
							"origin": [-1.02051, 0.08211, 0.99902],
							"size": [2.27562, 0.12903, 0.7038],
							"uv": {
								"north": {"uv": [46, 8], "uv_size": [10, 1]},
								"east": {"uv": [62, 28], "uv_size": [3, 1]},
								"south": {"uv": [46, 10], "uv_size": [10, 1]},
								"west": {"uv": [41, 62], "uv_size": [3, 1]},
								"up": {"uv": [6, 34], "uv_size": [10, 3]},
								"down": {"uv": [36, 3], "uv_size": [10, -3]}
							}
						},
						{
							"origin": [-1.02051, 0.12903, -1.11238],
							"size": [2.27562, 0.10557, 2.1114],
							"uv": {
								"north": {"uv": [46, 12], "uv_size": [10, 1]},
								"east": {"uv": [50, 36], "uv_size": [9, 1]},
								"south": {"uv": [46, 14], "uv_size": [10, 1]},
								"west": {"uv": [50, 38], "uv_size": [9, 1]},
								"up": {"uv": [0, 20], "uv_size": [10, 9]},
								"down": {"uv": [11, 29], "uv_size": [10, -9]}
							}
						},
						{
							"origin": [-1.02051, 0.83283, -1.10065],
							"size": [0.80937, 0.18768, 0.98532],
							"uv": {
								"north": {"uv": [62, 43], "uv_size": [3, 1]},
								"east": {"uv": [56, 32], "uv_size": [4, 1]},
								"south": {"uv": [45, 62], "uv_size": [3, 1]},
								"west": {"uv": [57, 12], "uv_size": [4, 1]},
								"up": {"uv": [32, 44], "uv_size": [3, 4]},
								"down": {"uv": [36, 48], "uv_size": [3, -4]}
							}
						},
						{
							"origin": [-0.83283, 0.89148, -0.91297],
							"size": [0.38709, 0.18768, 0.86802],
							"uv": {
								"north": {"uv": [38, 64], "uv_size": [2, 1]},
								"east": {"uv": [57, 14], "uv_size": [4, 1]},
								"south": {"uv": [64, 40], "uv_size": [2, 1]},
								"west": {"uv": [44, 57], "uv_size": [4, 1]},
								"up": {"uv": [36, 51], "uv_size": [2, 4]},
								"down": {"uv": [39, 55], "uv_size": [2, -4]}
							}
						},
						{
							"origin": [-0.80937, 0.74478, -0.97373],
							"size": [0.34017, 0.16422, 0.18768],
							"pivot": [-0.63929, 0.83862, -0.53972],
							"rotation": [-45, 0, 0],
							"uv": {
								"north": {"uv": [72, 48], "uv_size": [1, 1]},
								"east": {"uv": [72, 50], "uv_size": [1, 1]},
								"south": {"uv": [51, 72], "uv_size": [1, 1]},
								"west": {"uv": [53, 72], "uv_size": [1, 1]},
								"up": {"uv": [55, 72], "uv_size": [1, 1]},
								"down": {"uv": [57, 73], "uv_size": [1, -1]}
							}
						},
						{
							"origin": [-0.80937, 0.98876, -0.26321],
							"size": [0.34017, 0.16422, 0.18768],
							"pivot": [-0.63929, 1.07087, -0.16937],
							"rotation": [45, 0, 0],
							"uv": {
								"north": {"uv": [59, 72], "uv_size": [1, 1]},
								"east": {"uv": [72, 59], "uv_size": [1, 1]},
								"south": {"uv": [61, 72], "uv_size": [1, 1]},
								"west": {"uv": [72, 68], "uv_size": [1, 1]},
								"up": {"uv": [72, 70], "uv_size": [1, 1]},
								"down": {"uv": [72, 73], "uv_size": [1, -1]}
							}
						},
						{
							"origin": [0.71553, 0.98876, -0.26321],
							"size": [0.34017, 0.16422, 0.18768],
							"pivot": [0.88561, 1.07087, -0.16937],
							"rotation": [45, 0, 0],
							"uv": {
								"north": {"uv": [2, 73], "uv_size": [1, 1]},
								"east": {"uv": [73, 2], "uv_size": [1, 1]},
								"south": {"uv": [7, 73], "uv_size": [1, 1]},
								"west": {"uv": [73, 7], "uv_size": [1, 1]},
								"up": {"uv": [73, 9], "uv_size": [1, 1]},
								"down": {"uv": [73, 12], "uv_size": [1, -1]}
							}
						},
						{
							"origin": [0.71553, 0.74478, -0.97373],
							"size": [0.34017, 0.16422, 0.18768],
							"pivot": [0.88561, 0.83862, -0.53972],
							"rotation": [-45, 0, 0],
							"uv": {
								"north": {"uv": [12, 73], "uv_size": [1, 1]},
								"east": {"uv": [73, 13], "uv_size": [1, 1]},
								"south": {"uv": [14, 73], "uv_size": [1, 1]},
								"west": {"uv": [73, 15], "uv_size": [1, 1]},
								"up": {"uv": [73, 21], "uv_size": [1, 1]},
								"down": {"uv": [73, 24], "uv_size": [1, -1]}
							}
						},
						{
							"origin": [0.69207, 0.89148, -0.91297],
							"size": [0.38709, 0.18768, 0.86802],
							"uv": {
								"north": {"uv": [41, 64], "uv_size": [2, 1]},
								"east": {"uv": [15, 58], "uv_size": [4, 1]},
								"south": {"uv": [44, 64], "uv_size": [2, 1]},
								"west": {"uv": [58, 26], "uv_size": [4, 1]},
								"up": {"uv": [0, 52], "uv_size": [2, 4]},
								"down": {"uv": [3, 56], "uv_size": [2, -4]}
							}
						},
						{
							"origin": [1.21992, 0.38709, -0.91297],
							"size": [0.38709, 0.18768, 0.86802],
							"pivot": [1.41346, 0.5237, -0.47896],
							"rotation": [0, 0, 90],
							"uv": {
								"north": {"uv": [47, 64], "uv_size": [2, 1]},
								"east": {"uv": [58, 47], "uv_size": [4, 1]},
								"south": {"uv": [50, 64], "uv_size": [2, 1]},
								"west": {"uv": [58, 49], "uv_size": [4, 1]},
								"up": {"uv": [6, 52], "uv_size": [2, 4]},
								"down": {"uv": [9, 56], "uv_size": [2, -4]}
							}
						},
						{
							"origin": [1.24338, 0.25292, -0.82196],
							"size": [0.34017, 0.16422, 0.18768],
							"pivot": [1.41346, 0.5237, -0.47896],
							"rotation": [-45, 0, 90],
							"uv": {
								"north": {"uv": [73, 25], "uv_size": [1, 1]},
								"east": {"uv": [73, 27], "uv_size": [1, 1]},
								"south": {"uv": [73, 29], "uv_size": [1, 1]},
								"west": {"uv": [73, 31], "uv_size": [1, 1]},
								"up": {"uv": [32, 73], "uv_size": [1, 1]},
								"down": {"uv": [73, 34], "uv_size": [1, -1]}
							}
						},
						{
							"origin": [1.24338, 0.25292, -0.32364],
							"size": [0.34017, 0.16422, 0.18768],
							"pivot": [1.41346, 0.5237, -0.47896],
							"rotation": [45, 0, 90],
							"uv": {
								"north": {"uv": [34, 73], "uv_size": [1, 1]},
								"east": {"uv": [73, 35], "uv_size": [1, 1]},
								"south": {"uv": [73, 37], "uv_size": [1, 1]},
								"west": {"uv": [38, 73], "uv_size": [1, 1]},
								"up": {"uv": [73, 41], "uv_size": [1, 1]},
								"down": {"uv": [44, 74], "uv_size": [1, -1]}
							}
						},
						{
							"origin": [-1.38414, 0.25292, -0.82196],
							"size": [0.34017, 0.16422, 0.18768],
							"pivot": [-1.21406, 0.5237, -0.47896],
							"rotation": [-45, 0, -90],
							"uv": {
								"north": {"uv": [46, 73], "uv_size": [1, 1]},
								"east": {"uv": [48, 73], "uv_size": [1, 1]},
								"south": {"uv": [73, 52], "uv_size": [1, 1]},
								"west": {"uv": [73, 54], "uv_size": [1, 1]},
								"up": {"uv": [73, 56], "uv_size": [1, 1]},
								"down": {"uv": [73, 62], "uv_size": [1, -1]}
							}
						},
						{
							"origin": [-1.4076, 0.38709, -0.91297],
							"size": [0.38709, 0.18768, 0.86802],
							"pivot": [-1.21406, 0.5237, -0.47896],
							"rotation": [0, 0, -90],
							"uv": {
								"north": {"uv": [53, 64], "uv_size": [2, 1]},
								"east": {"uv": [58, 54], "uv_size": [4, 1]},
								"south": {"uv": [59, 64], "uv_size": [2, 1]},
								"west": {"uv": [58, 56], "uv_size": [4, 1]},
								"up": {"uv": [12, 52], "uv_size": [2, 4]},
								"down": {"uv": [52, 51], "uv_size": [2, -4]}
							}
						},
						{
							"origin": [-1.38414, 0.25292, -0.32364],
							"size": [0.34017, 0.16422, 0.18768],
							"pivot": [-1.21406, 0.5237, -0.47896],
							"rotation": [45, 0, -90],
							"uv": {
								"north": {"uv": [63, 73], "uv_size": [1, 1]},
								"east": {"uv": [73, 63], "uv_size": [1, 1]},
								"south": {"uv": [65, 73], "uv_size": [1, 1]},
								"west": {"uv": [73, 65], "uv_size": [1, 1]},
								"up": {"uv": [67, 73], "uv_size": [1, 1]},
								"down": {"uv": [69, 74], "uv_size": [1, -1]}
							}
						},
						{
							"origin": [-0.60519, 0.83283, -0.54578],
							"size": [0.16422, 0.18768, 0.28152],
							"pivot": [-0.84566, 0.92667, -0.05312],
							"rotation": [0, -45, 0],
							"uv": {
								"north": {"uv": [0, 74], "uv_size": [1, 1]},
								"east": {"uv": [74, 0], "uv_size": [1, 1]},
								"south": {"uv": [4, 74], "uv_size": [1, 1]},
								"west": {"uv": [74, 4], "uv_size": [1, 1]},
								"up": {"uv": [9, 74], "uv_size": [1, 1]},
								"down": {"uv": [16, 75], "uv_size": [1, -1]}
							}
						},
						{
							"origin": [-0.96221, 0.83283, -0.25609],
							"size": [0.16422, 0.18768, 0.28152],
							"pivot": [-0.82145, 0.92667, -0.11533],
							"rotation": [0, 45, 0],
							"uv": {
								"north": {"uv": [74, 17], "uv_size": [1, 1]},
								"east": {"uv": [18, 74], "uv_size": [1, 1]},
								"south": {"uv": [74, 19], "uv_size": [1, 1]},
								"west": {"uv": [20, 74], "uv_size": [1, 1]},
								"up": {"uv": [30, 74], "uv_size": [1, 1]},
								"down": {"uv": [36, 75], "uv_size": [1, -1]}
							}
						},
						{
							"origin": [-0.82145, 0.83283, -0.11533],
							"size": [0.41124, 0.18768, 0.19906],
							"uv": {
								"north": {"uv": [65, 0], "uv_size": [2, 1]},
								"east": {"uv": [74, 39], "uv_size": [1, 1]},
								"south": {"uv": [2, 65], "uv_size": [2, 1]},
								"west": {"uv": [40, 74], "uv_size": [1, 1]},
								"up": {"uv": [65, 2], "uv_size": [2, 1]},
								"down": {"uv": [65, 7], "uv_size": [2, -1]}
							}
						},
						{
							"origin": [-0.90356, 0.78591, 0.15446],
							"size": [0.16422, 0.18768, 0.28152],
							"pivot": [-0.7628, 0.87975, 0.29522],
							"rotation": [0, 45, 0],
							"uv": {
								"north": {"uv": [42, 74], "uv_size": [1, 1]},
								"east": {"uv": [74, 43], "uv_size": [1, 1]},
								"south": {"uv": [74, 45], "uv_size": [1, 1]},
								"west": {"uv": [74, 47], "uv_size": [1, 1]},
								"up": {"uv": [74, 49], "uv_size": [1, 1]},
								"down": {"uv": [50, 75], "uv_size": [1, -1]}
							}
						},
						{
							"origin": [-0.7628, 0.78591, 0.29522],
							"size": [0.29394, 0.18768, 0.19906],
							"uv": {
								"north": {"uv": [52, 74], "uv_size": [1, 1]},
								"east": {"uv": [54, 74], "uv_size": [1, 1]},
								"south": {"uv": [56, 74], "uv_size": [1, 1]},
								"west": {"uv": [58, 74], "uv_size": [1, 1]},
								"up": {"uv": [74, 58], "uv_size": [1, 1]},
								"down": {"uv": [60, 75], "uv_size": [1, -1]}
							}
						},
						{
							"origin": [-0.50949, 0.78591, 0.19593],
							"size": [0.16422, 0.18533, 0.28152],
							"pivot": [-0.42738, 0.87975, 0.33669],
							"rotation": [0, -45, 0],
							"uv": {
								"north": {"uv": [74, 67], "uv_size": [1, 1]},
								"east": {"uv": [74, 69], "uv_size": [1, 1]},
								"south": {"uv": [71, 74], "uv_size": [1, 1]},
								"west": {"uv": [74, 71], "uv_size": [1, 1]},
								"up": {"uv": [73, 74], "uv_size": [1, 1]},
								"down": {"uv": [2, 76], "uv_size": [1, -1]}
							}
						},
						{
							"origin": [-0.96186, 0.78591, -0.6901],
							"size": [0.69207, 0.18768, 0.98532],
							"uv": {
								"north": {"uv": [62, 45], "uv_size": [3, 1]},
								"east": {"uv": [58, 58], "uv_size": [4, 1]},
								"south": {"uv": [49, 62], "uv_size": [3, 1]},
								"west": {"uv": [59, 16], "uv_size": [4, 1]},
								"up": {"uv": [40, 44], "uv_size": [3, 4]},
								"down": {"uv": [44, 44], "uv_size": [3, -4]}
							}
						},
						{
							"origin": [-1.13307, 0.83312, 0.99902],
							"size": [0.16589, 0.08211, 0.7038],
							"pivot": [-1.05013, 0.87418, 0.29522],
							"rotation": [0, 0, -45],
							"uv": {
								"north": {"uv": [75, 2], "uv_size": [1, 1]},
								"east": {"uv": [62, 51], "uv_size": [3, 1]},
								"south": {"uv": [6, 75], "uv_size": [1, 1]},
								"west": {"uv": [53, 62], "uv_size": [3, 1]},
								"up": {"uv": [30, 62], "uv_size": [1, 3]},
								"down": {"uv": [57, 65], "uv_size": [1, -3]}
							}
						},
						{
							"origin": [1.20179, 0.12874, 0.99902],
							"size": [0.16589, 0.08211, 0.7038],
							"pivot": [1.28473, 0.16979, 0.29522],
							"rotation": [0, 0, -45],
							"uv": {
								"north": {"uv": [75, 6], "uv_size": [1, 1]},
								"east": {"uv": [59, 62], "uv_size": [3, 1]},
								"south": {"uv": [75, 8], "uv_size": [1, 1]},
								"west": {"uv": [62, 60], "uv_size": [3, 1]},
								"up": {"uv": [0, 63], "uv_size": [1, 3]},
								"down": {"uv": [63, 3], "uv_size": [1, -3]}
							}
						},
						{
							"origin": [1.20179, 0.17566, -1.11238],
							"size": [0.13271, 0.08211, 2.1114],
							"pivot": [1.28473, 0.21671, 0.29522],
							"rotation": [0, 0, -45],
							"uv": {
								"north": {"uv": [75, 10], "uv_size": [1, 1]},
								"east": {"uv": [50, 40], "uv_size": [9, 1]},
								"south": {"uv": [11, 75], "uv_size": [1, 1]},
								"west": {"uv": [50, 42], "uv_size": [9, 1]},
								"up": {"uv": [32, 51], "uv_size": [1, 9]},
								"down": {"uv": [34, 60], "uv_size": [1, -9]}
							}
						}
					]
				},
				{
					"name": "bone37",
					"parent": "dbal_a2",
					"pivot": [-0.64515, 1.12021, -0.47795],
					"cubes": [
						{
							"origin": [-0.79796, 0.90173, -0.74262],
							"size": [0.30562, 0.31967, 0.52934],
							"uv": {
								"north": {"uv": [75, 12], "uv_size": [1, 1]},
								"east": {"uv": [8, 65], "uv_size": [2, 1]},
								"south": {"uv": [13, 75], "uv_size": [1, 1]},
								"west": {"uv": [65, 8], "uv_size": [2, 1]},
								"up": {"uv": [65, 30], "uv_size": [1, 2]},
								"down": {"uv": [32, 67], "uv_size": [1, -2]}
							}
						},
						{
							"origin": [-0.99794, 0.90173, -0.85808],
							"size": [0.30562, 0.31967, 0.52934],
							"pivot": [-0.84513, 1.03762, -0.36249],
							"rotation": [0, -60, 0],
							"uv": {
								"north": {"uv": [75, 14], "uv_size": [1, 1]},
								"east": {"uv": [65, 20], "uv_size": [2, 1]},
								"south": {"uv": [75, 21], "uv_size": [1, 1]},
								"west": {"uv": [65, 53], "uv_size": [2, 1]},
								"up": {"uv": [34, 65], "uv_size": [1, 2]},
								"down": {"uv": [65, 57], "uv_size": [1, -2]}
							}
						},
						{
							"origin": [-0.59797, 0.90173, -0.85808],
							"size": [0.30562, 0.31967, 0.52934],
							"pivot": [-0.44517, 1.03762, -0.36249],
							"rotation": [0, 60, 0],
							"uv": {
								"north": {"uv": [75, 23], "uv_size": [1, 1]},
								"east": {"uv": [65, 58], "uv_size": [2, 1]},
								"south": {"uv": [75, 25], "uv_size": [1, 1]},
								"west": {"uv": [62, 65], "uv_size": [2, 1]},
								"up": {"uv": [65, 62], "uv_size": [1, 2]},
								"down": {"uv": [65, 67], "uv_size": [1, -2]}
							}
						}
					]
				},
				{
					"name": "bone38",
					"parent": "dbal_a2",
					"pivot": [0.87975, 1.12021, -0.47795],
					"cubes": [
						{
							"origin": [0.72694, 0.90173, -0.74262],
							"size": [0.30562, 0.31967, 0.52934],
							"uv": {
								"north": {"uv": [75, 27], "uv_size": [1, 1]},
								"east": {"uv": [66, 12], "uv_size": [2, 1]},
								"south": {"uv": [75, 29], "uv_size": [1, 1]},
								"west": {"uv": [66, 14], "uv_size": [2, 1]},
								"up": {"uv": [20, 66], "uv_size": [1, 2]},
								"down": {"uv": [66, 24], "uv_size": [1, -2]}
							}
						},
						{
							"origin": [0.52696, 0.90173, -0.85808],
							"size": [0.30562, 0.31967, 0.52934],
							"pivot": [0.67977, 1.03762, -0.36249],
							"rotation": [0, -60, 0],
							"uv": {
								"north": {"uv": [75, 31], "uv_size": [1, 1]},
								"east": {"uv": [66, 16], "uv_size": [2, 1]},
								"south": {"uv": [32, 75], "uv_size": [1, 1]},
								"west": {"uv": [66, 28], "uv_size": [2, 1]},
								"up": {"uv": [30, 66], "uv_size": [1, 2]},
								"down": {"uv": [36, 68], "uv_size": [1, -2]}
							}
						},
						{
							"origin": [0.92693, 0.90173, -0.85808],
							"size": [0.30562, 0.31967, 0.52934],
							"pivot": [1.07973, 1.03762, -0.36249],
							"rotation": [0, 60, 0],
							"uv": {
								"north": {"uv": [75, 33], "uv_size": [1, 1]},
								"east": {"uv": [66, 37], "uv_size": [2, 1]},
								"south": {"uv": [34, 75], "uv_size": [1, 1]},
								"west": {"uv": [38, 66], "uv_size": [2, 1]},
								"up": {"uv": [41, 66], "uv_size": [1, 2]},
								"down": {"uv": [66, 44], "uv_size": [1, -2]}
							}
						}
					]
				},
				{
					"name": "bone42",
					"parent": "dbal_a2",
					"pivot": [0.87975, 0.5689, -1.18175],
					"rotation": [-90, 0, 0],
					"cubes": [
						{
							"origin": [0.74222, 0.2491, -1.41996],
							"size": [0.27505, 0.46365, 0.47641],
							"uv": {
								"north": {"uv": [43, 66], "uv_size": [1, 2]},
								"east": {"uv": [49, 57], "uv_size": [2, 2]},
								"south": {"uv": [45, 66], "uv_size": [1, 2]},
								"west": {"uv": [59, 22], "uv_size": [2, 2]},
								"up": {"uv": [47, 66], "uv_size": [1, 2]},
								"down": {"uv": [49, 68], "uv_size": [1, -2]}
							}
						},
						{
							"origin": [0.56224, 0.2491, -1.52387],
							"size": [0.27505, 0.46365, 0.47641],
							"pivot": [0.69976, 0.54735, -1.07784],
							"rotation": [0, -60, 0],
							"uv": {
								"north": {"uv": [51, 66], "uv_size": [1, 2]},
								"east": {"uv": [59, 28], "uv_size": [2, 2]},
								"south": {"uv": [53, 66], "uv_size": [1, 2]},
								"west": {"uv": [42, 59], "uv_size": [2, 2]},
								"up": {"uv": [55, 66], "uv_size": [1, 2]},
								"down": {"uv": [57, 68], "uv_size": [1, -2]}
							}
						},
						{
							"origin": [0.92221, 0.2491, -1.52387],
							"size": [0.27505, 0.46365, 0.47641],
							"pivot": [1.05974, 0.54735, -1.07784],
							"rotation": [0, 60, 0],
							"uv": {
								"north": {"uv": [59, 66], "uv_size": [1, 2]},
								"east": {"uv": [59, 44], "uv_size": [2, 2]},
								"south": {"uv": [0, 67], "uv_size": [1, 2]},
								"west": {"uv": [45, 59], "uv_size": [2, 2]},
								"up": {"uv": [2, 67], "uv_size": [1, 2]},
								"down": {"uv": [4, 69], "uv_size": [1, -2]}
							}
						}
					]
				},
				{
					"name": "bone45",
					"parent": "dbal_a2",
					"pivot": [0.1173, 0.5689, 1.8094],
					"rotation": [-90, 0, 0],
					"cubes": [
						{
							"origin": [-0.02023, 0.2491, 1.57119],
							"size": [0.27505, 0.46365, 0.47641],
							"uv": {
								"north": {"uv": [6, 67], "uv_size": [1, 2]},
								"east": {"uv": [59, 51], "uv_size": [2, 2]},
								"south": {"uv": [8, 67], "uv_size": [1, 2]},
								"west": {"uv": [52, 59], "uv_size": [2, 2]},
								"up": {"uv": [10, 67], "uv_size": [1, 2]},
								"down": {"uv": [12, 69], "uv_size": [1, -2]}
							}
						},
						{
							"origin": [-0.20021, 0.2491, 1.46728],
							"size": [0.27505, 0.46365, 0.47641],
							"pivot": [-0.06269, 0.54735, 1.91331],
							"rotation": [0, -60, 0],
							"uv": {
								"north": {"uv": [14, 67], "uv_size": [1, 2]},
								"east": {"uv": [55, 59], "uv_size": [2, 2]},
								"south": {"uv": [16, 67], "uv_size": [1, 2]},
								"west": {"uv": [0, 60], "uv_size": [2, 2]},
								"up": {"uv": [18, 67], "uv_size": [1, 2]},
								"down": {"uv": [67, 27], "uv_size": [1, -2]}
							}
						},
						{
							"origin": [-0.10637, 0.52508, 1.40863],
							"size": [0.08737, 0.24078, 0.59371],
							"pivot": [-0.06269, 1.011, 1.91331],
							"rotation": [0, -60, 0],
							"uv": {
								"north": {"uv": [75, 35], "uv_size": [1, 1]},
								"east": {"uv": [2, 63], "uv_size": [3, 1]},
								"south": {"uv": [75, 37], "uv_size": [1, 1]},
								"west": {"uv": [63, 4], "uv_size": [3, 1]},
								"up": {"uv": [6, 63], "uv_size": [1, 3]},
								"down": {"uv": [63, 9], "uv_size": [1, -3]}
							}
						},
						{
							"origin": [0.15976, 0.2491, 1.46728],
							"size": [0.27505, 0.46365, 0.47641],
							"pivot": [0.29729, 0.54735, 1.91331],
							"rotation": [0, 60, 0],
							"uv": {
								"north": {"uv": [67, 30], "uv_size": [1, 2]},
								"east": {"uv": [60, 0], "uv_size": [2, 2]},
								"south": {"uv": [67, 33], "uv_size": [1, 2]},
								"west": {"uv": [3, 60], "uv_size": [2, 2]},
								"up": {"uv": [67, 39], "uv_size": [1, 2]},
								"down": {"uv": [67, 47], "uv_size": [1, -2]}
							}
						}
					]
				},
				{
					"name": "bone46",
					"parent": "dbal_a2",
					"pivot": [0.98532, 0.56891, 1.76256],
					"rotation": [-90, 0, 0],
					"cubes": [
						{
							"origin": [0.84779, 0.29595, 1.52435],
							"size": [0.27505, 0.46365, 0.47641],
							"uv": {
								"north": {"uv": [67, 48], "uv_size": [1, 2]},
								"east": {"uv": [60, 3], "uv_size": [2, 2]},
								"south": {"uv": [67, 55], "uv_size": [1, 2]},
								"west": {"uv": [6, 60], "uv_size": [2, 2]},
								"up": {"uv": [67, 60], "uv_size": [1, 2]},
								"down": {"uv": [61, 69], "uv_size": [1, -2]}
							}
						},
						{
							"origin": [0.66781, 0.29595, 1.42044],
							"size": [0.27505, 0.46365, 0.47641],
							"pivot": [0.80533, 0.59419, 1.86647],
							"rotation": [0, -60, 0],
							"uv": {
								"north": {"uv": [63, 67], "uv_size": [1, 2]},
								"east": {"uv": [60, 6], "uv_size": [2, 2]},
								"south": {"uv": [67, 63], "uv_size": [1, 2]},
								"west": {"uv": [9, 60], "uv_size": [2, 2]},
								"up": {"uv": [67, 66], "uv_size": [1, 2]},
								"down": {"uv": [68, 2], "uv_size": [1, -2]}
							}
						},
						{
							"origin": [0.94163, 0.57192, 1.4657],
							"size": [0.08737, 0.24078, 0.59371],
							"pivot": [0.98532, 0.69231, 1.76256],
							"rotation": [0, 60, 0],
							"uv": {
								"north": {"uv": [38, 75], "uv_size": [1, 1]},
								"east": {"uv": [8, 63], "uv_size": [3, 1]},
								"south": {"uv": [75, 41], "uv_size": [1, 1]},
								"west": {"uv": [63, 10], "uv_size": [3, 1]},
								"up": {"uv": [12, 63], "uv_size": [1, 3]},
								"down": {"uv": [14, 66], "uv_size": [1, -3]}
							}
						},
						{
							"origin": [1.02778, 0.29595, 1.42044],
							"size": [0.27505, 0.46365, 0.47641],
							"pivot": [1.16531, 0.59419, 1.86647],
							"rotation": [0, 60, 0],
							"uv": {
								"north": {"uv": [68, 3], "uv_size": [1, 2]},
								"east": {"uv": [60, 9], "uv_size": [2, 2]},
								"south": {"uv": [68, 6], "uv_size": [1, 2]},
								"west": {"uv": [12, 60], "uv_size": [2, 2]},
								"up": {"uv": [68, 9], "uv_size": [1, 2]},
								"down": {"uv": [68, 20], "uv_size": [1, -2]}
							}
						}
					]
				},
				{
					"name": "bone44",
					"parent": "dbal_a2",
					"pivot": [-0.52785, 0.5689, 1.72729],
					"rotation": [-90, 0, 0],
					"cubes": [
						{
							"origin": [-0.66538, 0.43678, 1.48908],
							"size": [0.27505, 0.22905, 0.47641],
							"uv": {
								"north": {"uv": [44, 75], "uv_size": [1, 1]},
								"east": {"uv": [66, 51], "uv_size": [2, 1]},
								"south": {"uv": [46, 75], "uv_size": [1, 1]},
								"west": {"uv": [68, 21], "uv_size": [2, 1]},
								"up": {"uv": [32, 68], "uv_size": [1, 2]},
								"down": {"uv": [34, 70], "uv_size": [1, -2]}
							}
						},
						{
							"origin": [-0.63877, 0.65405, 1.5955],
							"size": [0.24531, 0.04692, 0.24012],
							"pivot": [-0.51612, 0.67751, 1.71556],
							"rotation": [0, -45, 0],
							"uv": {
								"north": {"uv": [48, 75], "uv_size": [1, 1]},
								"east": {"uv": [75, 51], "uv_size": [1, 1]},
								"south": {"uv": [75, 53], "uv_size": [1, 1]},
								"west": {"uv": [75, 55], "uv_size": [1, 1]},
								"up": {"uv": [75, 60], "uv_size": [1, 1]},
								"down": {"uv": [62, 76], "uv_size": [1, -1]}
							}
						},
						{
							"origin": [-0.84536, 0.43678, 1.38517],
							"size": [0.27505, 0.22905, 0.47641],
							"pivot": [-0.70784, 0.54735, 1.8312],
							"rotation": [0, -60, 0],
							"uv": {
								"north": {"uv": [75, 62], "uv_size": [1, 1]},
								"east": {"uv": [68, 23], "uv_size": [2, 1]},
								"south": {"uv": [64, 75], "uv_size": [1, 1]},
								"west": {"uv": [38, 68], "uv_size": [2, 1]},
								"up": {"uv": [68, 42], "uv_size": [1, 2]},
								"down": {"uv": [65, 70], "uv_size": [1, -2]}
							}
						},
						{
							"origin": [-0.48539, 0.43678, 1.38517],
							"size": [0.27505, 0.22905, 0.47641],
							"pivot": [-0.34786, 0.54735, 1.8312],
							"rotation": [0, 60, 0],
							"uv": {
								"north": {"uv": [75, 64], "uv_size": [1, 1]},
								"east": {"uv": [68, 53], "uv_size": [2, 1]},
								"south": {"uv": [66, 75], "uv_size": [1, 1]},
								"west": {"uv": [68, 58], "uv_size": [2, 1]},
								"up": {"uv": [69, 12], "uv_size": [1, 2]},
								"down": {"uv": [69, 17], "uv_size": [1, -2]}
							}
						}
					]
				},
				{
					"name": "bone43",
					"parent": "dbal_a2",
					"pivot": [-0.7038, 0.62755, -1.26973],
					"rotation": [-90, 0, 0],
					"cubes": [
						{
							"origin": [-0.85646, 0.37023, -1.53413],
							"size": [0.30531, 0.51465, 0.64611],
							"uv": {
								"north": {"uv": [20, 69], "uv_size": [1, 2]},
								"east": {"uv": [52, 52], "uv_size": [3, 2]},
								"south": {"uv": [69, 25], "uv_size": [1, 2]},
								"west": {"uv": [55, 44], "uv_size": [3, 2]},
								"up": {"uv": [16, 63], "uv_size": [1, 3]},
								"down": {"uv": [18, 66], "uv_size": [1, -3]}
							}
						},
						{
							"origin": [-1.05624, 0.37023, -1.64948],
							"size": [0.30531, 0.51465, 0.52881],
							"pivot": [-0.90358, 0.70128, -1.15438],
							"rotation": [0, -60, 0],
							"uv": {
								"north": {"uv": [69, 28], "uv_size": [1, 2]},
								"east": {"uv": [15, 60], "uv_size": [2, 2]},
								"south": {"uv": [30, 69], "uv_size": [1, 2]},
								"west": {"uv": [18, 60], "uv_size": [2, 2]},
								"up": {"uv": [69, 31], "uv_size": [1, 2]},
								"down": {"uv": [69, 36], "uv_size": [1, -2]}
							}
						},
						{
							"origin": [-0.65667, 0.37023, -1.64948],
							"size": [0.30531, 0.51465, 0.52881],
							"pivot": [-0.50402, 0.70128, -1.15438],
							"rotation": [0, 60, 0],
							"uv": {
								"north": {"uv": [36, 69], "uv_size": [1, 2]},
								"east": {"uv": [60, 34], "uv_size": [2, 2]},
								"south": {"uv": [69, 37], "uv_size": [1, 2]},
								"west": {"uv": [36, 60], "uv_size": [2, 2]},
								"up": {"uv": [41, 69], "uv_size": [1, 2]},
								"down": {"uv": [43, 71], "uv_size": [1, -2]}
							}
						}
					]
				},
				{
					"name": "bone41",
					"parent": "dbal_a2",
					"pivot": [0.1173, 0.5689, -1.19348],
					"rotation": [-90, 0, 0],
					"cubes": [
						{
							"origin": [-0.08746, 0.4603, -1.54814],
							"size": [0.40953, 0.21721, 0.70932],
							"uv": {
								"north": {"uv": [69, 40], "uv_size": [2, 1]},
								"east": {"uv": [63, 18], "uv_size": [3, 1]},
								"south": {"uv": [45, 69], "uv_size": [2, 1]},
								"west": {"uv": [63, 26], "uv_size": [3, 1]},
								"up": {"uv": [55, 47], "uv_size": [2, 3]},
								"down": {"uv": [52, 58], "uv_size": [2, -3]}
							}
						},
						{
							"origin": [-0.02881, 0.40165, -1.337],
							"size": [0.29223, 0.27586, 0.28704],
							"pivot": [0.1173, 0.53958, -1.19348],
							"rotation": [0, -45, 0],
							"uv": {
								"north": {"uv": [75, 75], "uv_size": [1, 1]},
								"east": {"uv": [0, 76], "uv_size": [1, 1]},
								"south": {"uv": [76, 0], "uv_size": [1, 1]},
								"west": {"uv": [4, 76], "uv_size": [1, 1]},
								"up": {"uv": [76, 4], "uv_size": [1, 1]},
								"down": {"uv": [8, 77], "uv_size": [1, -1]}
							}
						},
						{
							"origin": [0.73364, 0.23743, -1.337],
							"size": [0.29223, 0.27586, 0.28704],
							"pivot": [0.87975, 0.37536, -1.19348],
							"rotation": [0, -45, 0],
							"uv": {
								"north": {"uv": [15, 76], "uv_size": [1, 1]},
								"east": {"uv": [76, 16], "uv_size": [1, 1]},
								"south": {"uv": [17, 76], "uv_size": [1, 1]},
								"west": {"uv": [76, 18], "uv_size": [1, 1]},
								"up": {"uv": [19, 76], "uv_size": [1, 1]},
								"down": {"uv": [30, 77], "uv_size": [1, -1]}
							}
						},
						{
							"origin": [-0.84991, 0.20224, -1.40738],
							"size": [0.29223, 0.27586, 0.28704],
							"pivot": [-0.7038, 0.34017, -1.26386],
							"rotation": [0, -45, 0],
							"uv": {
								"north": {"uv": [36, 76], "uv_size": [1, 1]},
								"east": {"uv": [76, 39], "uv_size": [1, 1]},
								"south": {"uv": [40, 76], "uv_size": [1, 1]},
								"west": {"uv": [42, 76], "uv_size": [1, 1]},
								"up": {"uv": [76, 43], "uv_size": [1, 1]},
								"down": {"uv": [76, 46], "uv_size": [1, -1]}
							}
						},
						{
							"origin": [-0.35544, 0.4603, -1.70286],
							"size": [0.40953, 0.21721, 0.70932],
							"pivot": [-0.15068, 0.66584, -1.03876],
							"rotation": [0, -60, 0],
							"uv": {
								"north": {"uv": [69, 45], "uv_size": [2, 1]},
								"east": {"uv": [63, 33], "uv_size": [3, 1]},
								"south": {"uv": [69, 47], "uv_size": [2, 1]},
								"west": {"uv": [63, 35], "uv_size": [3, 1]},
								"up": {"uv": [55, 55], "uv_size": [2, 3]},
								"down": {"uv": [56, 19], "uv_size": [2, -3]}
							}
						},
						{
							"origin": [0.18052, 0.4603, -1.70286],
							"size": [0.40953, 0.21721, 0.70932],
							"pivot": [0.38528, 0.66584, -1.03876],
							"rotation": [0, 60, 0],
							"uv": {
								"north": {"uv": [48, 69], "uv_size": [2, 1]},
								"east": {"uv": [63, 47], "uv_size": [3, 1]},
								"south": {"uv": [69, 49], "uv_size": [2, 1]},
								"west": {"uv": [63, 49], "uv_size": [3, 1]},
								"up": {"uv": [36, 56], "uv_size": [2, 3]},
								"down": {"uv": [39, 59], "uv_size": [2, -3]}
							}
						}
					]
				},
				{
					"name": "bone40",
					"parent": "dbal_a2",
					"pivot": [0.10557, 0.53371, -0.47795],
					"rotation": [0, 30, 90],
					"cubes": [
						{
							"origin": [-0.04724, -0.97507, -0.74262],
							"size": [0.30562, 3.01757, 0.52934],
							"uv": {
								"north": {"uv": [15, 38], "uv_size": [1, 13]},
								"east": {"uv": [18, 30], "uv_size": [2, 13]},
								"south": {"uv": [42, 8], "uv_size": [1, 13]},
								"west": {"uv": [0, 38], "uv_size": [2, 13]},
								"up": {"uv": [51, 69], "uv_size": [1, 2]},
								"down": {"uv": [53, 71], "uv_size": [1, -2]}
							}
						},
						{
							"origin": [-0.24722, -0.97507, -0.85808],
							"size": [0.30562, 3.01757, 0.52934],
							"pivot": [-0.09441, 1.85872, -0.36249],
							"rotation": [0, -60, 0],
							"uv": {
								"north": {"uv": [44, 8], "uv_size": [1, 13]},
								"east": {"uv": [3, 38], "uv_size": [2, 13]},
								"south": {"uv": [17, 44], "uv_size": [1, 13]},
								"west": {"uv": [6, 38], "uv_size": [2, 13]},
								"up": {"uv": [55, 69], "uv_size": [1, 2]},
								"down": {"uv": [69, 57], "uv_size": [1, -2]}
							}
						},
						{
							"origin": [0.15275, -0.97507, -0.85808],
							"size": [0.30562, 3.01757, 0.52934],
							"pivot": [0.30555, 1.85872, -0.36249],
							"rotation": [0, 60, 0],
							"uv": {
								"north": {"uv": [19, 44], "uv_size": [1, 13]},
								"east": {"uv": [9, 38], "uv_size": [2, 13]},
								"south": {"uv": [30, 44], "uv_size": [1, 13]},
								"west": {"uv": [12, 38], "uv_size": [2, 13]},
								"up": {"uv": [57, 69], "uv_size": [1, 2]},
								"down": {"uv": [59, 71], "uv_size": [1, -2]}
							}
						}
					]
				},
				{
					"name": "bone39",
					"parent": "dbal_a2",
					"pivot": [0.87975, 1.00291, 0.6364],
					"cubes": [
						{
							"origin": [0.72694, 0.90173, 0.37173],
							"size": [0.30562, 0.14372, 0.52934],
							"uv": {
								"north": {"uv": [76, 47], "uv_size": [1, 1]},
								"east": {"uv": [69, 51], "uv_size": [2, 1]},
								"south": {"uv": [76, 49], "uv_size": [1, 1]},
								"west": {"uv": [69, 60], "uv_size": [2, 1]},
								"up": {"uv": [69, 62], "uv_size": [1, 2]},
								"down": {"uv": [69, 67], "uv_size": [1, -2]}
							}
						},
						{
							"origin": [0.52696, 0.90173, 0.25627],
							"size": [0.30562, 0.14372, 0.52934],
							"pivot": [0.67977, 0.92032, 0.75186],
							"rotation": [0, -60, 0],
							"uv": {
								"north": {"uv": [50, 76], "uv_size": [1, 1]},
								"east": {"uv": [67, 69], "uv_size": [2, 1]},
								"south": {"uv": [52, 76], "uv_size": [1, 1]},
								"west": {"uv": [0, 70], "uv_size": [2, 1]},
								"up": {"uv": [70, 0], "uv_size": [1, 2]},
								"down": {"uv": [3, 72], "uv_size": [1, -2]}
							}
						},
						{
							"origin": [0.92693, 0.90173, 0.25627],
							"size": [0.30562, 0.14372, 0.52934],
							"pivot": [1.07973, 0.92032, 0.75186],
							"rotation": [0, 60, 0],
							"uv": {
								"north": {"uv": [54, 76], "uv_size": [1, 1]},
								"east": {"uv": [70, 3], "uv_size": [2, 1]},
								"south": {"uv": [56, 76], "uv_size": [1, 1]},
								"west": {"uv": [5, 70], "uv_size": [2, 1]},
								"up": {"uv": [70, 5], "uv_size": [1, 2]},
								"down": {"uv": [8, 72], "uv_size": [1, -2]}
							}
						}
					]
				},
				{
					"name": "bone47",
					"parent": "dbal_a2",
					"pivot": [0.87975, 1.03224, 0.6364],
					"cubes": [
						{
							"origin": [0.75445, 0.97332, 0.41937],
							"size": [0.25061, 0.11785, 0.43406],
							"uv": {
								"north": {"uv": [76, 57], "uv_size": [1, 1]},
								"east": {"uv": [70, 8], "uv_size": [2, 1]},
								"south": {"uv": [58, 76], "uv_size": [1, 1]},
								"west": {"uv": [10, 70], "uv_size": [2, 1]},
								"up": {"uv": [13, 70], "uv_size": [1, 2]},
								"down": {"uv": [15, 72], "uv_size": [1, -2]}
							}
						},
						{
							"origin": [0.59046, 0.97332, 0.32469],
							"size": [0.25061, 0.11785, 0.43406],
							"pivot": [0.71576, 0.98856, 0.73108],
							"rotation": [0, -60, 0],
							"uv": {
								"north": {"uv": [60, 76], "uv_size": [1, 1]},
								"east": {"uv": [70, 10], "uv_size": [2, 1]},
								"south": {"uv": [76, 66], "uv_size": [1, 1]},
								"west": {"uv": [17, 70], "uv_size": [2, 1]},
								"up": {"uv": [70, 18], "uv_size": [1, 2]},
								"down": {"uv": [38, 72], "uv_size": [1, -2]}
							}
						},
						{
							"origin": [0.91843, 0.97332, 0.32469],
							"size": [0.25061, 0.11785, 0.43406],
							"pivot": [1.04374, 0.98856, 0.73108],
							"rotation": [0, 60, 0],
							"uv": {
								"north": {"uv": [76, 68], "uv_size": [1, 1]},
								"east": {"uv": [70, 42], "uv_size": [2, 1]},
								"south": {"uv": [70, 76], "uv_size": [1, 1]},
								"west": {"uv": [61, 70], "uv_size": [2, 1]},
								"up": {"uv": [70, 68], "uv_size": [1, 2]},
								"down": {"uv": [71, 14], "uv_size": [1, -2]}
							}
						}
					]
				},
				{
					"name": "laser_beam",
					"pivot": [-0.7, 0.64063, -0.625]
				}
			]
		}
	]
}