{
	"format_version": "1.12.0",
	"minecraft:geometry": [
		{
			"description": {
				"identifier": "geometry.m7_silencer_geo",
				"texture_width": 16,
				"texture_height": 16,
				"visible_bounds_width": 2,
				"visible_bounds_height": 1.5,
				"visible_bounds_offset": [0, 0.25, 0]
			},
			"bones": [
				{
					"name": "M7_muzzle_s",
					"pivot": [0, -10.875, 19.975]
				},
				{
					"name": "M7_muzzle_s1",
					"parent": "M7_muzzle_s",
					"pivot": [0, -9.4, 13.025]
				},
				{
					"name": "bone38",
					"parent": "M7_muzzle_s1",
					"pivot": [0.0155, 0.01108, -2.69587],
					"cubes": [
						{
							"origin": [-0.07632, -1.3278, -8.36991],
							"size": [0.83808, 2.02331, 6.78583],
							"pivot": [0.34272, 0.01108, 1.87035],
							"rotation": [0, 0, 90],
							"uv": {
								"north": {"uv": [1.46875, 6.375], "uv_size": [0.125, 0.28125]},
								"east": {"uv": [0.3125, 0.84375], "uv_size": [0.90625, 0.28125]},
								"south": {"uv": [2.09375, 6.375], "uv_size": [0.125, 0.28125]},
								"west": {"uv": [0.9375, 0], "uv_size": [0.90625, 0.28125]},
								"up": {"uv": [1, 3.9375], "uv_size": [0.125, 0.90625]},
								"down": {"uv": [1.65625, 4.84375], "uv_size": [0.125, -0.90625]}
							}
						},
						{
							"origin": [-0.63492, -1.09642, -8.36991],
							"size": [0.83808, 2.02331, 6.78583],
							"pivot": [-0.21588, 0.24245, 1.87035],
							"rotation": [0, 0, -45],
							"uv": {
								"north": {"uv": [6.21875, 6.375], "uv_size": [0.125, 0.28125]},
								"east": {"uv": [0.9375, 0.3125], "uv_size": [0.90625, 0.28125]},
								"south": {"uv": [6.375, 6.28125], "uv_size": [0.125, 0.28125]},
								"west": {"uv": [0.3125, 1.15625], "uv_size": [0.90625, 0.28125]},
								"up": {"uv": [1.8125, 3.9375], "uv_size": [0.125, 0.90625]},
								"down": {"uv": [1.96875, 4.84375], "uv_size": [0.125, -0.90625]}
							}
						},
						{
							"origin": [-0.17216, -1.09642, -8.36991],
							"size": [0.83808, 2.02331, 6.78583],
							"pivot": [0.24688, 0.24245, 1.87035],
							"rotation": [0, 0, 45],
							"uv": {
								"north": {"uv": [6.4375, 5.40625], "uv_size": [0.125, 0.28125]},
								"east": {"uv": [1.25, 0.625], "uv_size": [0.90625, 0.28125]},
								"south": {"uv": [2.25, 6.46875], "uv_size": [0.125, 0.28125]},
								"west": {"uv": [1.25, 0.9375], "uv_size": [0.90625, 0.28125]},
								"up": {"uv": [2.125, 3.9375], "uv_size": [0.125, 0.90625]},
								"down": {"uv": [2.28125, 4.84375], "uv_size": [0.125, -0.90625]}
							}
						},
						{
							"origin": [-0.40354, -1.00058, -8.36991],
							"size": [0.83808, 2.02331, 6.78583],
							"uv": {
								"north": {"uv": [6.46875, 4], "uv_size": [0.125, 0.28125]},
								"east": {"uv": [1.25, 1.25], "uv_size": [0.90625, 0.28125]},
								"south": {"uv": [6.46875, 4.3125], "uv_size": [0.125, 0.28125]},
								"west": {"uv": [0.3125, 1.46875], "uv_size": [0.90625, 0.28125]},
								"up": {"uv": [0.40625, 3.96875], "uv_size": [0.125, 0.90625]},
								"down": {"uv": [3.96875, 2.4375], "uv_size": [0.125, -0.90625]}
							}
						}
					]
				},
				{
					"name": "bone39",
					"parent": "M7_muzzle_s1",
					"pivot": [0.0155, 0.01108, -3.2445],
					"cubes": [
						{
							"origin": [-0.07173, -1.26086, -1.61677],
							"size": [0.79618, 1.92214, 1.59554],
							"pivot": [0.32636, 0.01108, 3.26048],
							"rotation": [0, 0, 90],
							"uv": {
								"north": {"uv": [7.1875, 7.25], "uv_size": [0.09375, 0.25]},
								"east": {"uv": [5.5625, 4.3125], "uv_size": [0.21875, 0.25]},
								"south": {"uv": [7.28125, 0], "uv_size": [0.09375, 0.25]},
								"west": {"uv": [5.5625, 4.59375], "uv_size": [0.21875, 0.25]},
								"up": {"uv": [7.40625, 2.90625], "uv_size": [0.09375, 0.21875]},
								"down": {"uv": [3.03125, 7.625], "uv_size": [0.09375, -0.21875]}
							}
						},
						{
							"origin": [-0.6024, -1.04104, -1.61677],
							"size": [0.79618, 1.92214, 1.59554],
							"pivot": [-0.20431, 0.23089, 3.26048],
							"rotation": [0, 0, -45],
							"uv": {
								"north": {"uv": [7.28125, 0.28125], "uv_size": [0.09375, 0.25]},
								"east": {"uv": [4.25, 5.59375], "uv_size": [0.21875, 0.25]},
								"south": {"uv": [7.28125, 0.5625], "uv_size": [0.09375, 0.25]},
								"west": {"uv": [0, 5.6875], "uv_size": [0.21875, 0.25]},
								"up": {"uv": [3.15625, 7.40625], "uv_size": [0.09375, 0.21875]},
								"down": {"uv": [7.40625, 4.40625], "uv_size": [0.09375, -0.21875]}
							}
						},
						{
							"origin": [-0.16278, -1.04104, -1.61677],
							"size": [0.79618, 1.92214, 1.59554],
							"pivot": [0.23531, 0.23089, 3.26048],
							"rotation": [0, 0, 45],
							"uv": {
								"north": {"uv": [2.75, 7.28125], "uv_size": [0.09375, 0.25]},
								"east": {"uv": [5.6875, 4.875], "uv_size": [0.21875, 0.25]},
								"south": {"uv": [7.28125, 2.875], "uv_size": [0.09375, 0.25]},
								"west": {"uv": [2.125, 5.71875], "uv_size": [0.21875, 0.25]},
								"up": {"uv": [5.53125, 7.40625], "uv_size": [0.09375, 0.21875]},
								"down": {"uv": [1.34375, 7.65625], "uv_size": [0.09375, -0.21875]}
							}
						},
						{
							"origin": [-0.38259, -0.95, -1.61677],
							"size": [0.79618, 1.92214, 1.59554],
							"uv": {
								"north": {"uv": [5.1875, 7.28125], "uv_size": [0.09375, 0.25]},
								"east": {"uv": [4.5, 5.71875], "uv_size": [0.21875, 0.25]},
								"south": {"uv": [0, 7.3125], "uv_size": [0.09375, 0.25]},
								"west": {"uv": [5.75, 1.5], "uv_size": [0.21875, 0.25]},
								"up": {"uv": [7.4375, 1.375], "uv_size": [0.09375, 0.21875]},
								"down": {"uv": [1.625, 7.65625], "uv_size": [0.09375, -0.21875]}
							}
						}
					]
				},
				{
					"name": "bone40",
					"parent": "M7_muzzle_s1",
					"pivot": [0.0155, 0.01108, -0.53025],
					"cubes": [
						{
							"origin": [0.04377, -1.31861, -1.03927],
							"size": [0.56518, 2.03764, 1.01804],
							"pivot": [0.32636, 0.01108, 3.26048],
							"rotation": [0, 0, 90],
							"uv": {
								"north": {"uv": [2.28125, 7.71875], "uv_size": [0.0625, 0.28125]},
								"east": {"uv": [0.8125, 6.5], "uv_size": [0.125, 0.28125]},
								"south": {"uv": [0.28125, 7.75], "uv_size": [0.0625, 0.28125]},
								"west": {"uv": [6.0625, 6.5], "uv_size": [0.125, 0.28125]},
								"up": {"uv": [3.46875, 8.6875], "uv_size": [0.0625, 0.125]},
								"down": {"uv": [3.90625, 8.8125], "uv_size": [0.0625, -0.125]}
							}
						},
						{
							"origin": [-0.4869, -1.09879, -1.03927],
							"size": [0.56518, 2.03764, 1.01804],
							"pivot": [-0.20431, 0.23089, 3.26048],
							"rotation": [0, 0, -45],
							"uv": {
								"north": {"uv": [6.125, 7.75], "uv_size": [0.0625, 0.28125]},
								"east": {"uv": [4, 6.53125], "uv_size": [0.125, 0.28125]},
								"south": {"uv": [6.21875, 7.75], "uv_size": [0.0625, 0.28125]},
								"west": {"uv": [6.53125, 6.28125], "uv_size": [0.125, 0.28125]},
								"up": {"uv": [4.5, 8.6875], "uv_size": [0.0625, 0.125]},
								"down": {"uv": [7.78125, 8.8125], "uv_size": [0.0625, -0.125]}
							}
						},
						{
							"origin": [-0.04728, -1.09879, -1.03927],
							"size": [0.56518, 2.03764, 1.01804],
							"pivot": [0.23531, 0.23089, 3.26048],
							"rotation": [0, 0, 45],
							"uv": {
								"north": {"uv": [1.9375, 7.78125], "uv_size": [0.0625, 0.28125]},
								"east": {"uv": [6.5625, 1.6875], "uv_size": [0.125, 0.28125]},
								"south": {"uv": [7.78125, 2.3125], "uv_size": [0.0625, 0.28125]},
								"west": {"uv": [2.53125, 6.5625], "uv_size": [0.125, 0.28125]},
								"up": {"uv": [7.875, 8.6875], "uv_size": [0.0625, 0.125]},
								"down": {"uv": [7.96875, 8.8125], "uv_size": [0.0625, -0.125]}
							}
						},
						{
							"origin": [-0.26709, -1.00775, -1.03927],
							"size": [0.56518, 2.03764, 1.01804],
							"uv": {
								"north": {"uv": [7.78125, 4.1875], "uv_size": [0.0625, 0.28125]},
								"east": {"uv": [3.03125, 6.5625], "uv_size": [0.125, 0.28125]},
								"south": {"uv": [4.71875, 7.78125], "uv_size": [0.0625, 0.28125]},
								"west": {"uv": [3.6875, 6.5625], "uv_size": [0.125, 0.28125]},
								"up": {"uv": [3.1875, 8.71875], "uv_size": [0.0625, 0.125]},
								"down": {"uv": [3.625, 8.84375], "uv_size": [0.0625, -0.125]}
							}
						}
					]
				}
			]
		}
	]
}