{
	"format_version": "1.12.0",
	"minecraft:geometry": [
		{
			"description": {
				"identifier": "geometry.unknown",
				"texture_width": 960,
				"texture_height": 960,
				"visible_bounds_width": 512,
				"visible_bounds_height": 3,
				"visible_bounds_offset": [0, 0.5, 0]
			},
			"bones": [
				{
					"name": "laser_compact",
					"pivot": [-0.00057, -0.7831, -0.79868],
					"cubes": [
						{
							"origin": [-0.66609, -0.27697, -1.95286],
							"size": [1.32918, 0.48185, 1.97952],
							"uv": {
								"north": {"uv": [2190, 17100], "uv_size": [150, 60]},
								"east": {"uv": [2730, 15270], "uv_size": [210, 60]},
								"south": {"uv": [2880, 17100], "uv_size": [150, 60]},
								"west": {"uv": [2370, 16650], "uv_size": [210, 60]},
								"up": {"uv": [1650, 14730], "uv_size": [150, 210]},
								"down": {"uv": [930, 15780], "uv_size": [150, -210]}
							}
						},
						{
							"origin": [-0.69365, -0.20806, -1.53945],
							"size": [1.41186, 0.34404, 0.73928],
							"uv": {
								"north": {"uv": [3750, 14430], "uv_size": [150, 30]},
								"east": {"uv": [4350, 16080], "uv_size": [90, 30]},
								"south": {"uv": [1140, 17670], "uv_size": [150, 30]},
								"west": {"uv": [4350, 16590], "uv_size": [90, 30]},
								"up": {"uv": [2640, 14250], "uv_size": [150, 90]},
								"down": {"uv": [2670, 15240], "uv_size": [150, -90]}
							}
						},
						{
							"origin": [-0.79012, -0.14974, -1.27393],
							"size": [1.57722, 0.22049, 0.22049],
							"pivot": [-0.0015, -0.0604, -1.14545],
							"rotation": [-45, 0, 0],
							"uv": {
								"north": {"uv": [3630, 15600], "uv_size": [180, 30]},
								"east": {"uv": [270, 18900], "uv_size": [30, 30]},
								"south": {"uv": [2130, 17550], "uv_size": [180, 30]},
								"west": {"uv": [330, 18900], "uv_size": [30, 30]},
								"up": {"uv": [3630, 16350], "uv_size": [180, 30]},
								"down": {"uv": [3630, 16440], "uv_size": [180, -30]}
							}
						},
						{
							"origin": [-0.9417, -1.31003, -1.95286],
							"size": [1.88039, 0.82636, 2.25513],
							"uv": {
								"north": {"uv": [2310, 15270], "uv_size": [210, 90]},
								"east": {"uv": [2220, 13950], "uv_size": [240, 90]},
								"south": {"uv": [270, 16260], "uv_size": [210, 90]},
								"west": {"uv": [2310, 15060], "uv_size": [240, 90]},
								"up": {"uv": [1080, 13950], "uv_size": [210, 240]},
								"down": {"uv": [690, 15240], "uv_size": [210, -240]}
							}
						},
						{
							"origin": [-0.66609, -1.48918, -2.91749],
							"size": [1.32918, 0.68855, 1.2905],
							"uv": {
								"north": {"uv": [3180, 16920], "uv_size": [150, 60]},
								"east": {"uv": [3060, 17100], "uv_size": [150, 60]},
								"south": {"uv": [3180, 17010], "uv_size": [150, 60]},
								"west": {"uv": [210, 17130], "uv_size": [150, 60]},
								"up": {"uv": [2250, 16140], "uv_size": [150, 150]},
								"down": {"uv": [2310, 14370], "uv_size": [150, -150]}
							}
						},
						{
							"origin": [-0.53293, -1.31888, -2.93127],
							"size": [0.41341, 0.41341, 0.13295],
							"pivot": [-0.32623, -1.11217, -2.89236],
							"rotation": [0, 0, 45],
							"uv": {
								"north": {"uv": [2550, 18570], "uv_size": [30, 60]},
								"east": {"uv": [2610, 18570], "uv_size": [30, 60]},
								"south": {"uv": [2730, 18570], "uv_size": [30, 60]},
								"west": {"uv": [2790, 18570], "uv_size": [30, 60]},
								"up": {"uv": [4980, 14670], "uv_size": [30, 30]},
								"down": {"uv": [4980, 14760], "uv_size": [30, -30]}
							}
						},
						{
							"origin": [0.11475, -1.31888, -2.93127],
							"size": [0.41341, 0.41341, 0.13295],
							"pivot": [0.32145, -1.11217, -2.89236],
							"rotation": [0, 0, 45],
							"uv": {
								"north": {"uv": [2850, 18570], "uv_size": [30, 60]},
								"east": {"uv": [2910, 18570], "uv_size": [30, 60]},
								"south": {"uv": [2970, 18570], "uv_size": [30, 60]},
								"west": {"uv": [3030, 18570], "uv_size": [30, 60]},
								"up": {"uv": [4980, 14910], "uv_size": [30, 30]},
								"down": {"uv": [4980, 15000], "uv_size": [30, -30]}
							}
						},
						{
							"origin": [0.12853, -0.6712, -2.93127],
							"size": [0.24805, 0.24805, 0.13295],
							"pivot": [0.23877, -0.56096, -2.89236],
							"rotation": [0, 0, 45],
							"uv": {
								"north": {"uv": [1350, 18900], "uv_size": [30, 30]},
								"east": {"uv": [4980, 15270], "uv_size": [30, 30]},
								"south": {"uv": [1410, 18900], "uv_size": [30, 30]},
								"west": {"uv": [4980, 15330], "uv_size": [30, 30]},
								"up": {"uv": [1470, 18900], "uv_size": [30, 30]},
								"down": {"uv": [4980, 15420], "uv_size": [30, -30]}
							}
						},
						{
							"origin": [-0.38135, -0.6712, -2.93127],
							"size": [0.24805, 0.24805, 0.13295],
							"pivot": [-0.27111, -0.56096, -2.89236],
							"rotation": [0, 0, 45],
							"uv": {
								"north": {"uv": [4980, 15030], "uv_size": [30, 30]},
								"east": {"uv": [1170, 18900], "uv_size": [30, 30]},
								"south": {"uv": [4980, 15090], "uv_size": [30, 30]},
								"west": {"uv": [1230, 18900], "uv_size": [30, 30]},
								"up": {"uv": [1290, 18900], "uv_size": [30, 30]},
								"down": {"uv": [4980, 15240], "uv_size": [30, -30]}
							}
						},
						{
							"origin": [-0.38047, -0.80062, -2.91749],
							"size": [0.75792, 0.49472, 1.2905],
							"uv": {
								"north": {"uv": [3630, 14400], "uv_size": [90, 60]},
								"east": {"uv": [3210, 15090], "uv_size": [150, 60]},
								"south": {"uv": [690, 17550], "uv_size": [90, 60]},
								"west": {"uv": [1830, 17130], "uv_size": [150, 60]},
								"up": {"uv": [2640, 14070], "uv_size": [90, 150]},
								"down": {"uv": [1710, 16740], "uv_size": [90, -150]}
							}
						},
						{
							"origin": [0.12597, -0.3143, -2.91749],
							"size": [0.57125, 0.26136, 1.2905],
							"pivot": [0.03264, -0.39721, -2.20334],
							"rotation": [0, 0, 60],
							"uv": {
								"north": {"uv": [4620, 18270], "uv_size": [60, 30]},
								"east": {"uv": [3720, 15780], "uv_size": [150, 30]},
								"south": {"uv": [90, 18570], "uv_size": [60, 30]},
								"west": {"uv": [3720, 15840], "uv_size": [150, 30]},
								"up": {"uv": [1320, 17100], "uv_size": [60, 150]},
								"down": {"uv": [750, 17280], "uv_size": [60, -150]}
							}
						},
						{
							"origin": [-0.7196, -0.76306, -2.91749],
							"size": [0.57125, 0.26136, 1.2905],
							"pivot": [-0.43397, -0.60482, -2.20334],
							"rotation": [0, 0, -60],
							"uv": {
								"north": {"uv": [4650, 14070], "uv_size": [60, 30]},
								"east": {"uv": [3720, 15900], "uv_size": [150, 30]},
								"south": {"uv": [180, 18570], "uv_size": [60, 30]},
								"west": {"uv": [3720, 16110], "uv_size": [150, 30]},
								"up": {"uv": [840, 17130], "uv_size": [60, 150]},
								"down": {"uv": [1530, 17280], "uv_size": [60, -150]}
							}
						},
						{
							"origin": [-0.735, -0.49699, -1.95286],
							"size": [1.46698, 0.22002, 2.25513],
							"uv": {
								"north": {"uv": [1350, 17640], "uv_size": [150, 30]},
								"east": {"uv": [3360, 16380], "uv_size": [240, 30]},
								"south": {"uv": [1530, 17640], "uv_size": [150, 30]},
								"west": {"uv": [3360, 16440], "uv_size": [240, 30]},
								"up": {"uv": [1290, 14490], "uv_size": [150, 240]},
								"down": {"uv": [1320, 14190], "uv_size": [150, -240]}
							}
						},
						{
							"origin": [-0.735, -1.51674, -1.95286],
							"size": [1.46698, 0.20671, 2.25513],
							"uv": {
								"north": {"uv": [3720, 15660], "uv_size": [150, 30]},
								"east": {"uv": [3360, 17130], "uv_size": [240, 30]},
								"south": {"uv": [3720, 15720], "uv_size": [150, 30]},
								"west": {"uv": [30, 17310], "uv_size": [240, 30]},
								"up": {"uv": [1170, 15270], "uv_size": [150, 240]},
								"down": {"uv": [1350, 15510], "uv_size": [150, -240]}
							}
						},
						{
							"origin": [0.5565, 0.12619, -1.95286],
							"size": [0.29233, 0.20624, 2.25513],
							"pivot": [-0.09137, -0.1841, -0.8253],
							"rotation": [0, 0, 45],
							"uv": {
								"north": {"uv": [4950, 17670], "uv_size": [30, 30]},
								"east": {"uv": [3360, 14430], "uv_size": [240, 30]},
								"south": {"uv": [3810, 18870], "uv_size": [30, 30]},
								"west": {"uv": [2430, 17280], "uv_size": [240, 30]},
								"up": {"uv": [1200, 17280], "uv_size": [30, 240]},
								"down": {"uv": [1260, 17520], "uv_size": [30, -240]}
							}
						},
						{
							"origin": [-0.92621, -0.52108, -1.95286],
							"size": [0.29233, 0.20624, 2.25513],
							"pivot": [-0.73015, -0.41796, -0.8253],
							"rotation": [0, 0, -45],
							"uv": {
								"north": {"uv": [4950, 17730], "uv_size": [30, 30]},
								"east": {"uv": [3360, 16500], "uv_size": [240, 30]},
								"south": {"uv": [4950, 17790], "uv_size": [30, 30]},
								"west": {"uv": [3360, 16560], "uv_size": [240, 30]},
								"up": {"uv": [1320, 17280], "uv_size": [30, 240]},
								"down": {"uv": [2700, 17520], "uv_size": [30, -240]}
							}
						},
						{
							"origin": [-0.9417, -0.75882, -2.27873],
							"size": [1.88039, 0.27514, 0.32587],
							"uv": {
								"north": {"uv": [3450, 16290], "uv_size": [210, 30]},
								"east": {"uv": [4680, 18870], "uv_size": [30, 30]},
								"south": {"uv": [3480, 14190], "uv_size": [210, 30]},
								"west": {"uv": [4950, 18600], "uv_size": [30, 30]},
								"up": {"uv": [3480, 14250], "uv_size": [210, 30]},
								"down": {"uv": [3480, 14520], "uv_size": [210, -30]}
							}
						},
						{
							"origin": [-1.0106, -0.65832, -2.22528],
							"size": [2.0182, 0.22049, 0.22049],
							"pivot": [-0.0015, -0.54831, -2.11058],
							"rotation": [-45, 0, 0],
							"uv": {
								"north": {"uv": [3480, 15750], "uv_size": [210, 30]},
								"east": {"uv": [4980, 14070], "uv_size": [30, 30]},
								"south": {"uv": [3480, 15810], "uv_size": [210, 30]},
								"west": {"uv": [4980, 14130], "uv_size": [30, 30]},
								"up": {"uv": [3480, 15870], "uv_size": [210, 30]},
								"down": {"uv": [3480, 15960], "uv_size": [210, -30]}
							}
						},
						{
							"origin": [-0.735, -0.49699, -2.27873],
							"size": [1.46698, 0.22002, 0.32587],
							"uv": {
								"north": {"uv": [3720, 16170], "uv_size": [150, 30]},
								"east": {"uv": [4620, 18870], "uv_size": [30, 30]},
								"south": {"uv": [30, 17670], "uv_size": [150, 30]},
								"west": {"uv": [4950, 18540], "uv_size": [30, 30]},
								"up": {"uv": [3750, 14310], "uv_size": [150, 30]},
								"down": {"uv": [3750, 14400], "uv_size": [150, -30]}
							}
						},
						{
							"origin": [0.5565, 0.12619, -2.27873],
							"size": [0.29233, 0.20624, 0.32587],
							"pivot": [-0.09137, -0.1841, -1.15117],
							"rotation": [0, 0, 45],
							"uv": {
								"north": {"uv": [4230, 18870], "uv_size": [30, 30]},
								"east": {"uv": [4290, 18870], "uv_size": [30, 30]},
								"south": {"uv": [4950, 18240], "uv_size": [30, 30]},
								"west": {"uv": [4950, 18300], "uv_size": [30, 30]},
								"up": {"uv": [4950, 18360], "uv_size": [30, 30]},
								"down": {"uv": [4950, 18450], "uv_size": [30, -30]}
							}
						},
						{
							"origin": [-0.92621, -0.52108, -2.27873],
							"size": [0.29233, 0.20624, 0.32587],
							"pivot": [-0.73015, -0.41796, -1.15117],
							"rotation": [0, 0, -45],
							"uv": {
								"north": {"uv": [4050, 18870], "uv_size": [30, 30]},
								"east": {"uv": [4950, 17970], "uv_size": [30, 30]},
								"south": {"uv": [4110, 18870], "uv_size": [30, 30]},
								"west": {"uv": [4950, 18030], "uv_size": [30, 30]},
								"up": {"uv": [4170, 18870], "uv_size": [30, 30]},
								"down": {"uv": [4950, 18120], "uv_size": [30, -30]}
							}
						},
						{
							"origin": [0.60165, -1.40831, -1.95286],
							"size": [0.29233, 0.20624, 2.25513],
							"pivot": [0.7977, -1.30519, -0.8253],
							"rotation": [0, 0, -45],
							"uv": {
								"north": {"uv": [3990, 18870], "uv_size": [30, 30]},
								"east": {"uv": [3360, 17010], "uv_size": [240, 30]},
								"south": {"uv": [4950, 17910], "uv_size": [30, 30]},
								"west": {"uv": [3360, 17070], "uv_size": [240, 30]},
								"up": {"uv": [3180, 17280], "uv_size": [30, 240]},
								"down": {"uv": [3330, 17520], "uv_size": [30, -240]}
							}
						},
						{
							"origin": [-0.97135, -0.76104, -1.95286],
							"size": [0.29233, 0.20624, 2.25513],
							"pivot": [-1.61922, -1.07133, -0.8253],
							"rotation": [0, 0, 45],
							"uv": {
								"north": {"uv": [3930, 18870], "uv_size": [30, 30]},
								"east": {"uv": [3360, 16890], "uv_size": [240, 30]},
								"south": {"uv": [4950, 17850], "uv_size": [30, 30]},
								"west": {"uv": [3360, 16950], "uv_size": [240, 30]},
								"up": {"uv": [3060, 17280], "uv_size": [30, 240]},
								"down": {"uv": [3120, 17520], "uv_size": [30, -240]}
							}
						},
						{
							"origin": [0.60165, -1.40831, 0.30226],
							"size": [0.29233, 0.20624, 0.93221],
							"pivot": [0.7977, -1.30519, 1.42983],
							"rotation": [0, 0, -45],
							"uv": {
								"north": {"uv": [4920, 18870], "uv_size": [30, 30]},
								"east": {"uv": [4350, 14310], "uv_size": [90, 30]},
								"south": {"uv": [30, 18900], "uv_size": [30, 30]},
								"west": {"uv": [4350, 14370], "uv_size": [90, 30]},
								"up": {"uv": [4350, 14550], "uv_size": [30, 90]},
								"down": {"uv": [4350, 14760], "uv_size": [30, -90]}
							}
						},
						{
							"origin": [-0.735, -1.51674, 0.30226],
							"size": [0.36455, 0.20671, 0.93221],
							"uv": {
								"north": {"uv": [4950, 18720], "uv_size": [30, 30]},
								"east": {"uv": [4350, 14070], "uv_size": [90, 30]},
								"south": {"uv": [4860, 18870], "uv_size": [30, 30]},
								"west": {"uv": [210, 18270], "uv_size": [90, 30]},
								"up": {"uv": [90, 18270], "uv_size": [30, 90]},
								"down": {"uv": [390, 18360], "uv_size": [30, -90]}
							}
						},
						{
							"origin": [-0.97135, -0.76104, 0.30226],
							"size": [0.29233, 0.20624, 0.93221],
							"pivot": [-1.61922, -1.07133, 1.42983],
							"rotation": [0, 0, 45],
							"uv": {
								"north": {"uv": [4740, 18870], "uv_size": [30, 30]},
								"east": {"uv": [4320, 17940], "uv_size": [90, 30]},
								"south": {"uv": [4800, 18870], "uv_size": [30, 30]},
								"west": {"uv": [4320, 18000], "uv_size": [90, 30]},
								"up": {"uv": [3990, 18240], "uv_size": [30, 90]},
								"down": {"uv": [30, 18360], "uv_size": [30, -90]}
							}
						},
						{
							"origin": [-0.9417, -1.31003, 0.30226],
							"size": [0.58503, 0.41295, 0.93221],
							"uv": {
								"north": {"uv": [390, 18570], "uv_size": [60, 30]},
								"east": {"uv": [4320, 17370], "uv_size": [90, 30]},
								"south": {"uv": [480, 18570], "uv_size": [60, 30]},
								"west": {"uv": [4320, 17670], "uv_size": [90, 30]},
								"up": {"uv": [930, 17550], "uv_size": [60, 90]},
								"down": {"uv": [3630, 15150], "uv_size": [60, -90]}
							}
						},
						{
							"origin": [-0.98304, -1.31003, 0.57787],
							"size": [0.58503, 0.48185, 0.38099],
							"uv": {
								"north": {"uv": [30, 18000], "uv_size": [60, 60]},
								"east": {"uv": [1590, 18570], "uv_size": [30, 60]},
								"south": {"uv": [120, 18000], "uv_size": [60, 60]},
								"west": {"uv": [1860, 18570], "uv_size": [30, 60]},
								"up": {"uv": [4650, 15900], "uv_size": [60, 30]},
								"down": {"uv": [2040, 18600], "uv_size": [60, -30]}
							}
						},
						{
							"origin": [-0.94235, -1.0471, 0.18974],
							"size": [0.58503, 0.35783, 1.01489],
							"pivot": [-0.64918, -0.86819, 0.69719],
							"rotation": [-22.5, 0, 0],
							"uv": {
								"north": {"uv": [570, 18570], "uv_size": [60, 30]},
								"east": {"uv": [4050, 16230], "uv_size": [120, 30]},
								"south": {"uv": [660, 18570], "uv_size": [60, 30]},
								"west": {"uv": [3390, 17970], "uv_size": [120, 30]},
								"up": {"uv": [480, 17310], "uv_size": [60, 120]},
								"down": {"uv": [720, 17430], "uv_size": [60, -120]}
							}
						},
						{
							"origin": [-0.89198, -0.83464, 0.21121],
							"size": [0.48857, 0.33026, 1.07001],
							"pivot": [-0.59947, -0.68329, 0.77378],
							"rotation": [-18.74227, -12.67956, -32.89913],
							"uv": {
								"north": {"uv": [2130, 18570], "uv_size": [60, 30]},
								"east": {"uv": [4080, 14430], "uv_size": [120, 30]},
								"south": {"uv": [4650, 16080], "uv_size": [60, 30]},
								"west": {"uv": [990, 18000], "uv_size": [120, 30]},
								"up": {"uv": [3420, 15600], "uv_size": [60, 120]},
								"down": {"uv": [2430, 17460], "uv_size": [60, -120]}
							}
						},
						{
							"origin": [0.36744, -1.51674, 0.30226],
							"size": [0.36455, 0.20671, 0.93221],
							"uv": {
								"north": {"uv": [4980, 13950], "uv_size": [30, 30]},
								"east": {"uv": [4350, 14850], "uv_size": [90, 30]},
								"south": {"uv": [4980, 14010], "uv_size": [30, 30]},
								"west": {"uv": [4350, 14910], "uv_size": [90, 30]},
								"up": {"uv": [4350, 15090], "uv_size": [30, 90]},
								"down": {"uv": [4350, 15990], "uv_size": [30, -90]}
							}
						},
						{
							"origin": [0.35366, -1.31003, 0.30226],
							"size": [0.58503, 0.41295, 0.93221],
							"uv": {
								"north": {"uv": [1080, 18570], "uv_size": [60, 30]},
								"east": {"uv": [4350, 14430], "uv_size": [90, 30]},
								"south": {"uv": [4650, 15210], "uv_size": [60, 30]},
								"west": {"uv": [4350, 14790], "uv_size": [90, 30]},
								"up": {"uv": [1170, 17550], "uv_size": [60, 90]},
								"down": {"uv": [1260, 17640], "uv_size": [60, -90]}
							}
						},
						{
							"origin": [0.395, -1.31003, 0.57787],
							"size": [0.58503, 0.48185, 0.38099],
							"uv": {
								"north": {"uv": [2640, 17970], "uv_size": [60, 60]},
								"east": {"uv": [270, 18570], "uv_size": [30, 60]},
								"south": {"uv": [3990, 17970], "uv_size": [60, 60]},
								"west": {"uv": [1380, 18570], "uv_size": [30, 60]},
								"up": {"uv": [4650, 15480], "uv_size": [60, 30]},
								"down": {"uv": [1770, 18600], "uv_size": [60, -30]}
							}
						},
						{
							"origin": [0.35577, -1.0471, 0.18974],
							"size": [0.58503, 0.35783, 1.01489],
							"pivot": [0.64617, -0.86819, 0.69719],
							"rotation": [-22.5, 0, 0],
							"uv": {
								"north": {"uv": [840, 18570], "uv_size": [60, 30]},
								"east": {"uv": [3540, 17970], "uv_size": [120, 30]},
								"south": {"uv": [930, 18570], "uv_size": [60, 30]},
								"west": {"uv": [4050, 17670], "uv_size": [120, 30]},
								"up": {"uv": [810, 17310], "uv_size": [60, 120]},
								"down": {"uv": [1500, 17430], "uv_size": [60, -120]}
							}
						},
						{
							"origin": [0.41418, -0.83464, 0.21121],
							"size": [0.47479, 0.33026, 1.07001],
							"pivot": [0.59646, -0.68329, 0.77378],
							"rotation": [-18.74227, 12.67956, 32.89913],
							"uv": {
								"north": {"uv": [4650, 15960], "uv_size": [60, 30]},
								"east": {"uv": [4080, 14310], "uv_size": [120, 30]},
								"south": {"uv": [4650, 16020], "uv_size": [60, 30]},
								"west": {"uv": [4080, 14370], "uv_size": [120, 30]},
								"up": {"uv": [2190, 17310], "uv_size": [60, 120]},
								"down": {"uv": [3390, 17400], "uv_size": [60, -120]}
							}
						},
						{
							"origin": [0.48308, -0.77952, 0.48682],
							"size": [0.40589, 0.35783, 0.6566],
							"pivot": [0.59646, -0.62816, 0.77378],
							"rotation": [-18.74227, 12.67956, 32.89913],
							"uv": {
								"north": {"uv": [4980, 14550], "uv_size": [30, 30]},
								"east": {"uv": [2400, 18570], "uv_size": [60, 30]},
								"south": {"uv": [4980, 14610], "uv_size": [30, 30]},
								"west": {"uv": [4650, 16320], "uv_size": [60, 30]},
								"up": {"uv": [1920, 18570], "uv_size": [30, 60]},
								"down": {"uv": [2490, 18630], "uv_size": [30, -60]}
							}
						},
						{
							"origin": [-0.89198, -0.77952, 0.48682],
							"size": [0.41967, 0.35783, 0.6566],
							"pivot": [-0.59947, -0.62816, 0.77378],
							"rotation": [-18.74227, -12.67956, -32.89913],
							"uv": {
								"north": {"uv": [2220, 18570], "uv_size": [60, 30]},
								"east": {"uv": [4650, 16200], "uv_size": [60, 30]},
								"south": {"uv": [2310, 18570], "uv_size": [60, 30]},
								"west": {"uv": [4650, 16260], "uv_size": [60, 30]},
								"up": {"uv": [210, 18000], "uv_size": [60, 60]},
								"down": {"uv": [1260, 18060], "uv_size": [60, -60]}
							}
						},
						{
							"origin": [-0.69365, -0.18306, -1.53945],
							"size": [1.41186, 0.34404, 0.73928],
							"uv": {
								"north": {"uv": [125, 481], "uv_size": [5, 1]},
								"east": {"uv": [145, 536], "uv_size": [3, 1]},
								"south": {"uv": [38, 589], "uv_size": [5, 1]},
								"west": {"uv": [145, 553], "uv_size": [3, 1]},
								"up": {"uv": [88, 475], "uv_size": [5, 3]},
								"down": {"uv": [89, 508], "uv_size": [5, -3]}
							}
						},
						{
							"origin": [-0.79012, -0.12474, -1.27393],
							"size": [1.57722, 0.22049, 0.22049],
							"pivot": [-0.0015, -0.0354, -1.14545],
							"rotation": [-45, 0, 0],
							"uv": {
								"north": {"uv": [121, 520], "uv_size": [6, 1]},
								"east": {"uv": [9, 630], "uv_size": [1, 1]},
								"south": {"uv": [71, 585], "uv_size": [6, 1]},
								"west": {"uv": [11, 630], "uv_size": [1, 1]},
								"up": {"uv": [121, 545], "uv_size": [6, 1]},
								"down": {"uv": [121, 548], "uv_size": [6, -1]}
							}
						},
						{
							"origin": [-0.9417, -1.28503, -1.95286],
							"size": [1.88039, 0.82636, 2.25513],
							"uv": {
								"north": {"uv": [77, 509], "uv_size": [7, 3]},
								"east": {"uv": [74, 465], "uv_size": [8, 3]},
								"south": {"uv": [9, 542], "uv_size": [7, 3]},
								"west": {"uv": [77, 502], "uv_size": [8, 3]},
								"up": {"uv": [36, 465], "uv_size": [7, 8]},
								"down": {"uv": [23, 508], "uv_size": [7, -8]}
							}
						},
						{
							"origin": [-0.66609, -1.46418, -2.91749],
							"size": [1.32918, 0.68855, 1.2905],
							"uv": {
								"north": {"uv": [106, 564], "uv_size": [5, 2]},
								"east": {"uv": [102, 570], "uv_size": [5, 2]},
								"south": {"uv": [106, 567], "uv_size": [5, 2]},
								"west": {"uv": [7, 571], "uv_size": [5, 2]},
								"up": {"uv": [75, 538], "uv_size": [5, 5]},
								"down": {"uv": [77, 479], "uv_size": [5, -5]}
							}
						},
						{
							"origin": [-0.53293, -1.29388, -2.93127],
							"size": [0.41341, 0.41341, 0.13295],
							"pivot": [-0.32623, -1.08717, -2.89236],
							"rotation": [0, 0, 45],
							"uv": {
								"north": {"uv": [85, 619], "uv_size": [1, 2]},
								"east": {"uv": [87, 619], "uv_size": [1, 2]},
								"south": {"uv": [91, 619], "uv_size": [1, 2]},
								"west": {"uv": [93, 619], "uv_size": [1, 2]},
								"up": {"uv": [166, 489], "uv_size": [1, 1]},
								"down": {"uv": [166, 492], "uv_size": [1, -1]}
							}
						},
						{
							"origin": [0.11475, -1.29388, -2.93127],
							"size": [0.41341, 0.41341, 0.13295],
							"pivot": [0.32145, -1.08717, -2.89236],
							"rotation": [0, 0, 45],
							"uv": {
								"north": {"uv": [95, 619], "uv_size": [1, 2]},
								"east": {"uv": [97, 619], "uv_size": [1, 2]},
								"south": {"uv": [99, 619], "uv_size": [1, 2]},
								"west": {"uv": [101, 619], "uv_size": [1, 2]},
								"up": {"uv": [166, 497], "uv_size": [1, 1]},
								"down": {"uv": [166, 500], "uv_size": [1, -1]}
							}
						},
						{
							"origin": [0.12853, -0.6462, -2.93127],
							"size": [0.24805, 0.24805, 0.13295],
							"pivot": [0.23877, -0.53596, -2.89236],
							"rotation": [0, 0, 45],
							"uv": {
								"north": {"uv": [45, 630], "uv_size": [1, 1]},
								"east": {"uv": [166, 509], "uv_size": [1, 1]},
								"south": {"uv": [47, 630], "uv_size": [1, 1]},
								"west": {"uv": [166, 511], "uv_size": [1, 1]},
								"up": {"uv": [49, 630], "uv_size": [1, 1]},
								"down": {"uv": [166, 514], "uv_size": [1, -1]}
							}
						},
						{
							"origin": [-0.38135, -0.6462, -2.93127],
							"size": [0.24805, 0.24805, 0.13295],
							"pivot": [-0.27111, -0.53596, -2.89236],
							"rotation": [0, 0, 45],
							"uv": {
								"north": {"uv": [166, 501], "uv_size": [1, 1]},
								"east": {"uv": [39, 630], "uv_size": [1, 1]},
								"south": {"uv": [166, 503], "uv_size": [1, 1]},
								"west": {"uv": [41, 630], "uv_size": [1, 1]},
								"up": {"uv": [43, 630], "uv_size": [1, 1]},
								"down": {"uv": [166, 508], "uv_size": [1, -1]}
							}
						},
						{
							"origin": [-0.38047, -0.77562, -2.91749],
							"size": [0.75792, 0.49472, 1.2905],
							"uv": {
								"north": {"uv": [121, 480], "uv_size": [3, 2]},
								"east": {"uv": [107, 503], "uv_size": [5, 2]},
								"south": {"uv": [23, 585], "uv_size": [3, 2]},
								"west": {"uv": [61, 571], "uv_size": [5, 2]},
								"up": {"uv": [88, 469], "uv_size": [3, 5]},
								"down": {"uv": [57, 558], "uv_size": [3, -5]}
							}
						},
						{
							"origin": [0.12597, -0.2893, -2.91749],
							"size": [0.57125, 0.26136, 1.2905],
							"pivot": [0.03264, -0.37221, -2.20334],
							"rotation": [0, 0, 60],
							"uv": {
								"north": {"uv": [154, 609], "uv_size": [2, 1]},
								"east": {"uv": [124, 526], "uv_size": [5, 1]},
								"south": {"uv": [3, 619], "uv_size": [2, 1]},
								"west": {"uv": [124, 528], "uv_size": [5, 1]},
								"up": {"uv": [44, 570], "uv_size": [2, 5]},
								"down": {"uv": [25, 576], "uv_size": [2, -5]}
							}
						},
						{
							"origin": [-0.7196, -0.73806, -2.91749],
							"size": [0.57125, 0.26136, 1.2905],
							"pivot": [-0.43397, -0.57982, -2.20334],
							"rotation": [0, 0, -60],
							"uv": {
								"north": {"uv": [155, 469], "uv_size": [2, 1]},
								"east": {"uv": [124, 530], "uv_size": [5, 1]},
								"south": {"uv": [6, 619], "uv_size": [2, 1]},
								"west": {"uv": [124, 537], "uv_size": [5, 1]},
								"up": {"uv": [28, 571], "uv_size": [2, 5]},
								"down": {"uv": [51, 576], "uv_size": [2, -5]}
							}
						},
						{
							"origin": [-0.735, -0.47199, -1.95286],
							"size": [1.46698, 0.22002, 2.25513],
							"uv": {
								"north": {"uv": [45, 588], "uv_size": [5, 1]},
								"east": {"uv": [112, 546], "uv_size": [8, 1]},
								"south": {"uv": [51, 588], "uv_size": [5, 1]},
								"west": {"uv": [112, 548], "uv_size": [8, 1]},
								"up": {"uv": [43, 483], "uv_size": [5, 8]},
								"down": {"uv": [44, 473], "uv_size": [5, -8]}
							}
						},
						{
							"origin": [-0.735, -1.49174, -1.95286],
							"size": [1.46698, 0.20671, 2.25513],
							"uv": {
								"north": {"uv": [124, 522], "uv_size": [5, 1]},
								"east": {"uv": [112, 571], "uv_size": [8, 1]},
								"south": {"uv": [124, 524], "uv_size": [5, 1]},
								"west": {"uv": [1, 577], "uv_size": [8, 1]},
								"up": {"uv": [39, 509], "uv_size": [5, 8]},
								"down": {"uv": [45, 517], "uv_size": [5, -8]}
							}
						},
						{
							"origin": [0.5565, 0.15119, -1.95286],
							"size": [0.29233, 0.20624, 2.25513],
							"pivot": [-0.09137, -0.1591, -0.8253],
							"rotation": [0, 0, 45],
							"uv": {
								"north": {"uv": [165, 589], "uv_size": [1, 1]},
								"east": {"uv": [112, 481], "uv_size": [8, 1]},
								"south": {"uv": [127, 629], "uv_size": [1, 1]},
								"west": {"uv": [81, 576], "uv_size": [8, 1]},
								"up": {"uv": [40, 576], "uv_size": [1, 8]},
								"down": {"uv": [42, 584], "uv_size": [1, -8]}
							}
						},
						{
							"origin": [-0.92621, -0.49608, -1.95286],
							"size": [0.29233, 0.20624, 2.25513],
							"pivot": [-0.73015, -0.39296, -0.8253],
							"rotation": [0, 0, -45],
							"uv": {
								"north": {"uv": [165, 591], "uv_size": [1, 1]},
								"east": {"uv": [112, 550], "uv_size": [8, 1]},
								"south": {"uv": [165, 593], "uv_size": [1, 1]},
								"west": {"uv": [112, 552], "uv_size": [8, 1]},
								"up": {"uv": [44, 576], "uv_size": [1, 8]},
								"down": {"uv": [90, 584], "uv_size": [1, -8]}
							}
						},
						{
							"origin": [-0.9417, -0.73382, -2.27873],
							"size": [1.88039, 0.27514, 0.32587],
							"uv": {
								"north": {"uv": [115, 543], "uv_size": [7, 1]},
								"east": {"uv": [156, 629], "uv_size": [1, 1]},
								"south": {"uv": [116, 473], "uv_size": [7, 1]},
								"west": {"uv": [165, 620], "uv_size": [1, 1]},
								"up": {"uv": [116, 475], "uv_size": [7, 1]},
								"down": {"uv": [116, 484], "uv_size": [7, -1]}
							}
						},
						{
							"origin": [-1.0106, -0.63332, -2.22528],
							"size": [2.0182, 0.22049, 0.22049],
							"pivot": [-0.0015, -0.52331, -2.11058],
							"rotation": [-45, 0, 0],
							"uv": {
								"north": {"uv": [116, 525], "uv_size": [7, 1]},
								"east": {"uv": [166, 469], "uv_size": [1, 1]},
								"south": {"uv": [116, 527], "uv_size": [7, 1]},
								"west": {"uv": [166, 471], "uv_size": [1, 1]},
								"up": {"uv": [116, 529], "uv_size": [7, 1]},
								"down": {"uv": [116, 532], "uv_size": [7, -1]}
							}
						},
						{
							"origin": [-0.735, -0.47199, -2.27873],
							"size": [1.46698, 0.22002, 0.32587],
							"uv": {
								"north": {"uv": [124, 539], "uv_size": [5, 1]},
								"east": {"uv": [154, 629], "uv_size": [1, 1]},
								"south": {"uv": [1, 589], "uv_size": [5, 1]},
								"west": {"uv": [165, 618], "uv_size": [1, 1]},
								"up": {"uv": [125, 477], "uv_size": [5, 1]},
								"down": {"uv": [125, 480], "uv_size": [5, -1]}
							}
						},
						{
							"origin": [0.5565, 0.15119, -2.27873],
							"size": [0.29233, 0.20624, 0.32587],
							"pivot": [-0.09137, -0.1591, -1.15117],
							"rotation": [0, 0, 45],
							"uv": {
								"north": {"uv": [141, 629], "uv_size": [1, 1]},
								"east": {"uv": [143, 629], "uv_size": [1, 1]},
								"south": {"uv": [165, 608], "uv_size": [1, 1]},
								"west": {"uv": [165, 610], "uv_size": [1, 1]},
								"up": {"uv": [165, 612], "uv_size": [1, 1]},
								"down": {"uv": [165, 615], "uv_size": [1, -1]}
							}
						},
						{
							"origin": [-0.92621, -0.49608, -2.27873],
							"size": [0.29233, 0.20624, 0.32587],
							"pivot": [-0.73015, -0.39296, -1.15117],
							"rotation": [0, 0, -45],
							"uv": {
								"north": {"uv": [135, 629], "uv_size": [1, 1]},
								"east": {"uv": [165, 599], "uv_size": [1, 1]},
								"south": {"uv": [137, 629], "uv_size": [1, 1]},
								"west": {"uv": [165, 601], "uv_size": [1, 1]},
								"up": {"uv": [139, 629], "uv_size": [1, 1]},
								"down": {"uv": [165, 604], "uv_size": [1, -1]}
							}
						},
						{
							"origin": [0.60165, -1.38331, -1.95286],
							"size": [0.29233, 0.20624, 2.25513],
							"pivot": [0.7977, -1.28019, -0.8253],
							"rotation": [0, 0, -45],
							"uv": {
								"north": {"uv": [133, 629], "uv_size": [1, 1]},
								"east": {"uv": [112, 567], "uv_size": [8, 1]},
								"south": {"uv": [165, 597], "uv_size": [1, 1]},
								"west": {"uv": [112, 569], "uv_size": [8, 1]},
								"up": {"uv": [106, 576], "uv_size": [1, 8]},
								"down": {"uv": [111, 584], "uv_size": [1, -8]}
							}
						},
						{
							"origin": [-0.97135, -0.73604, -1.95286],
							"size": [0.29233, 0.20624, 2.25513],
							"pivot": [-1.61922, -1.04633, -0.8253],
							"rotation": [0, 0, 45],
							"uv": {
								"north": {"uv": [131, 629], "uv_size": [1, 1]},
								"east": {"uv": [112, 563], "uv_size": [8, 1]},
								"south": {"uv": [165, 595], "uv_size": [1, 1]},
								"west": {"uv": [112, 565], "uv_size": [8, 1]},
								"up": {"uv": [102, 576], "uv_size": [1, 8]},
								"down": {"uv": [104, 584], "uv_size": [1, -8]}
							}
						},
						{
							"origin": [0.60165, -1.38331, 0.30226],
							"size": [0.29233, 0.20624, 0.93221],
							"pivot": [0.7977, -1.28019, 1.42983],
							"rotation": [0, 0, -45],
							"uv": {
								"north": {"uv": [164, 629], "uv_size": [1, 1]},
								"east": {"uv": [145, 477], "uv_size": [3, 1]},
								"south": {"uv": [1, 630], "uv_size": [1, 1]},
								"west": {"uv": [145, 479], "uv_size": [3, 1]},
								"up": {"uv": [145, 485], "uv_size": [1, 3]},
								"down": {"uv": [145, 492], "uv_size": [1, -3]}
							}
						},
						{
							"origin": [-0.735, -1.49174, 0.30226],
							"size": [0.36455, 0.20671, 0.93221],
							"uv": {
								"north": {"uv": [165, 624], "uv_size": [1, 1]},
								"east": {"uv": [145, 469], "uv_size": [3, 1]},
								"south": {"uv": [162, 629], "uv_size": [1, 1]},
								"west": {"uv": [7, 609], "uv_size": [3, 1]},
								"up": {"uv": [3, 609], "uv_size": [1, 3]},
								"down": {"uv": [13, 612], "uv_size": [1, -3]}
							}
						},
						{
							"origin": [-0.97135, -0.73604, 0.30226],
							"size": [0.29233, 0.20624, 0.93221],
							"pivot": [-1.61922, -1.04633, 1.42983],
							"rotation": [0, 0, 45],
							"uv": {
								"north": {"uv": [158, 629], "uv_size": [1, 1]},
								"east": {"uv": [144, 598], "uv_size": [3, 1]},
								"south": {"uv": [160, 629], "uv_size": [1, 1]},
								"west": {"uv": [144, 600], "uv_size": [3, 1]},
								"up": {"uv": [133, 608], "uv_size": [1, 3]},
								"down": {"uv": [1, 612], "uv_size": [1, -3]}
							}
						},
						{
							"origin": [-0.9417, -1.28503, 0.30226],
							"size": [0.58503, 0.41295, 0.93221],
							"uv": {
								"north": {"uv": [13, 619], "uv_size": [2, 1]},
								"east": {"uv": [144, 579], "uv_size": [3, 1]},
								"south": {"uv": [16, 619], "uv_size": [2, 1]},
								"west": {"uv": [144, 589], "uv_size": [3, 1]},
								"up": {"uv": [31, 585], "uv_size": [2, 3]},
								"down": {"uv": [121, 505], "uv_size": [2, -3]}
							}
						},
						{
							"origin": [-0.98304, -1.28503, 0.57787],
							"size": [0.58503, 0.48185, 0.38099],
							"uv": {
								"north": {"uv": [1, 600], "uv_size": [2, 2]},
								"east": {"uv": [53, 619], "uv_size": [1, 2]},
								"south": {"uv": [4, 600], "uv_size": [2, 2]},
								"west": {"uv": [62, 619], "uv_size": [1, 2]},
								"up": {"uv": [155, 530], "uv_size": [2, 1]},
								"down": {"uv": [68, 620], "uv_size": [2, -1]}
							}
						},
						{
							"origin": [-0.94235, -1.0221, 0.18974],
							"size": [0.58503, 0.35783, 1.01489],
							"pivot": [-0.64918, -0.84319, 0.69719],
							"rotation": [-22.5, 0, 0],
							"uv": {
								"north": {"uv": [19, 619], "uv_size": [2, 1]},
								"east": {"uv": [135, 541], "uv_size": [4, 1]},
								"south": {"uv": [22, 619], "uv_size": [2, 1]},
								"west": {"uv": [113, 599], "uv_size": [4, 1]},
								"up": {"uv": [16, 577], "uv_size": [2, 4]},
								"down": {"uv": [24, 581], "uv_size": [2, -4]}
							}
						},
						{
							"origin": [-0.89198, -0.80964, 0.21121],
							"size": [0.48857, 0.33026, 1.07001],
							"pivot": [-0.59947, -0.65829, 0.77378],
							"rotation": [-18.74227, -12.67956, -32.89913],
							"uv": {
								"north": {"uv": [71, 619], "uv_size": [2, 1]},
								"east": {"uv": [136, 481], "uv_size": [4, 1]},
								"south": {"uv": [155, 536], "uv_size": [2, 1]},
								"west": {"uv": [33, 600], "uv_size": [4, 1]},
								"up": {"uv": [114, 520], "uv_size": [2, 4]},
								"down": {"uv": [81, 582], "uv_size": [2, -4]}
							}
						},
						{
							"origin": [0.36744, -1.49174, 0.30226],
							"size": [0.36455, 0.20671, 0.93221],
							"uv": {
								"north": {"uv": [166, 465], "uv_size": [1, 1]},
								"east": {"uv": [145, 495], "uv_size": [3, 1]},
								"south": {"uv": [166, 467], "uv_size": [1, 1]},
								"west": {"uv": [145, 497], "uv_size": [3, 1]},
								"up": {"uv": [145, 503], "uv_size": [1, 3]},
								"down": {"uv": [145, 533], "uv_size": [1, -3]}
							}
						},
						{
							"origin": [0.35366, -1.28503, 0.30226],
							"size": [0.58503, 0.41295, 0.93221],
							"uv": {
								"north": {"uv": [36, 619], "uv_size": [2, 1]},
								"east": {"uv": [145, 481], "uv_size": [3, 1]},
								"south": {"uv": [155, 507], "uv_size": [2, 1]},
								"west": {"uv": [145, 493], "uv_size": [3, 1]},
								"up": {"uv": [39, 585], "uv_size": [2, 3]},
								"down": {"uv": [42, 588], "uv_size": [2, -3]}
							}
						},
						{
							"origin": [0.395, -1.28503, 0.57787],
							"size": [0.58503, 0.48185, 0.38099],
							"uv": {
								"north": {"uv": [88, 599], "uv_size": [2, 2]},
								"east": {"uv": [9, 619], "uv_size": [1, 2]},
								"south": {"uv": [133, 599], "uv_size": [2, 2]},
								"west": {"uv": [46, 619], "uv_size": [1, 2]},
								"up": {"uv": [155, 516], "uv_size": [2, 1]},
								"down": {"uv": [59, 620], "uv_size": [2, -1]}
							}
						},
						{
							"origin": [0.35577, -1.0221, 0.18974],
							"size": [0.58503, 0.35783, 1.01489],
							"pivot": [0.64617, -0.84319, 0.69719],
							"rotation": [-22.5, 0, 0],
							"uv": {
								"north": {"uv": [28, 619], "uv_size": [2, 1]},
								"east": {"uv": [118, 599], "uv_size": [4, 1]},
								"south": {"uv": [31, 619], "uv_size": [2, 1]},
								"west": {"uv": [135, 589], "uv_size": [4, 1]},
								"up": {"uv": [27, 577], "uv_size": [2, 4]},
								"down": {"uv": [50, 581], "uv_size": [2, -4]}
							}
						},
						{
							"origin": [0.41418, -0.80964, 0.21121],
							"size": [0.47479, 0.33026, 1.07001],
							"pivot": [0.59646, -0.65829, 0.77378],
							"rotation": [-18.74227, 12.67956, 32.89913],
							"uv": {
								"north": {"uv": [155, 532], "uv_size": [2, 1]},
								"east": {"uv": [136, 477], "uv_size": [4, 1]},
								"south": {"uv": [155, 534], "uv_size": [2, 1]},
								"west": {"uv": [136, 479], "uv_size": [4, 1]},
								"up": {"uv": [73, 577], "uv_size": [2, 4]},
								"down": {"uv": [113, 580], "uv_size": [2, -4]}
							}
						},
						{
							"origin": [0.48308, -0.75452, 0.48682],
							"size": [0.40589, 0.35783, 0.6566],
							"pivot": [0.59646, -0.60316, 0.77378],
							"rotation": [-18.74227, 12.67956, 32.89913],
							"uv": {
								"north": {"uv": [166, 485], "uv_size": [1, 1]},
								"east": {"uv": [80, 619], "uv_size": [2, 1]},
								"south": {"uv": [166, 487], "uv_size": [1, 1]},
								"west": {"uv": [155, 544], "uv_size": [2, 1]},
								"up": {"uv": [64, 619], "uv_size": [1, 2]},
								"down": {"uv": [83, 621], "uv_size": [1, -2]}
							}
						},
						{
							"origin": [-0.89198, -0.75452, 0.48682],
							"size": [0.41967, 0.35783, 0.6566],
							"pivot": [-0.59947, -0.60316, 0.77378],
							"rotation": [-18.74227, -12.67956, -32.89913],
							"uv": {
								"north": {"uv": [74, 619], "uv_size": [2, 1]},
								"east": {"uv": [155, 540], "uv_size": [2, 1]},
								"south": {"uv": [77, 619], "uv_size": [2, 1]},
								"west": {"uv": [155, 542], "uv_size": [2, 1]},
								"up": {"uv": [7, 600], "uv_size": [2, 2]},
								"down": {"uv": [42, 602], "uv_size": [2, -2]}
							}
						},
						{
							"origin": [-0.66609, -0.25197, -1.95286],
							"size": [1.32918, 0.48185, 1.97952],
							"uv": {
								"north": {"uv": [73, 570], "uv_size": [5, 2]},
								"east": {"uv": [91, 509], "uv_size": [7, 2]},
								"south": {"uv": [96, 570], "uv_size": [5, 2]},
								"west": {"uv": [79, 555], "uv_size": [7, 2]},
								"up": {"uv": [55, 491], "uv_size": [5, 7]},
								"down": {"uv": [31, 526], "uv_size": [5, -7]}
							}
						}
					]
				},
				{
					"name": "laser_beam",
					"pivot": [-0.27111, -0.49846, -2.00608],
					"cubes": [
						{
							"origin": [-0.31245, -0.5148, -4096.70716],
							"size": [0.11024, 0.11024, 4095.34633],
							"pivot": [-0.27111, -0.47346, -2.00608],
							"rotation": [0, 0, 45],
							"uv": {
								"north": {"uv": [51, 630], "uv_size": [1, 1]},
								"east": {"uv": [121, 549], "uv_size": [6, 1]},
								"south": {"uv": [166, 515], "uv_size": [1, 1]},
								"west": {"uv": [121, 551], "uv_size": [6, 1]},
								"up": {"uv": [19, 585], "uv_size": [1, 6]},
								"down": {"uv": [61, 591], "uv_size": [1, -6]}
							}
						},
						{
							"origin": [-0.32845, -0.5348, -4096.70716],
							"size": [0.11024, 0.11024, 4095.34633],
							"pivot": [-0.27111, -0.48146, -2.00608],
							"rotation": [0, -0.025, 44.99973],
							"uv": {
								"north": {"uv": [51, 630], "uv_size": [1, 1]},
								"east": {"uv": [121, 549], "uv_size": [6, 1]},
								"south": {"uv": [166, 515], "uv_size": [1, 1]},
								"west": {"uv": [121, 551], "uv_size": [6, 1]},
								"up": {"uv": [19, 585], "uv_size": [1, 6]},
								"down": {"uv": [61, 591], "uv_size": [1, -6]}
							}
						},
						{
							"origin": [-0.32845, -0.5348, -4096.70716],
							"size": [0.11024, 0.11024, 4095.34633],
							"pivot": [-0.27111, -0.48146, -2.00608],
							"rotation": [0, -0.025, 34.9997],
							"uv": {
								"north": {"uv": [51, 630], "uv_size": [1, 1]},
								"east": {"uv": [121, 549], "uv_size": [6, 1]},
								"south": {"uv": [166, 515], "uv_size": [1, 1]},
								"west": {"uv": [121, 551], "uv_size": [6, 1]},
								"up": {"uv": [19, 585], "uv_size": [1, 6]},
								"down": {"uv": [61, 591], "uv_size": [1, -6]}
							}
						},
						{
							"origin": [-0.32845, -0.5348, -4096.70716],
							"size": [0.11024, 0.11024, 4095.34633],
							"pivot": [-0.27111, -0.48146, -2.00608],
							"rotation": [0, -0.025, 24.9997],
							"uv": {
								"north": {"uv": [51, 630], "uv_size": [1, 1]},
								"east": {"uv": [121, 549], "uv_size": [6, 1]},
								"south": {"uv": [166, 515], "uv_size": [1, 1]},
								"west": {"uv": [121, 551], "uv_size": [6, 1]},
								"up": {"uv": [19, 585], "uv_size": [1, 6]},
								"down": {"uv": [61, 591], "uv_size": [1, -6]}
							}
						},
						{
							"origin": [-0.32845, -0.5348, -4096.70716],
							"size": [0.11024, 0.11024, 4095.34633],
							"pivot": [-0.27111, -0.48146, -2.00608],
							"rotation": [0, -0.025, 14.9997],
							"uv": {
								"north": {"uv": [51, 630], "uv_size": [1, 1]},
								"east": {"uv": [121, 549], "uv_size": [6, 1]},
								"south": {"uv": [166, 515], "uv_size": [1, 1]},
								"west": {"uv": [121, 551], "uv_size": [6, 1]},
								"up": {"uv": [19, 585], "uv_size": [1, 6]},
								"down": {"uv": [61, 591], "uv_size": [1, -6]}
							}
						},
						{
							"origin": [-0.32845, -0.5348, -4096.70716],
							"size": [0.11024, 0.11024, 4095.34633],
							"pivot": [-0.27111, -0.48146, -2.00608],
							"rotation": [0, -0.025, 164.9997],
							"uv": {
								"north": {"uv": [51, 630], "uv_size": [1, 1]},
								"east": {"uv": [121, 549], "uv_size": [6, 1]},
								"south": {"uv": [166, 515], "uv_size": [1, 1]},
								"west": {"uv": [121, 551], "uv_size": [6, 1]},
								"up": {"uv": [19, 585], "uv_size": [1, 6]},
								"down": {"uv": [61, 591], "uv_size": [1, -6]}
							}
						},
						{
							"origin": [-0.32845, -0.5348, -4096.70716],
							"size": [0.11024, 0.11024, 4095.34633],
							"pivot": [-0.27111, -0.48146, -2.00608],
							"rotation": [0, -0.025, 154.9997],
							"uv": {
								"north": {"uv": [51, 630], "uv_size": [1, 1]},
								"east": {"uv": [121, 549], "uv_size": [6, 1]},
								"south": {"uv": [166, 515], "uv_size": [1, 1]},
								"west": {"uv": [121, 551], "uv_size": [6, 1]},
								"up": {"uv": [19, 585], "uv_size": [1, 6]},
								"down": {"uv": [61, 591], "uv_size": [1, -6]}
							}
						},
						{
							"origin": [-0.32845, -0.5348, -4096.70716],
							"size": [0.11024, 0.11024, 4095.34633],
							"pivot": [-0.27111, -0.48146, -2.00608],
							"rotation": [0, -0.025, 144.9997],
							"uv": {
								"north": {"uv": [51, 630], "uv_size": [1, 1]},
								"east": {"uv": [121, 549], "uv_size": [6, 1]},
								"south": {"uv": [166, 515], "uv_size": [1, 1]},
								"west": {"uv": [121, 551], "uv_size": [6, 1]},
								"up": {"uv": [19, 585], "uv_size": [1, 6]},
								"down": {"uv": [61, 591], "uv_size": [1, -6]}
							}
						},
						{
							"origin": [-0.32845, -0.5348, -4096.70716],
							"size": [0.11024, 0.11024, 4095.34633],
							"pivot": [-0.27111, -0.48146, -2.00608],
							"rotation": [0, -0.025, 134.9997],
							"uv": {
								"north": {"uv": [51, 630], "uv_size": [1, 1]},
								"east": {"uv": [121, 549], "uv_size": [6, 1]},
								"south": {"uv": [166, 515], "uv_size": [1, 1]},
								"west": {"uv": [121, 551], "uv_size": [6, 1]},
								"up": {"uv": [19, 585], "uv_size": [1, 6]},
								"down": {"uv": [61, 591], "uv_size": [1, -6]}
							}
						},
						{
							"origin": [-0.32845, -0.5348, -4096.70716],
							"size": [0.11024, 0.11024, 4095.34633],
							"pivot": [-0.27111, -0.48146, -2.00608],
							"rotation": [0, -0.025, 124.99973],
							"uv": {
								"north": {"uv": [51, 630], "uv_size": [1, 1]},
								"east": {"uv": [121, 549], "uv_size": [6, 1]},
								"south": {"uv": [166, 515], "uv_size": [1, 1]},
								"west": {"uv": [121, 551], "uv_size": [6, 1]},
								"up": {"uv": [19, 585], "uv_size": [1, 6]},
								"down": {"uv": [61, 591], "uv_size": [1, -6]}
							}
						},
						{
							"origin": [-0.32845, -0.5348, -4096.70716],
							"size": [0.11024, 0.11024, 4095.34633],
							"pivot": [-0.27111, -0.48146, -2.00608],
							"rotation": [0, -0.025, 114.99973],
							"uv": {
								"north": {"uv": [51, 630], "uv_size": [1, 1]},
								"east": {"uv": [121, 549], "uv_size": [6, 1]},
								"south": {"uv": [166, 515], "uv_size": [1, 1]},
								"west": {"uv": [121, 551], "uv_size": [6, 1]},
								"up": {"uv": [19, 585], "uv_size": [1, 6]},
								"down": {"uv": [61, 591], "uv_size": [1, -6]}
							}
						},
						{
							"origin": [-0.32845, -0.5348, -4096.70716],
							"size": [0.11024, 0.11024, 4095.34633],
							"pivot": [-0.27111, -0.48146, -2.00608],
							"rotation": [0, -0.025, 54.99973],
							"uv": {
								"north": {"uv": [51, 630], "uv_size": [1, 1]},
								"east": {"uv": [121, 549], "uv_size": [6, 1]},
								"south": {"uv": [166, 515], "uv_size": [1, 1]},
								"west": {"uv": [121, 551], "uv_size": [6, 1]},
								"up": {"uv": [19, 585], "uv_size": [1, 6]},
								"down": {"uv": [61, 591], "uv_size": [1, -6]}
							}
						},
						{
							"origin": [-0.32845, -0.5348, -4096.70716],
							"size": [0.11024, 0.11024, 4095.34633],
							"pivot": [-0.27111, -0.48146, -2.00608],
							"rotation": [0, -0.025, 64.9997],
							"uv": {
								"north": {"uv": [51, 630], "uv_size": [1, 1]},
								"east": {"uv": [121, 549], "uv_size": [6, 1]},
								"south": {"uv": [166, 515], "uv_size": [1, 1]},
								"west": {"uv": [121, 551], "uv_size": [6, 1]},
								"up": {"uv": [19, 585], "uv_size": [1, 6]},
								"down": {"uv": [61, 591], "uv_size": [1, -6]}
							}
						},
						{
							"origin": [-0.32845, -0.5348, -4096.70716],
							"size": [0.11024, 0.11024, 4095.34633],
							"pivot": [-0.27111, -0.48146, -2.00608],
							"rotation": [0, -0.025, 74.9997],
							"uv": {
								"north": {"uv": [51, 630], "uv_size": [1, 1]},
								"east": {"uv": [121, 549], "uv_size": [6, 1]},
								"south": {"uv": [166, 515], "uv_size": [1, 1]},
								"west": {"uv": [121, 551], "uv_size": [6, 1]},
								"up": {"uv": [19, 585], "uv_size": [1, 6]},
								"down": {"uv": [61, 591], "uv_size": [1, -6]}
							}
						},
						{
							"origin": [-0.32845, -0.5348, -4096.70716],
							"size": [0.11024, 0.11024, 4095.34633],
							"pivot": [-0.27111, -0.48146, -2.00608],
							"rotation": [0, -0.025, 84.9997],
							"uv": {
								"north": {"uv": [51, 630], "uv_size": [1, 1]},
								"east": {"uv": [121, 549], "uv_size": [6, 1]},
								"south": {"uv": [166, 515], "uv_size": [1, 1]},
								"west": {"uv": [121, 551], "uv_size": [6, 1]},
								"up": {"uv": [19, 585], "uv_size": [1, 6]},
								"down": {"uv": [61, 591], "uv_size": [1, -6]}
							}
						},
						{
							"origin": [-0.32845, -0.5348, -4096.70716],
							"size": [0.11024, 0.11024, 4095.34633],
							"pivot": [-0.27111, -0.48146, -2.00608],
							"rotation": [0, -0.025, 94.9997],
							"uv": {
								"north": {"uv": [51, 630], "uv_size": [1, 1]},
								"east": {"uv": [121, 549], "uv_size": [6, 1]},
								"south": {"uv": [166, 515], "uv_size": [1, 1]},
								"west": {"uv": [121, 551], "uv_size": [6, 1]},
								"up": {"uv": [19, 585], "uv_size": [1, 6]},
								"down": {"uv": [61, 591], "uv_size": [1, -6]}
							}
						},
						{
							"origin": [-0.32845, -0.5348, -4096.70716],
							"size": [0.11024, 0.11024, 4095.34633],
							"pivot": [-0.27111, -0.48146, -2.00608],
							"rotation": [0, -0.025, 104.9997],
							"uv": {
								"north": {"uv": [51, 630], "uv_size": [1, 1]},
								"east": {"uv": [121, 549], "uv_size": [6, 1]},
								"south": {"uv": [166, 515], "uv_size": [1, 1]},
								"west": {"uv": [121, 551], "uv_size": [6, 1]},
								"up": {"uv": [19, 585], "uv_size": [1, 6]},
								"down": {"uv": [61, 591], "uv_size": [1, -6]}
							}
						},
						{
							"origin": [-0.32845, -0.5348, -4096.70716],
							"size": [0.11024, 0.11024, 4095.34633],
							"pivot": [-0.27111, -0.48146, -2.00608],
							"rotation": [0, -0.025, 154.9997],
							"uv": {
								"north": {"uv": [51, 630], "uv_size": [1, 1]},
								"east": {"uv": [121, 549], "uv_size": [6, 1]},
								"south": {"uv": [166, 515], "uv_size": [1, 1]},
								"west": {"uv": [121, 551], "uv_size": [6, 1]},
								"up": {"uv": [19, 585], "uv_size": [1, 6]},
								"down": {"uv": [61, 591], "uv_size": [1, -6]}
							}
						},
						{
							"origin": [-0.32845, -0.5348, -4096.70716],
							"size": [0.11024, 0.11024, 4095.34633],
							"pivot": [-0.27111, -0.48146, -2.00608],
							"rotation": [0, -0.025, 144.9997],
							"uv": {
								"north": {"uv": [51, 630], "uv_size": [1, 1]},
								"east": {"uv": [121, 549], "uv_size": [6, 1]},
								"south": {"uv": [166, 515], "uv_size": [1, 1]},
								"west": {"uv": [121, 551], "uv_size": [6, 1]},
								"up": {"uv": [19, 585], "uv_size": [1, 6]},
								"down": {"uv": [61, 591], "uv_size": [1, -6]}
							}
						},
						{
							"origin": [-0.32845, -0.5348, -4096.70716],
							"size": [0.11024, 0.11024, 4095.34633],
							"pivot": [-0.27111, -0.48146, -2.00608],
							"rotation": [0, -0.025, 134.9997],
							"uv": {
								"north": {"uv": [51, 630], "uv_size": [1, 1]},
								"east": {"uv": [121, 549], "uv_size": [6, 1]},
								"south": {"uv": [166, 515], "uv_size": [1, 1]},
								"west": {"uv": [121, 551], "uv_size": [6, 1]},
								"up": {"uv": [19, 585], "uv_size": [1, 6]},
								"down": {"uv": [61, 591], "uv_size": [1, -6]}
							}
						},
						{
							"origin": [-0.32845, -0.5348, -4096.70716],
							"size": [0.11024, 0.11024, 4095.34633],
							"pivot": [-0.27111, -0.48146, -2.00608],
							"rotation": [0, -0.025, 124.99973],
							"uv": {
								"north": {"uv": [51, 630], "uv_size": [1, 1]},
								"east": {"uv": [121, 549], "uv_size": [6, 1]},
								"south": {"uv": [166, 515], "uv_size": [1, 1]},
								"west": {"uv": [121, 551], "uv_size": [6, 1]},
								"up": {"uv": [19, 585], "uv_size": [1, 6]},
								"down": {"uv": [61, 591], "uv_size": [1, -6]}
							}
						},
						{
							"origin": [-0.32845, -0.5348, -4096.70716],
							"size": [0.11024, 0.11024, 4095.34633],
							"pivot": [-0.27111, -0.48146, -2.00608],
							"rotation": [0, -0.025, 164.9997],
							"uv": {
								"north": {"uv": [51, 630], "uv_size": [1, 1]},
								"east": {"uv": [121, 549], "uv_size": [6, 1]},
								"south": {"uv": [166, 515], "uv_size": [1, 1]},
								"west": {"uv": [121, 551], "uv_size": [6, 1]},
								"up": {"uv": [19, 585], "uv_size": [1, 6]},
								"down": {"uv": [61, 591], "uv_size": [1, -6]}
							}
						},
						{
							"origin": [-0.32845, -0.5348, -4096.70716],
							"size": [0.11024, 0.11024, 4095.34633],
							"pivot": [-0.27111, -0.48146, -2.00608],
							"rotation": [0, -0.025, 174.9997],
							"uv": {
								"north": {"uv": [51, 630], "uv_size": [1, 1]},
								"east": {"uv": [121, 549], "uv_size": [6, 1]},
								"south": {"uv": [166, 515], "uv_size": [1, 1]},
								"west": {"uv": [121, 551], "uv_size": [6, 1]},
								"up": {"uv": [19, 585], "uv_size": [1, 6]},
								"down": {"uv": [61, 591], "uv_size": [1, -6]}
							}
						},
						{
							"origin": [-0.32845, -0.5348, -4096.70716],
							"size": [0.11024, 0.11024, 4095.34633],
							"pivot": [-0.27111, -0.48146, -2.00608],
							"rotation": [0, -0.025, -175.0003],
							"uv": {
								"north": {"uv": [51, 630], "uv_size": [1, 1]},
								"east": {"uv": [121, 549], "uv_size": [6, 1]},
								"south": {"uv": [166, 515], "uv_size": [1, 1]},
								"west": {"uv": [121, 551], "uv_size": [6, 1]},
								"up": {"uv": [19, 585], "uv_size": [1, 6]},
								"down": {"uv": [61, 591], "uv_size": [1, -6]}
							}
						},
						{
							"origin": [-0.32845, -0.5348, -4096.70716],
							"size": [0.11024, 0.11024, 4095.34633],
							"pivot": [-0.27111, -0.48146, -2.00608],
							"rotation": [0, -0.025, 164.9997],
							"uv": {
								"north": {"uv": [51, 630], "uv_size": [1, 1]},
								"east": {"uv": [121, 549], "uv_size": [6, 1]},
								"south": {"uv": [166, 515], "uv_size": [1, 1]},
								"west": {"uv": [121, 551], "uv_size": [6, 1]},
								"up": {"uv": [19, 585], "uv_size": [1, 6]},
								"down": {"uv": [61, 591], "uv_size": [1, -6]}
							}
						},
						{
							"origin": [-0.32845, -0.5348, -4096.70716],
							"size": [0.11024, 0.11024, 4095.34633],
							"pivot": [-0.27111, -0.48146, -2.00608],
							"rotation": [0, -0.025, -135.0003],
							"uv": {
								"north": {"uv": [51, 630], "uv_size": [1, 1]},
								"east": {"uv": [121, 549], "uv_size": [6, 1]},
								"south": {"uv": [166, 515], "uv_size": [1, 1]},
								"west": {"uv": [121, 551], "uv_size": [6, 1]},
								"up": {"uv": [19, 585], "uv_size": [1, 6]},
								"down": {"uv": [61, 591], "uv_size": [1, -6]}
							}
						},
						{
							"origin": [-0.32845, -0.5348, -4096.70716],
							"size": [0.11024, 0.11024, 4095.34633],
							"pivot": [-0.27111, -0.48146, -2.00608],
							"rotation": [0, -0.025, -145.0003],
							"uv": {
								"north": {"uv": [51, 630], "uv_size": [1, 1]},
								"east": {"uv": [121, 549], "uv_size": [6, 1]},
								"south": {"uv": [166, 515], "uv_size": [1, 1]},
								"west": {"uv": [121, 551], "uv_size": [6, 1]},
								"up": {"uv": [19, 585], "uv_size": [1, 6]},
								"down": {"uv": [61, 591], "uv_size": [1, -6]}
							}
						},
						{
							"origin": [-0.32845, -0.5348, -4096.70716],
							"size": [0.11024, 0.11024, 4095.34633],
							"pivot": [-0.27111, -0.48146, -2.00608],
							"rotation": [0, -0.025, -155.0003],
							"uv": {
								"north": {"uv": [51, 630], "uv_size": [1, 1]},
								"east": {"uv": [121, 549], "uv_size": [6, 1]},
								"south": {"uv": [166, 515], "uv_size": [1, 1]},
								"west": {"uv": [121, 551], "uv_size": [6, 1]},
								"up": {"uv": [19, 585], "uv_size": [1, 6]},
								"down": {"uv": [61, 591], "uv_size": [1, -6]}
							}
						},
						{
							"origin": [-0.32845, -0.5348, -4096.70716],
							"size": [0.11024, 0.11024, 4095.34633],
							"pivot": [-0.27111, -0.48146, -2.00608],
							"rotation": [0, -0.025, -165.00027],
							"uv": {
								"north": {"uv": [51, 630], "uv_size": [1, 1]},
								"east": {"uv": [121, 549], "uv_size": [6, 1]},
								"south": {"uv": [166, 515], "uv_size": [1, 1]},
								"west": {"uv": [121, 551], "uv_size": [6, 1]},
								"up": {"uv": [19, 585], "uv_size": [1, 6]},
								"down": {"uv": [61, 591], "uv_size": [1, -6]}
							}
						},
						{
							"origin": [-0.32845, -0.5348, -4096.70716],
							"size": [0.11024, 0.11024, 4095.34633],
							"pivot": [-0.27111, -0.48146, -2.00608],
							"rotation": [0, -0.025, -125.0003],
							"uv": {
								"north": {"uv": [51, 630], "uv_size": [1, 1]},
								"east": {"uv": [121, 549], "uv_size": [6, 1]},
								"south": {"uv": [166, 515], "uv_size": [1, 1]},
								"west": {"uv": [121, 551], "uv_size": [6, 1]},
								"up": {"uv": [19, 585], "uv_size": [1, 6]},
								"down": {"uv": [61, 591], "uv_size": [1, -6]}
							}
						},
						{
							"origin": [-0.32845, -0.5348, -4096.70716],
							"size": [0.11024, 0.11024, 4095.34633],
							"pivot": [-0.27111, -0.48146, -2.00608],
							"rotation": [0, -0.025, -125.0003],
							"uv": {
								"north": {"uv": [51, 630], "uv_size": [1, 1]},
								"east": {"uv": [121, 549], "uv_size": [6, 1]},
								"south": {"uv": [166, 515], "uv_size": [1, 1]},
								"west": {"uv": [121, 551], "uv_size": [6, 1]},
								"up": {"uv": [19, 585], "uv_size": [1, 6]},
								"down": {"uv": [61, 591], "uv_size": [1, -6]}
							}
						},
						{
							"origin": [-0.32845, -0.5348, -4096.70716],
							"size": [0.11024, 0.11024, 4095.34633],
							"pivot": [-0.27111, -0.48146, -2.00608],
							"rotation": [0, -0.025, -115.0003],
							"uv": {
								"north": {"uv": [51, 630], "uv_size": [1, 1]},
								"east": {"uv": [121, 549], "uv_size": [6, 1]},
								"south": {"uv": [166, 515], "uv_size": [1, 1]},
								"west": {"uv": [121, 551], "uv_size": [6, 1]},
								"up": {"uv": [19, 585], "uv_size": [1, 6]},
								"down": {"uv": [61, 591], "uv_size": [1, -6]}
							}
						},
						{
							"origin": [-0.32845, -0.5348, -4096.70716],
							"size": [0.11024, 0.11024, 4095.34633],
							"pivot": [-0.27111, -0.48146, -2.00608],
							"rotation": [0, -0.025, -105.0003],
							"uv": {
								"north": {"uv": [51, 630], "uv_size": [1, 1]},
								"east": {"uv": [121, 549], "uv_size": [6, 1]},
								"south": {"uv": [166, 515], "uv_size": [1, 1]},
								"west": {"uv": [121, 551], "uv_size": [6, 1]},
								"up": {"uv": [19, 585], "uv_size": [1, 6]},
								"down": {"uv": [61, 591], "uv_size": [1, -6]}
							}
						},
						{
							"origin": [-0.32845, -0.5348, -4096.70716],
							"size": [0.11024, 0.11024, 4095.34633],
							"pivot": [-0.27111, -0.48146, -2.00608],
							"rotation": [0, -0.025, -65.0003],
							"uv": {
								"north": {"uv": [51, 630], "uv_size": [1, 1]},
								"east": {"uv": [121, 549], "uv_size": [6, 1]},
								"south": {"uv": [166, 515], "uv_size": [1, 1]},
								"west": {"uv": [121, 551], "uv_size": [6, 1]},
								"up": {"uv": [19, 585], "uv_size": [1, 6]},
								"down": {"uv": [61, 591], "uv_size": [1, -6]}
							}
						},
						{
							"origin": [-0.32845, -0.5348, -4096.70716],
							"size": [0.11024, 0.11024, 4095.34633],
							"pivot": [-0.27111, -0.48146, -2.00608],
							"rotation": [0, -0.025, -75.0003],
							"uv": {
								"north": {"uv": [51, 630], "uv_size": [1, 1]},
								"east": {"uv": [121, 549], "uv_size": [6, 1]},
								"south": {"uv": [166, 515], "uv_size": [1, 1]},
								"west": {"uv": [121, 551], "uv_size": [6, 1]},
								"up": {"uv": [19, 585], "uv_size": [1, 6]},
								"down": {"uv": [61, 591], "uv_size": [1, -6]}
							}
						},
						{
							"origin": [-0.32845, -0.5348, -4096.70716],
							"size": [0.11024, 0.11024, 4095.34633],
							"pivot": [-0.27111, -0.48146, -2.00608],
							"rotation": [0, -0.025, -85.0003],
							"uv": {
								"north": {"uv": [51, 630], "uv_size": [1, 1]},
								"east": {"uv": [121, 549], "uv_size": [6, 1]},
								"south": {"uv": [166, 515], "uv_size": [1, 1]},
								"west": {"uv": [121, 551], "uv_size": [6, 1]},
								"up": {"uv": [19, 585], "uv_size": [1, 6]},
								"down": {"uv": [61, 591], "uv_size": [1, -6]}
							}
						},
						{
							"origin": [-0.32845, -0.5348, -4096.70716],
							"size": [0.11024, 0.11024, 4095.34633],
							"pivot": [-0.27111, -0.48146, -2.00608],
							"rotation": [0, -0.025, -95.00027],
							"uv": {
								"north": {"uv": [51, 630], "uv_size": [1, 1]},
								"east": {"uv": [121, 549], "uv_size": [6, 1]},
								"south": {"uv": [166, 515], "uv_size": [1, 1]},
								"west": {"uv": [121, 551], "uv_size": [6, 1]},
								"up": {"uv": [19, 585], "uv_size": [1, 6]},
								"down": {"uv": [61, 591], "uv_size": [1, -6]}
							}
						},
						{
							"origin": [-0.32845, -0.5348, -4096.70716],
							"size": [0.11024, 0.11024, 4095.34633],
							"pivot": [-0.27111, -0.48146, -2.00608],
							"rotation": [0, -0.025, -55.0003],
							"uv": {
								"north": {"uv": [51, 630], "uv_size": [1, 1]},
								"east": {"uv": [121, 549], "uv_size": [6, 1]},
								"south": {"uv": [166, 515], "uv_size": [1, 1]},
								"west": {"uv": [121, 551], "uv_size": [6, 1]},
								"up": {"uv": [19, 585], "uv_size": [1, 6]},
								"down": {"uv": [61, 591], "uv_size": [1, -6]}
							}
						},
						{
							"origin": [-0.32845, -0.5348, -4096.70716],
							"size": [0.11024, 0.11024, 4095.34633],
							"pivot": [-0.27111, -0.48146, -2.00608],
							"rotation": [0, -0.025, -45.0003],
							"uv": {
								"north": {"uv": [51, 630], "uv_size": [1, 1]},
								"east": {"uv": [121, 549], "uv_size": [6, 1]},
								"south": {"uv": [166, 515], "uv_size": [1, 1]},
								"west": {"uv": [121, 551], "uv_size": [6, 1]},
								"up": {"uv": [19, 585], "uv_size": [1, 6]},
								"down": {"uv": [61, 591], "uv_size": [1, -6]}
							}
						},
						{
							"origin": [-0.32845, -0.5348, -4096.70716],
							"size": [0.11024, 0.11024, 4095.34633],
							"pivot": [-0.27111, -0.48146, -2.00608],
							"rotation": [0, -0.025, -65.0003],
							"uv": {
								"north": {"uv": [51, 630], "uv_size": [1, 1]},
								"east": {"uv": [121, 549], "uv_size": [6, 1]},
								"south": {"uv": [166, 515], "uv_size": [1, 1]},
								"west": {"uv": [121, 551], "uv_size": [6, 1]},
								"up": {"uv": [19, 585], "uv_size": [1, 6]},
								"down": {"uv": [61, 591], "uv_size": [1, -6]}
							}
						},
						{
							"origin": [-0.32845, -0.5348, -4096.70716],
							"size": [0.11024, 0.11024, 4095.34633],
							"pivot": [-0.27111, -0.48146, -2.00608],
							"rotation": [0, -0.025, -5.0003],
							"uv": {
								"north": {"uv": [51, 630], "uv_size": [1, 1]},
								"east": {"uv": [121, 549], "uv_size": [6, 1]},
								"south": {"uv": [166, 515], "uv_size": [1, 1]},
								"west": {"uv": [121, 551], "uv_size": [6, 1]},
								"up": {"uv": [19, 585], "uv_size": [1, 6]},
								"down": {"uv": [61, 591], "uv_size": [1, -6]}
							}
						},
						{
							"origin": [-0.32845, -0.5348, -4096.70716],
							"size": [0.11024, 0.11024, 4095.34633],
							"pivot": [-0.27111, -0.48146, -2.00608],
							"rotation": [0, -0.025, -15.0003],
							"uv": {
								"north": {"uv": [51, 630], "uv_size": [1, 1]},
								"east": {"uv": [121, 549], "uv_size": [6, 1]},
								"south": {"uv": [166, 515], "uv_size": [1, 1]},
								"west": {"uv": [121, 551], "uv_size": [6, 1]},
								"up": {"uv": [19, 585], "uv_size": [1, 6]},
								"down": {"uv": [61, 591], "uv_size": [1, -6]}
							}
						},
						{
							"origin": [-0.32845, -0.5348, -4096.70716],
							"size": [0.11024, 0.11024, 4095.34633],
							"pivot": [-0.27111, -0.48146, -2.00608],
							"rotation": [0, -0.025, -25.0003],
							"uv": {
								"north": {"uv": [51, 630], "uv_size": [1, 1]},
								"east": {"uv": [121, 549], "uv_size": [6, 1]},
								"south": {"uv": [166, 515], "uv_size": [1, 1]},
								"west": {"uv": [121, 551], "uv_size": [6, 1]},
								"up": {"uv": [19, 585], "uv_size": [1, 6]},
								"down": {"uv": [61, 591], "uv_size": [1, -6]}
							}
						},
						{
							"origin": [-0.32845, -0.5348, -4096.70716],
							"size": [0.11024, 0.11024, 4095.34633],
							"pivot": [-0.27111, -0.48146, -2.00608],
							"rotation": [0, -0.025, -35.00027],
							"uv": {
								"north": {"uv": [51, 630], "uv_size": [1, 1]},
								"east": {"uv": [121, 549], "uv_size": [6, 1]},
								"south": {"uv": [166, 515], "uv_size": [1, 1]},
								"west": {"uv": [121, 551], "uv_size": [6, 1]},
								"up": {"uv": [19, 585], "uv_size": [1, 6]},
								"down": {"uv": [61, 591], "uv_size": [1, -6]}
							}
						},
						{
							"origin": [-0.32845, -0.5348, -4096.70716],
							"size": [0.11024, 0.11024, 4095.34633],
							"pivot": [-0.27111, -0.48146, -2.00608],
							"rotation": [0, -0.025, 4.9997],
							"uv": {
								"north": {"uv": [51, 630], "uv_size": [1, 1]},
								"east": {"uv": [121, 549], "uv_size": [6, 1]},
								"south": {"uv": [166, 515], "uv_size": [1, 1]},
								"west": {"uv": [121, 551], "uv_size": [6, 1]},
								"up": {"uv": [19, 585], "uv_size": [1, 6]},
								"down": {"uv": [61, 591], "uv_size": [1, -6]}
							}
						}
					]
				}
			]
		}
	]
}