{
	"format_version": "1.12.0",
	"minecraft:geometry": [
		{
			"description": {
				"identifier": "geometry.unknown",
				"texture_width": 512,
				"texture_height": 512,
				"visible_bounds_width": 2,
				"visible_bounds_height": 1.5,
				"visible_bounds_offset": [0, 0.25, 0]
			},
			"bones": [
				{
					"name": "rm277_silencer",
					"pivot": [0.0053, -0.00372, -2.82392],
					"cubes": [
						{
							"origin": [0.0573, -2.09102, -4.90891],
							"size": [1.19224, 2.87834, 3.87674],
							"pivot": [0.65343, -0.00372, -66.52763],
							"rotation": [0, 0, 90],
							"uv": {
								"up": {"uv": [140, 141], "uv_size": [5, 17]},
								"down": {"uv": [119, 161], "uv_size": [5, -17]}
							}
						},
						{
							"origin": [-0.13253, -1.25306, -4.90891],
							"size": [1.19224, 2.87834, 3.87674],
							"pivot": [0.46359, -0.46202, -66.52763],
							"rotation": [0, 0, -45],
							"uv": {
								"up": {"uv": [145, 11], "uv_size": [5, 17]},
								"down": {"uv": [21, 162], "uv_size": [5, -17]}
							}
						},
						{
							"origin": [-0.59082, -1.44289, -4.90891],
							"size": [1.19225, 2.87833, 3.87674],
							"uv": {
								"up": {"uv": [27, 145], "uv_size": [5, 17]},
								"down": {"uv": [80, 162], "uv_size": [5, -17]}
							}
						},
						{
							"origin": [-0.59082, 0.27542, -5.61227],
							"size": [1.19225, 0.76694, 1.10846],
							"pivot": [0.0053, 0.65889, -5.26918],
							"rotation": [38.5, 0, 0],
							"uv": {
								"up": {"uv": [214, 52], "uv_size": [5, 5]},
								"down": {"uv": [76, 219], "uv_size": [5, -5]}
							}
						},
						{
							"origin": [-0.59082, -1.18124, -5.65817],
							"size": [1.19225, 0.76694, 1.10845],
							"pivot": [0.0053, -0.79777, -5.10394],
							"rotation": [-38.5, 0, 0],
							"uv": {
								"up": {"uv": [82, 214], "uv_size": [5, 5]},
								"down": {"uv": [214, 113], "uv_size": [5, -5]}
							}
						},
						{
							"origin": [-0.59082, -1.00862, -5.16386],
							"size": [1.19225, 0.76694, 1.10845],
							"pivot": [0.0053, -0.00372, -5.10394],
							"rotation": [-38.5, 0, 90],
							"uv": {
								"up": {"uv": [214, 114], "uv_size": [5, 5]},
								"down": {"uv": [119, 219], "uv_size": [5, -5]}
							}
						},
						{
							"origin": [-0.59082, 0.23424, -5.16386],
							"size": [1.19225, 0.76694, 1.10845],
							"pivot": [0.0053, -0.00372, -5.10394],
							"rotation": [38.5, 0, 90],
							"uv": {
								"up": {"uv": [214, 198], "uv_size": [5, 5]},
								"down": {"uv": [214, 209], "uv_size": [5, -5]}
							}
						},
						{
							"origin": [-0.59082, -1.00862, -5.16386],
							"size": [1.19225, 0.76694, 1.10845],
							"pivot": [0.0053, -0.00372, -5.10394],
							"rotation": [-38.5, 0, 45],
							"uv": {
								"up": {"uv": [214, 210], "uv_size": [5, 5]},
								"down": {"uv": [215, 15], "uv_size": [5, -5]}
							}
						},
						{
							"origin": [-0.59082, 0.23424, -5.16386],
							"size": [1.19225, 0.76694, 1.10845],
							"pivot": [0.0053, -0.00372, -5.10394],
							"rotation": [38.5, 0, 45],
							"uv": {
								"up": {"uv": [20, 215], "uv_size": [5, 5]},
								"down": {"uv": [26, 220], "uv_size": [5, -5]}
							}
						},
						{
							"origin": [-0.59082, -1.00862, -5.16386],
							"size": [1.19225, 0.76694, 1.10845],
							"pivot": [0.0053, -0.00372, -5.10394],
							"rotation": [-38.5, 0, -45],
							"uv": {
								"north": {"uv": [237, 154], "uv_size": [5, 3]},
								"south": {"uv": [237, 158], "uv_size": [5, 3]},
								"up": {"uv": [32, 215], "uv_size": [5, 5]},
								"down": {"uv": [46, 220], "uv_size": [5, -5]}
							}
						},
						{
							"origin": [-0.59082, 0.23424, -5.16386],
							"size": [1.19225, 0.76694, 1.10845],
							"pivot": [0.0053, -0.00372, -5.10394],
							"rotation": [38.5, 0, -45],
							"uv": {
								"south": {"uv": [237, 180], "uv_size": [5, 3]},
								"up": {"uv": [215, 67], "uv_size": [5, 5]},
								"down": {"uv": [88, 220], "uv_size": [5, -5]}
							}
						},
						{
							"origin": [-0.47352, 0.32658, -1.21774],
							"size": [0.95765, 1.00153, 0.82693],
							"pivot": [0.0053, 0.82735, -0.80427],
							"rotation": [-19, 0, 0],
							"uv": {
								"north": {"uv": [194, 229], "uv_size": [4, 4]},
								"east": {"uv": [98, 230], "uv_size": [4, 4]},
								"south": {"uv": [230, 166], "uv_size": [4, 4]},
								"west": {"uv": [172, 230], "uv_size": [4, 4]},
								"up": {"uv": [177, 230], "uv_size": [4, 4]},
								"down": {"uv": [230, 191], "uv_size": [4, -4]}
							}
						},
						{
							"origin": [-0.54095, 0.34808, -1.28018],
							"size": [0.13654, 1.00154, 0.82693],
							"pivot": [-0.06213, 0.84885, -0.86671],
							"rotation": [-19.15205, 7.08923, -2.4543],
							"uv": {
								"north": {"uv": [210, 268], "uv_size": [1, 4]},
								"east": {"uv": [224, 230], "uv_size": [4, 4]},
								"south": {"uv": [212, 268], "uv_size": [1, 4]},
								"west": {"uv": [229, 230], "uv_size": [4, 4]},
								"up": {"uv": [214, 268], "uv_size": [1, 4]},
								"down": {"uv": [219, 272], "uv_size": [1, -4]}
							}
						},
						{
							"origin": [0.41149, 0.33063, -1.22951],
							"size": [0.13654, 1.00154, 0.82693],
							"pivot": [0.47977, 0.8314, -0.81604],
							"rotation": [-19.15205, -7.08923, 2.4543],
							"uv": {
								"north": {"uv": [221, 268], "uv_size": [1, 4]},
								"east": {"uv": [231, 16], "uv_size": [4, 4]},
								"south": {"uv": [223, 268], "uv_size": [1, 4]},
								"west": {"uv": [23, 231], "uv_size": [4, 4]},
								"up": {"uv": [225, 268], "uv_size": [1, 4]},
								"down": {"uv": [227, 272], "uv_size": [1, -4]}
							}
						},
						{
							"origin": [-1.3685, -0.50449, -1.29144],
							"size": [0.13655, 1.00153, 0.82693],
							"pivot": [-0.82982, -0.00372, -0.81604],
							"rotation": [-19.15205, 7.08923, -92.4543],
							"uv": {
								"up": {"uv": [229, 268], "uv_size": [1, 4]}
							}
						},
						{
							"origin": [-0.42769, -0.50449, -1.29144],
							"size": [0.13654, 1.00153, 0.82693],
							"pivot": [-0.82982, -0.00372, -0.81604],
							"rotation": [-19.15205, -7.08923, -87.5457],
							"uv": {
								"up": {"uv": [237, 268], "uv_size": [1, 4]}
							}
						},
						{
							"origin": [0.30175, -0.50449, -1.29144],
							"size": [0.13654, 1.00153, 0.82693],
							"pivot": [0.84042, -0.00372, -0.81604],
							"rotation": [19.15205, 7.08923, -87.5457],
							"uv": {
								"down": {"uv": [239, 272], "uv_size": [1, -4]}
							}
						},
						{
							"origin": [1.24256, -0.50449, -1.29144],
							"size": [0.13655, 1.00153, 0.82693],
							"pivot": [0.84042, -0.00372, -0.81604],
							"rotation": [19.15205, -7.08923, -92.4543],
							"uv": {
								"down": {"uv": [241, 272], "uv_size": [1, -4]}
							}
						},
						{
							"origin": [0.40743, -1.33961, -1.29144],
							"size": [0.13654, 1.00154, 0.82693],
							"pivot": [0.0053, -0.83884, -0.81604],
							"rotation": [19.15205, -7.08923, -2.4543],
							"uv": {
								"north": {"uv": [243, 268], "uv_size": [1, 4]},
								"east": {"uv": [231, 28], "uv_size": [4, 4]},
								"south": {"uv": [245, 268], "uv_size": [1, 4]},
								"west": {"uv": [231, 33], "uv_size": [4, 4]},
								"up": {"uv": [247, 268], "uv_size": [1, 4]},
								"down": {"uv": [261, 272], "uv_size": [1, -4]}
							}
						},
						{
							"origin": [-0.53338, -1.33961, -1.29144],
							"size": [0.13654, 1.00154, 0.82693],
							"pivot": [0.0053, -0.83884, -0.81604],
							"rotation": [19.15205, 7.08923, 2.4543],
							"uv": {
								"north": {"uv": [263, 268], "uv_size": [1, 4]},
								"east": {"uv": [50, 231], "uv_size": [4, 4]},
								"south": {"uv": [265, 268], "uv_size": [1, 4]},
								"west": {"uv": [55, 231], "uv_size": [4, 4]},
								"up": {"uv": [12, 269], "uv_size": [1, 4]},
								"down": {"uv": [14, 273], "uv_size": [1, -4]}
							}
						},
						{
							"origin": [0.35755, -0.50449, -1.21774],
							"size": [0.95765, 1.00153, 0.82693],
							"pivot": [0.83637, -0.00372, -0.80427],
							"rotation": [-19, 0, 90],
							"uv": {
								"north": {"uv": [60, 231], "uv_size": [4, 4]},
								"east": {"uv": [231, 60], "uv_size": [4, 4]},
								"south": {"uv": [65, 231], "uv_size": [4, 4]},
								"west": {"uv": [80, 231], "uv_size": [4, 4]},
								"up": {"uv": [85, 231], "uv_size": [4, 4]},
								"down": {"uv": [125, 235], "uv_size": [4, -4]}
							}
						},
						{
							"origin": [-1.30459, -0.50449, -1.21774],
							"size": [0.95765, 1.00153, 0.82693],
							"pivot": [-0.82577, -0.00372, -0.80427],
							"rotation": [19, 0, 90],
							"uv": {
								"north": {"uv": [146, 231], "uv_size": [4, 4]},
								"east": {"uv": [165, 231], "uv_size": [4, 4]},
								"south": {"uv": [201, 231], "uv_size": [4, 4]},
								"west": {"uv": [231, 204], "uv_size": [4, 4]},
								"up": {"uv": [231, 209], "uv_size": [4, 4]},
								"down": {"uv": [232, 8], "uv_size": [4, -4]}
							}
						},
						{
							"origin": [-0.47352, -1.29028, -1.48831],
							"size": [0.95765, 1.00154, 0.82693],
							"pivot": [0.0053, -0.00372, -0.80427],
							"rotation": [19, 0, 45],
							"uv": {
								"north": {"uv": [232, 9], "uv_size": [4, 4]},
								"east": {"uv": [16, 232], "uv_size": [4, 4]},
								"south": {"uv": [232, 52], "uv_size": [4, 4]},
								"west": {"uv": [232, 67], "uv_size": [4, 4]},
								"up": {"uv": [232, 143], "uv_size": [4, 4]},
								"down": {"uv": [232, 158], "uv_size": [4, -4]}
							}
						},
						{
							"origin": [-0.47352, 0.2813, -1.48831],
							"size": [0.95765, 1.00153, 0.82693],
							"pivot": [0.0053, -0.00372, -0.80427],
							"rotation": [-19, 0, 45],
							"uv": {
								"north": {"uv": [232, 159], "uv_size": [4, 4]},
								"east": {"uv": [232, 180], "uv_size": [4, 4]},
								"south": {"uv": [217, 232], "uv_size": [4, 4]},
								"west": {"uv": [4, 233], "uv_size": [4, 4]},
								"up": {"uv": [75, 233], "uv_size": [4, 4]},
								"down": {"uv": [233, 109], "uv_size": [4, -4]}
							}
						},
						{
							"origin": [-0.47352, 0.2813, -1.48831],
							"size": [0.95765, 1.00153, 0.82693],
							"pivot": [0.0053, -0.00372, -0.80427],
							"rotation": [-19, 0, -45],
							"uv": {
								"north": {"uv": [107, 233], "uv_size": [4, 4]},
								"east": {"uv": [233, 110], "uv_size": [4, 4]},
								"south": {"uv": [112, 233], "uv_size": [4, 4]},
								"west": {"uv": [233, 115], "uv_size": [4, 4]},
								"up": {"uv": [233, 175], "uv_size": [4, 4]},
								"down": {"uv": [233, 196], "uv_size": [4, -4]}
							}
						},
						{
							"origin": [-0.2076, 0.14605, -1.28018],
							"size": [0.13654, 1.00154, 0.82693],
							"pivot": [-0.54988, 0.64682, -0.86671],
							"rotation": [-19.15205, -7.08923, -42.5457],
							"uv": {
								"up": {"uv": [16, 269], "uv_size": [1, 4]}
							}
						},
						{
							"origin": [-0.85392, -0.54962, -1.17884],
							"size": [0.13655, 1.00154, 0.82693],
							"pivot": [-1.1962, -0.04885, -0.76537],
							"rotation": [-19.15205, 7.08923, -47.4543],
							"uv": {
								"up": {"uv": [18, 269], "uv_size": [1, 4]}
							}
						},
						{
							"origin": [-0.18309, -1.09501, -1.29144],
							"size": [0.13655, 1.00154, 0.82693],
							"pivot": [-0.58522, -0.59424, -0.81604],
							"rotation": [-19.15205, -7.08923, -132.5457],
							"uv": {
								"north": {"uv": [20, 269], "uv_size": [1, 4]},
								"east": {"uv": [233, 197], "uv_size": [4, 4]},
								"south": {"uv": [22, 269], "uv_size": [1, 4]},
								"west": {"uv": [28, 234], "uv_size": [4, 4]},
								"up": {"uv": [31, 269], "uv_size": [1, 4]},
								"down": {"uv": [45, 273], "uv_size": [1, -4]}
							}
						},
						{
							"origin": [-1.1239, -1.09501, -1.29144],
							"size": [0.13654, 1.00154, 0.82693],
							"pivot": [-0.58522, -0.59424, -0.81604],
							"rotation": [-19.15205, 7.08923, -137.4543],
							"uv": {
								"north": {"uv": [47, 269], "uv_size": [1, 4]},
								"east": {"uv": [33, 234], "uv_size": [4, 4]},
								"south": {"uv": [49, 269], "uv_size": [1, 4]},
								"west": {"uv": [234, 43], "uv_size": [4, 4]},
								"up": {"uv": [51, 269], "uv_size": [1, 4]},
								"down": {"uv": [53, 273], "uv_size": [1, -4]}
							}
						},
						{
							"origin": [0.99811, 0.05069, -1.28018],
							"size": [0.13655, 1.00154, 0.82693],
							"pivot": [0.65584, 0.55146, -0.86671],
							"rotation": [-19.15205, -7.08923, 47.4543],
							"uv": {
								"up": {"uv": [55, 269], "uv_size": [1, 4]}
							}
						},
						{
							"origin": [0.30244, 0.69701, -1.17884],
							"size": [0.13655, 1.00154, 0.82693],
							"pivot": [-0.03983, 1.19778, -0.76537],
							"rotation": [-19.15205, 7.08923, 42.5457],
							"uv": {
								"up": {"uv": [57, 269], "uv_size": [1, 4]}
							}
						},
						{
							"origin": [0.05714, -1.09501, -1.29144],
							"size": [0.13655, 1.00154, 0.82693],
							"pivot": [0.59582, -0.59424, -0.81604],
							"rotation": [-19.15205, 7.08923, 132.5457],
							"uv": {
								"up": {"uv": [59, 269], "uv_size": [1, 4]}
							}
						},
						{
							"origin": [0.99796, -1.09501, -1.29144],
							"size": [0.13654, 1.00154, 0.82693],
							"pivot": [0.59582, -0.59424, -0.81604],
							"rotation": [-19.15205, -7.08923, 137.4543],
							"uv": {
								"up": {"uv": [61, 269], "uv_size": [1, 4]}
							}
						},
						{
							"origin": [-0.47352, -1.29028, -1.48831],
							"size": [0.95765, 1.00154, 0.82693],
							"pivot": [0.0053, -0.00372, -0.80427],
							"rotation": [19, 0, -45],
							"uv": {
								"north": {"uv": [234, 120], "uv_size": [4, 4]},
								"east": {"uv": [234, 125], "uv_size": [4, 4]},
								"south": {"uv": [234, 130], "uv_size": [4, 4]},
								"west": {"uv": [234, 135], "uv_size": [4, 4]},
								"up": {"uv": [151, 234], "uv_size": [4, 4]},
								"down": {"uv": [194, 238], "uv_size": [4, -4]}
							}
						},
						{
							"origin": [-0.47352, -1.33556, -1.21774],
							"size": [0.95765, 1.00154, 0.82693],
							"pivot": [0.0053, -0.83479, -0.80427],
							"rotation": [19, 0, 0],
							"uv": {
								"north": {"uv": [234, 214], "uv_size": [4, 4]},
								"east": {"uv": [234, 219], "uv_size": [4, 4]},
								"south": {"uv": [234, 224], "uv_size": [4, 4]},
								"west": {"uv": [234, 229], "uv_size": [4, 4]},
								"up": {"uv": [234, 234], "uv_size": [4, 4]},
								"down": {"uv": [40, 239], "uv_size": [4, -4]}
							}
						},
						{
							"origin": [-1.04912, -1.25306, -4.90891],
							"size": [1.19224, 2.87834, 3.87674],
							"pivot": [-0.45299, -0.46202, -66.52763],
							"rotation": [0, 0, 45],
							"uv": {
								"up": {"uv": [146, 141], "uv_size": [5, 17]},
								"down": {"uv": [86, 164], "uv_size": [5, -17]}
							}
						}
					]
				},
				{
					"name": "bone23",
					"parent": "rm277_silencer",
					"pivot": [0.0053, -0.00372, -5.55115],
					"cubes": [
						{
							"origin": [0.03238, -1.09078, -5.79585],
							"size": [0.62092, 1.49904, 3.16385],
							"pivot": [0.34284, -0.00372, -37.86342],
							"rotation": [0, 0, 90],
							"uv": {
								"north": {"uv": [13, 70], "uv_size": [3, 6]},
								"east": {"uv": [156, 29], "uv_size": [13, 6]},
								"south": {"uv": [145, 79], "uv_size": [3, 6]},
								"west": {"uv": [156, 36], "uv_size": [13, 6]},
								"up": {"uv": [46, 190], "uv_size": [3, 13]},
								"down": {"uv": [109, 204], "uv_size": [3, -13]}
							}
						},
						{
							"origin": [-0.26087, -0.97348, -0.63465],
							"size": [1.20742, 1.26444, 1.05245],
							"pivot": [0.34284, -0.00372, -37.86342],
							"rotation": [0, 0, 90],
							"uv": {
								"north": {"uv": [187, 7], "uv_size": [5, 5]},
								"east": {"uv": [145, 29], "uv_size": [4, 5]},
								"south": {"uv": [152, 213], "uv_size": [5, 5]},
								"west": {"uv": [185, 152], "uv_size": [4, 5]},
								"up": {"uv": [150, 47], "uv_size": [5, 4]},
								"down": {"uv": [152, 223], "uv_size": [5, -4]}
							}
						},
						{
							"origin": [-0.30516, 0.4628, -0.49075],
							"size": [0.43324, 0.91254, 0.91169],
							"pivot": [0.0053, 0.91907, -0.44546],
							"rotation": [0, 40, 90],
							"uv": {
								"north": {"uv": [153, 94], "uv_size": [2, 4]},
								"east": {"uv": [4, 228], "uv_size": [4, 4]},
								"up": {"uv": [14, 253], "uv_size": [2, 4]},
								"down": {"uv": [218, 257], "uv_size": [2, -4]}
							}
						},
						{
							"origin": [-0.21132, -1.24188, -0.52923],
							"size": [0.43324, 1.02984, 0.91169],
							"pivot": [0.0053, -0.72696, -0.06165],
							"rotation": [0, -40, 90],
							"uv": {
								"north": {"uv": [70, 254], "uv_size": [2, 4]},
								"south": {"uv": [95, 254], "uv_size": [2, 4]},
								"west": {"uv": [75, 228], "uv_size": [4, 4]},
								"up": {"uv": [210, 254], "uv_size": [2, 4]},
								"down": {"uv": [221, 258], "uv_size": [2, -4]}
							}
						},
						{
							"origin": [-0.06648, -0.65438, -5.79585],
							"size": [0.62092, 1.49904, 5.04065],
							"pivot": [0.24398, -0.2424, -37.86342],
							"rotation": [0, 0, -45],
							"uv": {
								"north": {"uv": [195, 222], "uv_size": [3, 6]},
								"east": {"uv": [73, 114], "uv_size": [21, 6]},
								"south": {"uv": [148, 223], "uv_size": [3, 6]},
								"west": {"uv": [105, 117], "uv_size": [21, 6]},
								"up": {"uv": [29, 163], "uv_size": [3, 21]},
								"down": {"uv": [0, 189], "uv_size": [3, -21]}
							}
						},
						{
							"origin": [-0.30516, -0.75324, -5.7982],
							"size": [0.62092, 1.49904, 5.04065],
							"uv": {
								"north": {"uv": [172, 223], "uv_size": [3, 6]},
								"east": {"uv": [119, 59], "uv_size": [21, 6]},
								"south": {"uv": [23, 224], "uv_size": [3, 6]},
								"west": {"uv": [73, 121], "uv_size": [21, 6]},
								"up": {"uv": [4, 168], "uv_size": [3, 21]},
								"down": {"uv": [46, 189], "uv_size": [3, -21]}
							}
						},
						{
							"origin": [-0.54384, -0.65438, -5.79585],
							"size": [0.62092, 1.49904, 5.04065],
							"pivot": [-0.23338, -0.2424, -37.86342],
							"rotation": [0, 0, 45],
							"uv": {
								"north": {"uv": [27, 224], "uv_size": [3, 6]},
								"east": {"uv": [122, 0], "uv_size": [21, 6]},
								"south": {"uv": [51, 224], "uv_size": [3, 6]},
								"west": {"uv": [123, 79], "uv_size": [21, 6]},
								"up": {"uv": [105, 169], "uv_size": [3, 21]},
								"down": {"uv": [109, 190], "uv_size": [3, -21]}
							}
						}
					]
				},
				{
					"name": "bone4",
					"parent": "rm277_silencer",
					"pivot": [0.0053, -0.00372, -0.6832],
					"cubes": [
						{
							"origin": [0.04701, -1.6778, -1.11423],
							"size": [0.95622, 2.30852, 0.86208],
							"pivot": [0.52512, -0.00372, -58.48266],
							"rotation": [0, 0, 90],
							"uv": {
								"north": {"uv": [89, 186], "uv_size": [4, 10]},
								"east": {"uv": [94, 186], "uv_size": [4, 10]},
								"south": {"uv": [134, 186], "uv_size": [4, 10]},
								"west": {"uv": [139, 186], "uv_size": [4, 10]},
								"up": {"uv": [228, 105], "uv_size": [4, 4]},
								"down": {"uv": [107, 232], "uv_size": [4, -4]}
							}
						},
						{
							"origin": [-0.10524, -1.00573, -1.11423],
							"size": [0.95622, 2.30852, 0.86208],
							"pivot": [0.37287, -0.37129, -58.48266],
							"rotation": [0, 0, -45],
							"uv": {
								"north": {"uv": [144, 186], "uv_size": [4, 10]},
								"east": {"uv": [166, 186], "uv_size": [4, 10]},
								"south": {"uv": [171, 186], "uv_size": [4, 10]},
								"west": {"uv": [12, 187], "uv_size": [4, 10]},
								"up": {"uv": [228, 110], "uv_size": [4, 4]},
								"down": {"uv": [112, 232], "uv_size": [4, -4]}
							}
						},
						{
							"origin": [-0.47281, -1.15798, -1.11423],
							"size": [0.95622, 2.30852, 0.86208],
							"uv": {
								"north": {"uv": [187, 164], "uv_size": [4, 10]},
								"east": {"uv": [187, 175], "uv_size": [4, 10]},
								"south": {"uv": [184, 187], "uv_size": [4, 10]},
								"west": {"uv": [188, 111], "uv_size": [4, 10]},
								"up": {"uv": [228, 115], "uv_size": [4, 4]},
								"down": {"uv": [228, 198], "uv_size": [4, -4]}
							}
						},
						{
							"origin": [-0.84038, -1.00573, -1.11423],
							"size": [0.95622, 2.30852, 0.86208],
							"pivot": [-0.36227, -0.37129, -58.48266],
							"rotation": [0, 0, 45],
							"uv": {
								"north": {"uv": [17, 189], "uv_size": [4, 10]},
								"east": {"uv": [189, 186], "uv_size": [4, 10]},
								"south": {"uv": [0, 190], "uv_size": [4, 10]},
								"west": {"uv": [190, 99], "uv_size": [4, 10]},
								"up": {"uv": [228, 199], "uv_size": [4, 4]},
								"down": {"uv": [229, 47], "uv_size": [4, -4]}
							}
						}
					]
				}
			]
		}
	]
}