{
	"format_version": "1.12.0",
	"minecraft:geometry": [
		{
			"description": {
				"identifier": "geometry.aimpoint comp m4",
				"texture_width": 128,
				"texture_height": 128,
				"visible_bounds_width": 46,
				"visible_bounds_height": 2.5,
				"visible_bounds_offset": [0, 0.75, 0]
			},
			"bones": [
				{
					"name": "scope_body",
					"pivot": [0.04706, 0.46424, -0.86093],
					"cubes": [
						{
							"origin": [-0.71568, -0.33946, -2.6603],
							"size": [0.25712, 0.46375, 3.30786],
							"uv": {
								"north": {"uv": [74, 19], "uv_size": [1, 2]},
								"east": {"uv": [76, 30], "uv_size": [14, 2]},
								"south": {"uv": [87, 99], "uv_size": [1, 2]},
								"west": {"uv": [76, 33], "uv_size": [14, 2]},
								"up": {"uv": [64, 89], "uv_size": [1, 14]},
								"down": {"uv": [39, 104], "uv_size": [1, -14]}
							}
						},
						{
							"origin": [-0.77433, -0.41561, -2.1714],
							"size": [1.66472, 0.29799, 0.29799],
							"pivot": [-0.64577, -1.41539, -1.32684],
							"rotation": [-45, 0, 0],
							"uv": {
								"north": {"uv": [106, 57], "uv_size": [7, 1]},
								"east": {"uv": [32, 52], "uv_size": [1, 1]},
								"south": {"uv": [107, 59], "uv_size": [7, 1]},
								"west": {"uv": [99, 79], "uv_size": [1, 1]},
								"up": {"uv": [107, 61], "uv_size": [7, 1]},
								"down": {"uv": [107, 64], "uv_size": [7, -1]}
							}
						},
						{
							"origin": [0.29855, -0.33946, -1.55768],
							"size": [0.3519, 0.59823, 1.19646],
							"uv": {
								"north": {"uv": [108, 26], "uv_size": [2, 3]},
								"east": {"uv": [88, 82], "uv_size": [5, 3]},
								"south": {"uv": [108, 30], "uv_size": [2, 3]},
								"west": {"uv": [89, 86], "uv_size": [5, 3]},
								"up": {"uv": [73, 80], "uv_size": [2, 5]},
								"down": {"uv": [49, 100], "uv_size": [2, -5]}
							}
						},
						{
							"origin": [-0.74675, -0.373, -2.6603],
							"size": [0.31671, 0.36363, 3.30786],
							"pivot": [-0.13093, -0.16186, -0.97705],
							"rotation": [0, 0, 45],
							"uv": {
								"north": {"uv": [62, 101], "uv_size": [1, 2]},
								"east": {"uv": [76, 36], "uv_size": [14, 2]},
								"south": {"uv": [102, 106], "uv_size": [1, 2]},
								"west": {"uv": [76, 39], "uv_size": [14, 2]},
								"up": {"uv": [11, 91], "uv_size": [1, 14]},
								"down": {"uv": [13, 105], "uv_size": [1, -14]}
							}
						},
						{
							"origin": [-0.45855, 0.00071, -2.6603],
							"size": [0.94478, 0.38071, 3.30786],
							"uv": {
								"north": {"uv": [46, 25], "uv_size": [4, 2]},
								"east": {"uv": [76, 42], "uv_size": [14, 2]},
								"south": {"uv": [58, 98], "uv_size": [4, 2]},
								"west": {"uv": [76, 45], "uv_size": [14, 2]},
								"up": {"uv": [32, 54], "uv_size": [4, 14]},
								"down": {"uv": [37, 68], "uv_size": [4, -14]}
							}
						},
						{
							"origin": [-0.38179, 0.36457, -2.66031],
							"size": [0.77418, 0.49801, 3.30786],
							"uv": {
								"north": {"uv": [108, 34], "uv_size": [3, 2]},
								"east": {"uv": [76, 48], "uv_size": [14, 2]},
								"south": {"uv": [108, 37], "uv_size": [3, 2]},
								"west": {"uv": [76, 51], "uv_size": [14, 2]},
								"up": {"uv": [66, 57], "uv_size": [3, 14]},
								"down": {"uv": [69, 14], "uv_size": [3, -14]}
							}
						},
						{
							"origin": [-0.47563, 0.86257, -2.71896],
							"size": [1.02051, 0.49801, 3.42516],
							"uv": {
								"north": {"uv": [98, 58], "uv_size": [4, 2]},
								"east": {"uv": [76, 24], "uv_size": [15, 2]},
								"south": {"uv": [98, 61], "uv_size": [4, 2]},
								"west": {"uv": [76, 27], "uv_size": [15, 2]},
								"up": {"uv": [53, 30], "uv_size": [4, 15]},
								"down": {"uv": [53, 61], "uv_size": [4, -15]}
							}
						},
						{
							"origin": [0.46277, 1.71007, -0.60756],
							"size": [0.395, 0.41181, 1.29491],
							"uv": {
								"north": {"uv": [89, 21], "uv_size": [2, 2]},
								"east": {"uv": [77, 16], "uv_size": [6, 2]},
								"south": {"uv": [95, 26], "uv_size": [2, 2]},
								"west": {"uv": [92, 78], "uv_size": [6, 2]},
								"up": {"uv": [70, 23], "uv_size": [2, 6]},
								"down": {"uv": [0, 100], "uv_size": [2, -6]}
							}
						}
					]
				},
				{
					"name": "bone55",
					"parent": "scope_body",
					"pivot": [0.99113, -0.10302, -1.00637],
					"rotation": [-30, 0, 0],
					"cubes": [
						{
							"origin": [0.72486, -0.4127, -1.18517],
							"size": [0.6018, 0.61936, 0.35759],
							"uv": {
								"north": {"uv": [96, 12], "uv_size": [3, 3]},
								"east": {"uv": [33, 107], "uv_size": [2, 3]},
								"south": {"uv": [96, 92], "uv_size": [3, 3]},
								"west": {"uv": [36, 107], "uv_size": [2, 3]},
								"up": {"uv": [107, 65], "uv_size": [3, 2]},
								"down": {"uv": [107, 81], "uv_size": [3, -2]}
							}
						},
						{
							"origin": [0.72486, -0.40776, -1.19372],
							"size": [0.6018, 0.61936, 0.35759],
							"pivot": [0.99113, -0.10795, -1.01492],
							"rotation": [-60, 0, 0],
							"uv": {
								"north": {"uv": [96, 96], "uv_size": [3, 3]},
								"east": {"uv": [86, 107], "uv_size": [2, 3]},
								"south": {"uv": [3, 97], "uv_size": [3, 3]},
								"west": {"uv": [107, 98], "uv_size": [2, 3]},
								"up": {"uv": [107, 102], "uv_size": [3, 2]},
								"down": {"uv": [107, 107], "uv_size": [3, -2]}
							}
						},
						{
							"origin": [0.72486, -0.40776, -1.17661],
							"size": [0.6018, 0.61936, 0.35759],
							"pivot": [0.99113, -0.10795, -0.99782],
							"rotation": [60, 0, 0],
							"uv": {
								"north": {"uv": [7, 97], "uv_size": [3, 3]},
								"east": {"uv": [108, 0], "uv_size": [2, 3]},
								"south": {"uv": [97, 16], "uv_size": [3, 3]},
								"west": {"uv": [108, 4], "uv_size": [2, 3]},
								"up": {"uv": [108, 20], "uv_size": [3, 2]},
								"down": {"uv": [108, 25], "uv_size": [3, -2]}
							}
						}
					]
				},
				{
					"name": "bone53",
					"parent": "scope_body",
					"pivot": [0.05865, 1.88079, -0.02641],
					"rotation": [0, -90, 0],
					"cubes": [
						{
							"origin": [0.07557, 0.67372, 0.59417],
							"size": [0.38796, 1.17122, 0.57812],
							"pivot": [0.26955, 1.47024, -14.2944],
							"rotation": [0, 0, 90],
							"uv": {
								"north": {"uv": [52, 95], "uv_size": [2, 5]},
								"east": {"uv": [95, 54], "uv_size": [2, 5]},
								"south": {"uv": [55, 95], "uv_size": [2, 5]},
								"west": {"uv": [95, 60], "uv_size": [2, 5]},
								"up": {"uv": [111, 65], "uv_size": [2, 2]},
								"down": {"uv": [111, 70], "uv_size": [2, -2]}
							}
						},
						{
							"origin": [0.07557, 1.20157, 0.61763],
							"size": [0.38796, 0.93662, 0.58047],
							"pivot": [0.26955, 1.88079, -14.27094],
							"rotation": [0, 0, 90],
							"uv": {
								"north": {"uv": [98, 64], "uv_size": [2, 4]},
								"east": {"uv": [98, 69], "uv_size": [2, 4]},
								"south": {"uv": [98, 81], "uv_size": [2, 4]},
								"west": {"uv": [92, 98], "uv_size": [2, 4]},
								"up": {"uv": [111, 79], "uv_size": [2, 2]},
								"down": {"uv": [111, 84], "uv_size": [2, -2]}
							}
						},
						{
							"origin": [0.0138, 1.47425, 0.61763],
							"size": [0.38796, 0.93662, 0.57812],
							"pivot": [0.20778, 1.73166, -14.27094],
							"rotation": [0, 0, -45],
							"uv": {
								"north": {"uv": [99, 0], "uv_size": [2, 4]},
								"east": {"uv": [99, 5], "uv_size": [2, 4]},
								"south": {"uv": [15, 99], "uv_size": [2, 4]},
								"west": {"uv": [18, 99], "uv_size": [2, 4]},
								"up": {"uv": [111, 85], "uv_size": [2, 2]},
								"down": {"uv": [86, 113], "uv_size": [2, -2]}
							}
						},
						{
							"origin": [-0.13533, 1.41248, 0.61763],
							"size": [0.38796, 0.93662, 0.58282],
							"uv": {
								"north": {"uv": [99, 20], "uv_size": [2, 4]},
								"east": {"uv": [21, 99], "uv_size": [2, 4]},
								"south": {"uv": [24, 99], "uv_size": [2, 4]},
								"west": {"uv": [66, 99], "uv_size": [2, 4]},
								"up": {"uv": [111, 88], "uv_size": [2, 2]},
								"down": {"uv": [111, 93], "uv_size": [2, -2]}
							}
						},
						{
							"origin": [-0.28446, 1.47425, 0.61763],
							"size": [0.38796, 0.93662, 0.57812],
							"pivot": [-0.09048, 1.73166, -14.27094],
							"rotation": [0, 0, 45],
							"uv": {
								"north": {"uv": [69, 99], "uv_size": [2, 4]},
								"east": {"uv": [72, 99], "uv_size": [2, 4]},
								"south": {"uv": [99, 74], "uv_size": [2, 4]},
								"west": {"uv": [75, 99], "uv_size": [2, 4]},
								"up": {"uv": [111, 94], "uv_size": [2, 2]},
								"down": {"uv": [111, 103], "uv_size": [2, -2]}
							}
						}
					]
				},
				{
					"name": "bone54",
					"parent": "scope_body",
					"pivot": [0.12903, 2.84265, -0.09679],
					"rotation": [-90, 0, 0],
					"cubes": [
						{
							"origin": [-0.06495, 2.26233, -0.38585],
							"size": [0.38796, 0.93662, 0.57812],
							"pivot": [0.12903, 2.84265, -0.09679],
							"rotation": [0, 0, 90],
							"uv": {
								"north": {"uv": [78, 99], "uv_size": [2, 4]},
								"east": {"uv": [81, 99], "uv_size": [2, 4]},
								"south": {"uv": [84, 99], "uv_size": [2, 4]},
								"west": {"uv": [99, 86], "uv_size": [2, 4]},
								"up": {"uv": [111, 104], "uv_size": [2, 2]},
								"down": {"uv": [110, 113], "uv_size": [2, -2]}
							}
						},
						{
							"origin": [-0.14415, 2.45353, -0.38585],
							"size": [0.38796, 0.93662, 0.57812],
							"pivot": [0.12903, 2.84265, -0.09679],
							"rotation": [0, 0, -45],
							"uv": {
								"north": {"uv": [100, 10], "uv_size": [2, 4]},
								"east": {"uv": [30, 100], "uv_size": [2, 4]},
								"south": {"uv": [41, 100], "uv_size": [2, 4]},
								"west": {"uv": [44, 100], "uv_size": [2, 4]},
								"up": {"uv": [112, 6], "uv_size": [2, 2]},
								"down": {"uv": [112, 11], "uv_size": [2, -2]}
							}
						},
						{
							"origin": [-0.17695, 2.37434, -0.38585],
							"size": [0.38796, 0.93662, 0.57812],
							"uv": {
								"north": {"uv": [100, 91], "uv_size": [2, 4]},
								"east": {"uv": [95, 100], "uv_size": [2, 4]},
								"south": {"uv": [100, 96], "uv_size": [2, 4]},
								"west": {"uv": [0, 101], "uv_size": [2, 4]},
								"up": {"uv": [112, 18], "uv_size": [2, 2]},
								"down": {"uv": [112, 23], "uv_size": [2, -2]}
							}
						},
						{
							"origin": [0.2946, 2.37434, -0.33893],
							"size": [0.38796, 0.93662, 0.5312],
							"uv": {
								"north": {"uv": [3, 101], "uv_size": [2, 4]},
								"east": {"uv": [6, 101], "uv_size": [2, 4]},
								"south": {"uv": [101, 15], "uv_size": [2, 4]},
								"west": {"uv": [47, 101], "uv_size": [2, 4]},
								"up": {"uv": [27, 112], "uv_size": [2, 2]},
								"down": {"uv": [112, 34], "uv_size": [2, -2]}
							}
						},
						{
							"origin": [0.29225, 1.95667, 0.15755],
							"size": [0.38796, 0.19309, 0.42769],
							"pivot": [0.59823, 2.42498, 0.55424],
							"rotation": [-45, 0, 0],
							"uv": {
								"north": {"uv": [114, 76], "uv_size": [2, 1]},
								"east": {"uv": [114, 78], "uv_size": [2, 1]},
								"south": {"uv": [114, 80], "uv_size": [2, 1]},
								"west": {"uv": [114, 82], "uv_size": [2, 1]},
								"up": {"uv": [112, 35], "uv_size": [2, 2]},
								"down": {"uv": [51, 114], "uv_size": [2, -2]}
							}
						},
						{
							"origin": [0.29225, 2.89329, 0.15755],
							"size": [0.38796, 0.36904, 0.19309],
							"pivot": [0.59823, 3.3616, 0.55424],
							"rotation": [-45, 0, 0],
							"uv": {
								"north": {"uv": [112, 52], "uv_size": [2, 2]},
								"east": {"uv": [10, 114], "uv_size": [1, 2]},
								"south": {"uv": [54, 112], "uv_size": [2, 2]},
								"west": {"uv": [114, 84], "uv_size": [1, 2]},
								"up": {"uv": [86, 114], "uv_size": [2, 1]},
								"down": {"uv": [114, 88], "uv_size": [2, -1]}
							}
						},
						{
							"origin": [-0.14415, 2.29513, -0.38585],
							"size": [0.38796, 0.93662, 0.57812],
							"pivot": [0.12903, 2.84265, -0.09679],
							"rotation": [0, 0, 45],
							"uv": {
								"north": {"uv": [50, 101], "uv_size": [2, 4]},
								"east": {"uv": [53, 101], "uv_size": [2, 4]},
								"south": {"uv": [56, 101], "uv_size": [2, 4]},
								"west": {"uv": [59, 101], "uv_size": [2, 4]},
								"up": {"uv": [57, 112], "uv_size": [2, 2]},
								"down": {"uv": [68, 114], "uv_size": [2, -2]}
							}
						}
					]
				},
				{
					"name": "bone44",
					"parent": "scope_body",
					"pivot": [-0.8211, 2.93649, -1.01759]
				},
				{
					"name": "bone45",
					"parent": "bone44",
					"pivot": [-0.8211, 2.93649, -3.24629],
					"cubes": [
						{
							"origin": [-0.91491, 2.20633, -3.64794],
							"size": [0.41706, 1.00687, 0.75637],
							"pivot": [-0.70638, 2.93649, -19.70284],
							"rotation": [0, 0, 90],
							"uv": {
								"north": {"uv": [101, 64], "uv_size": [2, 4]},
								"east": {"uv": [93, 16], "uv_size": [3, 4]},
								"south": {"uv": [101, 69], "uv_size": [2, 4]},
								"west": {"uv": [94, 29], "uv_size": [3, 4]},
								"up": {"uv": [108, 40], "uv_size": [2, 3]},
								"down": {"uv": [108, 47], "uv_size": [2, -3]}
							}
						},
						{
							"origin": [-0.98131, 2.49946, -3.64794],
							"size": [0.41706, 1.00687, 0.75637],
							"pivot": [-0.77278, 2.77617, -19.70284],
							"rotation": [0, 0, -45],
							"uv": {
								"north": {"uv": [101, 79], "uv_size": [2, 4]},
								"east": {"uv": [94, 34], "uv_size": [3, 4]},
								"south": {"uv": [98, 101], "uv_size": [2, 4]},
								"west": {"uv": [94, 39], "uv_size": [3, 4]},
								"up": {"uv": [108, 48], "uv_size": [2, 3]},
								"down": {"uv": [51, 111], "uv_size": [2, -3]}
							}
						},
						{
							"origin": [-1.14163, 2.43305, -3.64794],
							"size": [0.41706, 1.00687, 0.75637],
							"uv": {
								"north": {"uv": [101, 101], "uv_size": [2, 4]},
								"east": {"uv": [94, 44], "uv_size": [3, 4]},
								"south": {"uv": [102, 0], "uv_size": [2, 4]},
								"west": {"uv": [94, 49], "uv_size": [3, 4]},
								"up": {"uv": [54, 108], "uv_size": [2, 3]},
								"down": {"uv": [57, 111], "uv_size": [2, -3]}
							}
						},
						{
							"origin": [-1.30195, 2.49946, -3.64794],
							"size": [0.41706, 1.00687, 0.75637],
							"pivot": [-1.09342, 2.77617, -19.70284],
							"rotation": [0, 0, 45],
							"uv": {
								"north": {"uv": [102, 5], "uv_size": [2, 4]},
								"east": {"uv": [69, 94], "uv_size": [3, 4]},
								"south": {"uv": [102, 20], "uv_size": [2, 4]},
								"west": {"uv": [73, 94], "uv_size": [3, 4]},
								"up": {"uv": [108, 68], "uv_size": [2, 3]},
								"down": {"uv": [108, 85], "uv_size": [2, -3]}
							}
						}
					]
				},
				{
					"name": "bone49",
					"parent": "bone44",
					"pivot": [-0.8211, 2.93649, 1.47503],
					"cubes": [
						{
							"origin": [-0.91491, 2.20633, 1.19655],
							"size": [0.41706, 1.00687, 0.46312],
							"pivot": [-0.70638, 2.93649, -15.24544],
							"rotation": [0, 0, 90],
							"uv": {
								"north": {"uv": [102, 25], "uv_size": [2, 4]},
								"east": {"uv": [27, 102], "uv_size": [2, 4]},
								"south": {"uv": [102, 30], "uv_size": [2, 4]},
								"west": {"uv": [33, 102], "uv_size": [2, 4]},
								"up": {"uv": [71, 112], "uv_size": [2, 2]},
								"down": {"uv": [112, 73], "uv_size": [2, -2]}
							}
						},
						{
							"origin": [-1.14163, 2.43305, 1.19655],
							"size": [0.41706, 1.00687, 0.46547],
							"pivot": [-0.9331, 2.93649, 1.42811],
							"rotation": [0, 0, -45],
							"uv": {
								"north": {"uv": [102, 35], "uv_size": [2, 4]},
								"east": {"uv": [36, 102], "uv_size": [2, 4]},
								"south": {"uv": [102, 40], "uv_size": [2, 4]},
								"west": {"uv": [102, 45], "uv_size": [2, 4]},
								"up": {"uv": [74, 112], "uv_size": [2, 2]},
								"down": {"uv": [77, 114], "uv_size": [2, -2]}
							}
						},
						{
							"origin": [-1.14163, 2.43305, 1.19655],
							"size": [0.41706, 1.00687, 0.46312],
							"uv": {
								"north": {"uv": [102, 50], "uv_size": [2, 4]},
								"east": {"uv": [102, 74], "uv_size": [2, 4]},
								"south": {"uv": [102, 84], "uv_size": [2, 4]},
								"west": {"uv": [87, 102], "uv_size": [2, 4]},
								"up": {"uv": [80, 112], "uv_size": [2, 2]},
								"down": {"uv": [89, 114], "uv_size": [2, -2]}
							}
						},
						{
							"origin": [-1.30195, 2.49946, 1.19655],
							"size": [0.41706, 1.00687, 0.46312],
							"pivot": [-1.09342, 2.77617, -15.24544],
							"rotation": [0, 0, 45],
							"uv": {
								"north": {"uv": [103, 10], "uv_size": [2, 4]},
								"east": {"uv": [103, 55], "uv_size": [2, 4]},
								"south": {"uv": [103, 89], "uv_size": [2, 4]},
								"west": {"uv": [90, 103], "uv_size": [2, 4]},
								"up": {"uv": [102, 112], "uv_size": [2, 2]},
								"down": {"uv": [105, 114], "uv_size": [2, -2]}
							}
						}
					]
				},
				{
					"name": "bone51",
					"parent": "bone49",
					"pivot": [-0.8211, 2.93649, 1.42811],
					"rotation": [0, 0, 22.5],
					"cubes": [
						{
							"origin": [-0.76005, 2.10286, 1.19655],
							"size": [0.41706, 1.00687, 0.46312],
							"pivot": [-0.59438, 2.93649, -15.24544],
							"rotation": [0, 0, 90],
							"uv": {
								"north": {"uv": [103, 94], "uv_size": [2, 4]},
								"east": {"uv": [15, 104], "uv_size": [2, 4]},
								"south": {"uv": [104, 15], "uv_size": [2, 4]},
								"west": {"uv": [18, 104], "uv_size": [2, 4]},
								"up": {"uv": [113, 12], "uv_size": [2, 2]},
								"down": {"uv": [14, 115], "uv_size": [2, -2]}
							}
						},
						{
							"origin": [-0.97278, 2.54232, 1.19655],
							"size": [0.41706, 1.00687, 0.46312],
							"pivot": [-0.66078, 2.77617, -15.24544],
							"rotation": [0, 0, -45],
							"uv": {
								"north": {"uv": [21, 104], "uv_size": [2, 4]},
								"east": {"uv": [24, 104], "uv_size": [2, 4]},
								"south": {"uv": [104, 60], "uv_size": [2, 4]},
								"west": {"uv": [62, 104], "uv_size": [2, 4]},
								"up": {"uv": [17, 113], "uv_size": [2, 2]},
								"down": {"uv": [20, 115], "uv_size": [2, -2]}
							}
						},
						{
							"origin": [-1.1331, 2.39019, 1.19655],
							"size": [0.41706, 1.00687, 0.46782],
							"uv": {
								"north": {"uv": [65, 104], "uv_size": [2, 4]},
								"east": {"uv": [104, 65], "uv_size": [2, 4]},
								"south": {"uv": [68, 104], "uv_size": [2, 4]},
								"west": {"uv": [71, 104], "uv_size": [2, 4]},
								"up": {"uv": [23, 113], "uv_size": [2, 2]},
								"down": {"uv": [38, 115], "uv_size": [2, -2]}
							}
						},
						{
							"origin": [-1.23281, 2.39599, 1.19655],
							"size": [0.41706, 1.00687, 0.4657],
							"pivot": [-0.98142, 2.77617, -15.24544],
							"rotation": [0, 0, 45],
							"uv": {
								"north": {"uv": [74, 104], "uv_size": [2, 4]},
								"east": {"uv": [77, 104], "uv_size": [2, 4]},
								"south": {"uv": [104, 79], "uv_size": [2, 4]},
								"west": {"uv": [80, 104], "uv_size": [2, 4]},
								"up": {"uv": [62, 113], "uv_size": [2, 2]},
								"down": {"uv": [65, 115], "uv_size": [2, -2]}
							}
						}
					]
				},
				{
					"name": "bone46",
					"parent": "bone44",
					"pivot": [-0.8211, 2.93649, -3.01169],
					"cubes": [
						{
							"origin": [-0.91727, 2.30125, -3.00923],
							"size": [0.36284, 0.87598, 4.33517],
							"pivot": [-0.73585, 2.93649, -17.32889],
							"rotation": [0, 0, 90],
							"uv": {
								"north": {"uv": [83, 104], "uv_size": [2, 4]},
								"east": {"uv": [34, 44], "uv_size": [18, 4]},
								"south": {"uv": [104, 99], "uv_size": [2, 4]},
								"west": {"uv": [46, 0], "uv_size": [18, 4]},
								"up": {"uv": [70, 40], "uv_size": [2, 18]},
								"down": {"uv": [70, 77], "uv_size": [2, -18]}
							}
						},
						{
							"origin": [-0.97505, 2.55627, -3.00923],
							"size": [0.36284, 0.87598, 4.33517],
							"pivot": [-0.79363, 2.79701, -17.32889],
							"rotation": [0, 0, -45],
							"uv": {
								"north": {"uv": [104, 104], "uv_size": [2, 4]},
								"east": {"uv": [46, 5], "uv_size": [18, 4]},
								"south": {"uv": [105, 0], "uv_size": [2, 4]},
								"west": {"uv": [46, 10], "uv_size": [18, 4]},
								"up": {"uv": [66, 72], "uv_size": [2, 18]},
								"down": {"uv": [73, 41], "uv_size": [2, -18]}
							}
						},
						{
							"origin": [-1.11452, 2.4985, -3.00923],
							"size": [0.36284, 0.87598, 4.33517],
							"uv": {
								"north": {"uv": [105, 5], "uv_size": [2, 4]},
								"east": {"uv": [46, 15], "uv_size": [18, 4]},
								"south": {"uv": [105, 20], "uv_size": [2, 4]},
								"west": {"uv": [46, 20], "uv_size": [18, 4]},
								"up": {"uv": [73, 42], "uv_size": [2, 18]},
								"down": {"uv": [73, 79], "uv_size": [2, -18]}
							}
						},
						{
							"origin": [-1.254, 2.55627, -3.00923],
							"size": [0.36284, 0.87598, 4.33517],
							"pivot": [-1.07257, 2.79701, -17.32889],
							"rotation": [0, 0, 45],
							"uv": {
								"north": {"uv": [105, 25], "uv_size": [2, 4]},
								"east": {"uv": [34, 49], "uv_size": [18, 4]},
								"south": {"uv": [30, 105], "uv_size": [2, 4]},
								"west": {"uv": [51, 25], "uv_size": [18, 4]},
								"up": {"uv": [74, 0], "uv_size": [2, 18]},
								"down": {"uv": [0, 93], "uv_size": [2, -18]}
							}
						}
					]
				},
				{
					"name": "bone50",
					"parent": "bone44",
					"pivot": [-0.8211, 2.93649, -2.80642],
					"cubes": [
						{
							"origin": [-0.91648, 2.26949, -2.82807],
							"size": [0.38098, 0.91978, 0.04692],
							"pivot": [-0.72599, 2.93649, -18.05501],
							"rotation": [0, 0, 90],
							"uv": {
								"north": {"uv": [105, 30], "uv_size": [2, 4]},
								"east": {"uv": [51, 39], "uv_size": [1, 4]},
								"south": {"uv": [105, 35], "uv_size": [2, 4]},
								"west": {"uv": [9, 101], "uv_size": [1, 4]},
								"up": {"uv": [114, 89], "uv_size": [2, 1]},
								"down": {"uv": [114, 92], "uv_size": [2, -1]}
							}
						},
						{
							"origin": [-0.97714, 2.53726, -2.82807],
							"size": [0.38098, 0.91978, 0.04692],
							"pivot": [-0.78665, 2.79004, -18.05501],
							"rotation": [0, 0, -45],
							"uv": {
								"north": {"uv": [39, 105], "uv_size": [2, 4]},
								"east": {"uv": [108, 112], "uv_size": [1, 4]},
								"south": {"uv": [105, 40], "uv_size": [2, 4]},
								"west": {"uv": [41, 113], "uv_size": [1, 4]},
								"up": {"uv": [114, 93], "uv_size": [2, 1]},
								"down": {"uv": [114, 96], "uv_size": [2, -1]}
							}
						},
						{
							"origin": [-1.12359, 2.4766, -2.82807],
							"size": [0.38098, 0.91978, 0.04692],
							"uv": {
								"north": {"uv": [42, 105], "uv_size": [2, 4]},
								"east": {"uv": [92, 113], "uv_size": [1, 4]},
								"south": {"uv": [105, 45], "uv_size": [2, 4]},
								"west": {"uv": [94, 113], "uv_size": [1, 4]},
								"up": {"uv": [114, 97], "uv_size": [2, 1]},
								"down": {"uv": [114, 100], "uv_size": [2, -1]}
							}
						},
						{
							"origin": [-1.27004, 2.53726, -2.82807],
							"size": [0.38098, 0.91978, 0.04692],
							"pivot": [-1.07955, 2.79004, -18.05501],
							"rotation": [0, 0, 45],
							"uv": {
								"north": {"uv": [105, 50], "uv_size": [2, 4]},
								"east": {"uv": [113, 111], "uv_size": [1, 4]},
								"south": {"uv": [105, 70], "uv_size": [2, 4]},
								"west": {"uv": [0, 114], "uv_size": [1, 4]},
								"up": {"uv": [114, 101], "uv_size": [2, 1]},
								"down": {"uv": [114, 104], "uv_size": [2, -1]}
							}
						}
					]
				},
				{
					"name": "bone47",
					"parent": "bone44",
					"pivot": [-0.98142, 2.77617, -16.18384],
					"cubes": [
						{
							"origin": [-0.91491, 2.20633, -2.70954],
							"size": [0.41706, 1.00687, 0.80329],
							"pivot": [-0.70638, 2.93649, -16.18384],
							"rotation": [0, 0, 90],
							"uv": {
								"north": {"uv": [105, 84], "uv_size": [2, 4]},
								"east": {"uv": [77, 94], "uv_size": [3, 4]},
								"south": {"uv": [93, 105], "uv_size": [2, 4]},
								"west": {"uv": [81, 94], "uv_size": [3, 4]},
								"up": {"uv": [108, 86], "uv_size": [2, 3]},
								"down": {"uv": [89, 111], "uv_size": [2, -3]}
							}
						},
						{
							"origin": [-0.98131, 2.32351, -2.70954],
							"size": [0.41706, 1.18282, 0.80329],
							"pivot": [-0.77278, 2.77617, -16.18384],
							"rotation": [0, 0, -45],
							"uv": {
								"north": {"uv": [95, 66], "uv_size": [2, 5]},
								"east": {"uv": [35, 90], "uv_size": [3, 5]},
								"south": {"uv": [95, 72], "uv_size": [2, 5]},
								"west": {"uv": [89, 90], "uv_size": [3, 5]},
								"up": {"uv": [108, 90], "uv_size": [2, 3]},
								"down": {"uv": [108, 97], "uv_size": [2, -3]}
							}
						},
						{
							"origin": [-1.14163, 2.43305, -2.70954],
							"size": [0.41706, 1.00687, 3.3839],
							"uv": {
								"north": {"uv": [0, 106], "uv_size": [2, 4]},
								"east": {"uv": [58, 30], "uv_size": [14, 4]},
								"south": {"uv": [3, 106], "uv_size": [2, 4]},
								"west": {"uv": [58, 35], "uv_size": [14, 4]},
								"up": {"uv": [36, 75], "uv_size": [2, 14]},
								"down": {"uv": [39, 89], "uv_size": [2, -14]}
							}
						},
						{
							"origin": [-1.30195, 2.49946, -2.70954],
							"size": [0.41706, 1.00687, 0.80329],
							"pivot": [-1.09342, 2.77617, -16.18384],
							"rotation": [0, 0, 45],
							"uv": {
								"north": {"uv": [6, 106], "uv_size": [2, 4]},
								"east": {"uv": [94, 81], "uv_size": [3, 4]},
								"south": {"uv": [9, 106], "uv_size": [2, 4]},
								"west": {"uv": [85, 94], "uv_size": [3, 4]},
								"up": {"uv": [107, 108], "uv_size": [2, 3]},
								"down": {"uv": [109, 11], "uv_size": [2, -3]}
							}
						}
					]
				},
				{
					"name": "bone52",
					"parent": "bone44",
					"pivot": [-0.98142, 2.77617, -16.18384],
					"cubes": [
						{
							"origin": [-0.91491, 2.20633, -0.12894],
							"size": [0.41706, 1.00687, 0.80329],
							"pivot": [-0.70638, 2.93649, -16.18384],
							"rotation": [0, 0, 90],
							"uv": {
								"north": {"uv": [106, 10], "uv_size": [2, 4]},
								"east": {"uv": [95, 21], "uv_size": [3, 4]},
								"south": {"uv": [12, 106], "uv_size": [2, 4]},
								"west": {"uv": [31, 95], "uv_size": [3, 4]},
								"up": {"uv": [15, 109], "uv_size": [2, 3]},
								"down": {"uv": [18, 112], "uv_size": [2, -3]}
							}
						},
						{
							"origin": [-0.97297, 2.26439, -1.90625],
							"size": [0.53318, 0.89075, 1.7773],
							"pivot": [-0.70638, 2.93649, -17.12224],
							"rotation": [0, 0, 90],
							"uv": {
								"north": {"uv": [45, 106], "uv_size": [2, 4]},
								"east": {"uv": [27, 75], "uv_size": [8, 4]},
								"south": {"uv": [48, 106], "uv_size": [2, 4]},
								"west": {"uv": [76, 19], "uv_size": [8, 4]},
								"up": {"uv": [58, 89], "uv_size": [2, 8]},
								"down": {"uv": [61, 97], "uv_size": [2, -8]}
							}
						},
						{
							"origin": [-0.98131, 2.32351, -0.12894],
							"size": [0.41706, 1.18282, 0.80329],
							"pivot": [-0.77278, 2.77617, -16.18384],
							"rotation": [0, 0, -45],
							"uv": {
								"north": {"uv": [96, 0], "uv_size": [2, 5]},
								"east": {"uv": [3, 91], "uv_size": [3, 5]},
								"south": {"uv": [96, 6], "uv_size": [2, 5]},
								"west": {"uv": [7, 91], "uv_size": [3, 5]},
								"up": {"uv": [21, 109], "uv_size": [2, 3]},
								"down": {"uv": [24, 112], "uv_size": [2, -3]}
							}
						},
						{
							"origin": [-1.12617, 3.40878, -1.90625],
							"size": [0.33495, 0.06847, 1.7773],
							"pivot": [-0.97042, 2.97381, -1.01759],
							"rotation": [0, 0, 45],
							"uv": {
								"north": {"uv": [33, 100], "uv_size": [1, 1]},
								"east": {"uv": [105, 75], "uv_size": [8, 1]},
								"south": {"uv": [93, 103], "uv_size": [1, 1]},
								"west": {"uv": [105, 77], "uv_size": [8, 1]},
								"up": {"uv": [51, 30], "uv_size": [1, 8]},
								"down": {"uv": [96, 113], "uv_size": [1, -8]}
							}
						},
						{
							"origin": [-1.06811, 2.41231, -1.90625],
							"size": [0.33495, 0.06847, 1.7773],
							"pivot": [-0.91236, 2.91575, -1.01759],
							"rotation": [0, 0, 45],
							"uv": {
								"north": {"uv": [110, 18], "uv_size": [1, 1]},
								"east": {"uv": [51, 106], "uv_size": [8, 1]},
								"south": {"uv": [96, 114], "uv_size": [1, 1]},
								"west": {"uv": [106, 55], "uv_size": [8, 1]},
								"up": {"uv": [60, 106], "uv_size": [1, 8]},
								"down": {"uv": [106, 97], "uv_size": [1, -8]}
							}
						},
						{
							"origin": [-0.8992, 2.32351, -1.90625],
							"size": [0.33495, 1.18282, 1.7773],
							"pivot": [-0.77278, 2.77617, -17.12224],
							"rotation": [0, 0, -45],
							"uv": {
								"north": {"uv": [84, 109], "uv_size": [1, 5]},
								"east": {"uv": [65, 17], "uv_size": [8, 5]},
								"south": {"uv": [12, 111], "uv_size": [1, 5]},
								"west": {"uv": [32, 69], "uv_size": [8, 5]},
								"up": {"uv": [98, 106], "uv_size": [1, 8]},
								"down": {"uv": [100, 114], "uv_size": [1, -8]}
							}
						},
						{
							"origin": [-1.30195, 2.49946, -0.12894],
							"size": [0.41706, 1.00687, 0.80329],
							"pivot": [-1.09342, 2.77617, -16.18384],
							"rotation": [0, 0, 45],
							"uv": {
								"north": {"uv": [107, 15], "uv_size": [2, 4]},
								"east": {"uv": [41, 95], "uv_size": [3, 4]},
								"south": {"uv": [27, 107], "uv_size": [2, 4]},
								"west": {"uv": [45, 95], "uv_size": [3, 4]},
								"up": {"uv": [62, 109], "uv_size": [2, 3]},
								"down": {"uv": [65, 112], "uv_size": [2, -3]}
							}
						}
					]
				},
				{
					"name": "bone37",
					"parent": "scope_body",
					"pivot": [0.1173, 1.91598, -1.32844],
					"rotation": [0, 0, -22.5]
				},
				{
					"name": "bone38",
					"parent": "bone37",
					"pivot": [0.1173, 1.91598, -1.32844],
					"cubes": [
						{
							"origin": [-0.24886, 1.03199, -4.34467],
							"size": [0.6466, 1.56104, 0.73754],
							"pivot": [0.1173, 1.91598, -3.97824],
							"rotation": [0, 0, 90],
							"uv": {
								"north": {"uv": [76, 54], "uv_size": [3, 7]},
								"east": {"uv": [76, 62], "uv_size": [3, 7]},
								"south": {"uv": [76, 70], "uv_size": [3, 7]},
								"west": {"uv": [77, 0], "uv_size": [3, 7]},
								"up": {"uv": [98, 26], "uv_size": [3, 3]},
								"down": {"uv": [98, 33], "uv_size": [3, -3]}
							}
						},
						{
							"origin": [-0.00031, 1.34188, -4.33998],
							"size": [0.6466, 1.56104, 0.73285],
							"pivot": [0.36585, 1.66742, -24.61186],
							"rotation": [0, 0, -45],
							"uv": {
								"north": {"uv": [77, 8], "uv_size": [3, 7]},
								"east": {"uv": [69, 78], "uv_size": [3, 7]},
								"south": {"uv": [76, 78], "uv_size": [3, 7]},
								"west": {"uv": [42, 79], "uv_size": [3, 7]},
								"up": {"uv": [98, 34], "uv_size": [3, 3]},
								"down": {"uv": [98, 41], "uv_size": [3, -3]}
							}
						},
						{
							"origin": [-0.30947, 1.17832, -4.34232],
							"size": [0.6466, 1.56103, 0.73519],
							"uv": {
								"north": {"uv": [46, 79], "uv_size": [3, 7]},
								"east": {"uv": [50, 79], "uv_size": [3, 7]},
								"south": {"uv": [54, 79], "uv_size": [3, 7]},
								"west": {"uv": [27, 80], "uv_size": [3, 7]},
								"up": {"uv": [98, 42], "uv_size": [3, 3]},
								"down": {"uv": [98, 49], "uv_size": [3, -3]}
							}
						},
						{
							"origin": [-0.55802, 1.19555, -4.33998],
							"size": [0.6466, 1.56104, 0.73284],
							"pivot": [-0.13125, 1.66742, -24.61186],
							"rotation": [0, 0, 45],
							"uv": {
								"north": {"uv": [31, 80], "uv_size": [3, 7]},
								"east": {"uv": [80, 54], "uv_size": [3, 7]},
								"south": {"uv": [80, 62], "uv_size": [3, 7]},
								"west": {"uv": [80, 70], "uv_size": [3, 7]},
								"up": {"uv": [98, 50], "uv_size": [3, 3]},
								"down": {"uv": [98, 57], "uv_size": [3, -3]}
							}
						}
					]
				},
				{
					"name": "bone40",
					"parent": "bone37",
					"pivot": [0.1173, 1.91598, -0.44869],
					"cubes": [
						{
							"origin": [0.10264, 0.68048, -3.46023],
							"size": [0.6466, 1.56104, 0.58035],
							"pivot": [0.46881, 1.91598, -23.73211],
							"rotation": [0, 0, 90],
							"uv": {
								"north": {"uv": [80, 78], "uv_size": [3, 7]},
								"east": {"uv": [50, 54], "uv_size": [2, 7]},
								"south": {"uv": [81, 0], "uv_size": [3, 7]},
								"west": {"uv": [15, 91], "uv_size": [2, 7]},
								"up": {"uv": [108, 52], "uv_size": [3, 2]},
								"down": {"uv": [108, 74], "uv_size": [3, -2]}
							}
						},
						{
							"origin": [-0.00031, 1.34188, -3.46023],
							"size": [0.6466, 1.56104, 0.58036],
							"pivot": [0.36585, 1.66742, -23.73211],
							"rotation": [0, 0, -45],
							"uv": {
								"north": {"uv": [81, 8], "uv_size": [3, 7]},
								"east": {"uv": [18, 91], "uv_size": [2, 7]},
								"south": {"uv": [58, 81], "uv_size": [3, 7]},
								"west": {"uv": [21, 91], "uv_size": [2, 7]},
								"up": {"uv": [109, 12], "uv_size": [3, 2]},
								"down": {"uv": [68, 111], "uv_size": [3, -2]}
							}
						},
						{
							"origin": [-0.30947, 1.17832, -3.46023],
							"size": [0.6466, 1.56103, 0.58035],
							"uv": {
								"north": {"uv": [62, 81], "uv_size": [3, 7]},
								"east": {"uv": [24, 91], "uv_size": [2, 7]},
								"south": {"uv": [3, 83], "uv_size": [3, 7]},
								"west": {"uv": [91, 30], "uv_size": [2, 7]},
								"up": {"uv": [72, 109], "uv_size": [3, 2]},
								"down": {"uv": [76, 111], "uv_size": [3, -2]}
							}
						},
						{
							"origin": [-0.55802, 1.19555, -3.46023],
							"size": [0.6466, 1.56104, 0.58035],
							"pivot": [-0.13125, 1.66742, -23.73211],
							"rotation": [0, 0, 45],
							"uv": {
								"north": {"uv": [7, 83], "uv_size": [3, 7]},
								"east": {"uv": [91, 38], "uv_size": [2, 7]},
								"south": {"uv": [11, 83], "uv_size": [3, 7]},
								"west": {"uv": [91, 46], "uv_size": [2, 7]},
								"up": {"uv": [80, 109], "uv_size": [3, 2]},
								"down": {"uv": [102, 111], "uv_size": [3, -2]}
							}
						}
					]
				},
				{
					"name": "bone39",
					"parent": "bone37",
					"pivot": [-0.13125, 1.66742, -24.61186],
					"cubes": [
						{
							"origin": [0.10264, 0.68048, -2.72124],
							"size": [0.6466, 1.56104, 3.70053],
							"pivot": [0.46881, 1.91598, -24.61186],
							"rotation": [0, 0, 90],
							"uv": {
								"north": {"uv": [15, 83], "uv_size": [3, 7]},
								"east": {"uv": [0, 28], "uv_size": [16, 7]},
								"south": {"uv": [19, 83], "uv_size": [3, 7]},
								"west": {"uv": [17, 28], "uv_size": [16, 7]},
								"up": {"uv": [42, 62], "uv_size": [3, 16]},
								"down": {"uv": [46, 78], "uv_size": [3, -16]}
							}
						},
						{
							"origin": [-0.00031, 1.34188, -2.72124],
							"size": [0.6466, 1.56104, 3.70054],
							"pivot": [0.36585, 1.66742, -24.61186],
							"rotation": [0, 0, -45],
							"uv": {
								"north": {"uv": [23, 83], "uv_size": [3, 7]},
								"east": {"uv": [34, 28], "uv_size": [16, 7]},
								"south": {"uv": [84, 54], "uv_size": [3, 7]},
								"west": {"uv": [0, 36], "uv_size": [16, 7]},
								"up": {"uv": [50, 62], "uv_size": [3, 16]},
								"down": {"uv": [54, 78], "uv_size": [3, -16]}
							}
						},
						{
							"origin": [-0.30947, 1.17832, -2.72124],
							"size": [0.6466, 1.56103, 3.70053],
							"uv": {
								"north": {"uv": [84, 62], "uv_size": [3, 7]},
								"east": {"uv": [17, 36], "uv_size": [16, 7]},
								"south": {"uv": [84, 70], "uv_size": [3, 7]},
								"west": {"uv": [34, 36], "uv_size": [16, 7]},
								"up": {"uv": [58, 64], "uv_size": [3, 16]},
								"down": {"uv": [62, 80], "uv_size": [3, -16]}
							}
						},
						{
							"origin": [-0.55802, 1.19555, -2.72124],
							"size": [0.6466, 1.56104, 3.70053],
							"pivot": [-0.13125, 1.66742, -24.61186],
							"rotation": [0, 0, 45],
							"uv": {
								"north": {"uv": [84, 78], "uv_size": [3, 7]},
								"east": {"uv": [0, 44], "uv_size": [16, 7]},
								"south": {"uv": [85, 0], "uv_size": [3, 7]},
								"west": {"uv": [17, 44], "uv_size": [16, 7]},
								"up": {"uv": [65, 0], "uv_size": [3, 16]},
								"down": {"uv": [66, 56], "uv_size": [3, -16]}
							}
						}
					]
				},
				{
					"name": "bone43",
					"parent": "bone37",
					"pivot": [0.1173, 1.91598, 0.02051],
					"cubes": [
						{
							"origin": [0.10575, 0.55596, -0.48565],
							"size": [0.49486, 1.73275, 1.173],
							"pivot": [0.50747, 1.91598, -27.32142],
							"rotation": [0, 0, 90],
							"uv": {
								"north": {"uv": [66, 91], "uv_size": [2, 7]},
								"east": {"uv": [3, 75], "uv_size": [5, 7]},
								"south": {"uv": [92, 21], "uv_size": [2, 7]},
								"west": {"uv": [9, 75], "uv_size": [5, 7]},
								"up": {"uv": [27, 96], "uv_size": [2, 5]},
								"down": {"uv": [35, 101], "uv_size": [2, -5]}
							}
						},
						{
							"origin": [-0.00853, 1.26735, -0.48565],
							"size": [0.49486, 1.73275, 1.173],
							"pivot": [0.39319, 1.64008, -27.32142],
							"rotation": [0, 0, -45],
							"uv": {
								"north": {"uv": [92, 54], "uv_size": [2, 7]},
								"east": {"uv": [15, 75], "uv_size": [5, 7]},
								"south": {"uv": [92, 62], "uv_size": [2, 7]},
								"west": {"uv": [21, 75], "uv_size": [5, 7]},
								"up": {"uv": [96, 86], "uv_size": [2, 5]},
								"down": {"uv": [89, 101], "uv_size": [2, -5]}
							}
						},
						{
							"origin": [0.10575, 0.55596, -0.8692],
							"size": [0.71773, 1.73275, 0.38355],
							"pivot": [0.50747, 1.91598, -27.32142],
							"rotation": [0, 0, 90],
							"uv": {
								"north": {"uv": [85, 8], "uv_size": [3, 7]},
								"east": {"uv": [92, 70], "uv_size": [2, 7]},
								"south": {"uv": [85, 16], "uv_size": [3, 7]},
								"west": {"uv": [93, 0], "uv_size": [2, 7]},
								"up": {"uv": [111, 43], "uv_size": [3, 2]},
								"down": {"uv": [111, 48], "uv_size": [3, -2]}
							}
						},
						{
							"origin": [-0.00853, 1.26735, -0.8692],
							"size": [0.71773, 1.73275, 0.38355],
							"pivot": [0.39319, 1.64008, -27.32142],
							"rotation": [0, 0, -45],
							"uv": {
								"north": {"uv": [69, 86], "uv_size": [3, 7]},
								"east": {"uv": [93, 8], "uv_size": [2, 7]},
								"south": {"uv": [73, 86], "uv_size": [3, 7]},
								"west": {"uv": [93, 90], "uv_size": [2, 7]},
								"up": {"uv": [47, 111], "uv_size": [3, 2]},
								"down": {"uv": [111, 51], "uv_size": [3, -2]}
							}
						},
						{
							"origin": [-0.34504, 1.09246, -0.8692],
							"size": [0.71773, 1.73275, 1.55655],
							"uv": {
								"north": {"uv": [77, 86], "uv_size": [3, 7]},
								"east": {"uv": [42, 54], "uv_size": [7, 7]},
								"south": {"uv": [81, 86], "uv_size": [3, 7]},
								"west": {"uv": [58, 40], "uv_size": [7, 7]},
								"up": {"uv": [85, 86], "uv_size": [3, 7]},
								"down": {"uv": [42, 94], "uv_size": [3, -7]}
							}
						},
						{
							"origin": [-0.62093, 1.12102, -0.8692],
							"size": [0.71773, 1.73275, 1.55655],
							"pivot": [-0.15859, 1.64008, -27.32142],
							"rotation": [0, 0, 45],
							"uv": {
								"north": {"uv": [46, 87], "uv_size": [3, 7]},
								"east": {"uv": [58, 48], "uv_size": [7, 7]},
								"south": {"uv": [50, 87], "uv_size": [3, 7]},
								"west": {"uv": [58, 56], "uv_size": [7, 7]},
								"up": {"uv": [54, 87], "uv_size": [3, 7]},
								"down": {"uv": [27, 95], "uv_size": [3, -7]}
							}
						}
					]
				},
				{
					"name": "bone42",
					"parent": "bone37",
					"pivot": [0.1173, 1.91598, -1.15249],
					"cubes": [
						{
							"origin": [0.10039, 0.77104, -3.6749],
							"size": [0.59488, 1.43616, 5.15038],
							"pivot": [0.44068, 1.91598, -22.73511],
							"rotation": [0, 0, 90],
							"uv": {
								"north": {"uv": [31, 88], "uv_size": [3, 6]},
								"east": {"uv": [0, 0], "uv_size": [22, 6]},
								"south": {"uv": [88, 54], "uv_size": [3, 6]},
								"west": {"uv": [0, 7], "uv_size": [22, 6]},
								"up": {"uv": [0, 52], "uv_size": [3, 22]},
								"down": {"uv": [4, 74], "uv_size": [3, -22]}
							}
						},
						{
							"origin": [0.00567, 1.39609, -3.6749],
							"size": [0.59488, 1.43616, 5.15038],
							"pivot": [0.34597, 1.68731, -22.73511],
							"rotation": [0, 0, -45],
							"uv": {
								"north": {"uv": [88, 61], "uv_size": [3, 6]},
								"east": {"uv": [0, 14], "uv_size": [22, 6]},
								"south": {"uv": [88, 68], "uv_size": [3, 6]},
								"west": {"uv": [0, 21], "uv_size": [22, 6]},
								"up": {"uv": [8, 52], "uv_size": [3, 22]},
								"down": {"uv": [12, 74], "uv_size": [3, -22]}
							}
						},
						{
							"origin": [-0.28361, 1.24076, -3.6749],
							"size": [0.59488, 1.43615, 5.15038],
							"uv": {
								"north": {"uv": [88, 75], "uv_size": [3, 6]},
								"east": {"uv": [23, 0], "uv_size": [22, 6]},
								"south": {"uv": [89, 0], "uv_size": [3, 6]},
								"west": {"uv": [23, 7], "uv_size": [22, 6]},
								"up": {"uv": [16, 52], "uv_size": [3, 22]},
								"down": {"uv": [20, 74], "uv_size": [3, -22]}
							}
						},
						{
							"origin": [-0.51227, 1.24976, -3.6749],
							"size": [0.59488, 1.43616, 5.15038],
							"pivot": [-0.11137, 1.68731, -22.73511],
							"rotation": [0, 0, 45],
							"uv": {
								"north": {"uv": [89, 7], "uv_size": [3, 6]},
								"east": {"uv": [23, 14], "uv_size": [22, 6]},
								"south": {"uv": [89, 14], "uv_size": [3, 6]},
								"west": {"uv": [23, 21], "uv_size": [22, 6]},
								"up": {"uv": [24, 52], "uv_size": [3, 22]},
								"down": {"uv": [28, 74], "uv_size": [3, -22]}
							}
						}
					]
				},
				{
					"name": "ocular",
					"pivot": [0.1173, 1.91809, 1.60406],
					"cubes": [
						{
							"origin": [-0.28622, 1.21429, 1.48676],
							"size": [0.58305, 1.4076, 0],
							"pivot": [0.0053, 1.91809, 1.60406],
							"rotation": [0, 0, 22.5],
							"uv": {
								"south": {"uv": [2, 116], "uv_size": [1, 1]}
							}
						},
						{
							"origin": [-0.28622, 1.21429, 1.48676],
							"size": [0.58305, 1.4076, 0],
							"pivot": [0.0053, 1.91809, 1.60406],
							"rotation": [0, 0, -22.5],
							"uv": {
								"south": {"uv": [2, 116], "uv_size": [1, 1]}
							}
						},
						{
							"origin": [-0.6985, 1.62657, 1.48676],
							"size": [1.4076, 0.58305, 0],
							"pivot": [0.0053, 1.91809, 1.60406],
							"rotation": [0, 0, 22.5],
							"uv": {
								"south": {"uv": [2, 116], "uv_size": [1, 1]}
							}
						},
						{
							"origin": [-0.6985, 1.62657, 1.48676],
							"size": [1.4076, 0.58305, 0],
							"pivot": [0.0053, 1.91809, 1.60406],
							"rotation": [0, 0, -22.5],
							"uv": {
								"south": {"uv": [2, 116], "uv_size": [1, 1]}
							}
						}
					]
				},
				{
					"name": "ocular_ring",
					"pivot": [0.1173, 1.91598, 4.21985],
					"rotation": [0, 0, -22.5],
					"cubes": [
						{
							"origin": [0.10264, 0.68048, 1.20831],
							"size": [0.6466, 0.10652, 0.55689],
							"pivot": [0.46881, 1.91598, -19.06357],
							"rotation": [0, 0, 90],
							"uv": {
								"north": {"uv": [65, 23], "uv_size": [3, 1]},
								"east": {"uv": [114, 105], "uv_size": [2, 1]},
								"south": {"uv": [69, 15], "uv_size": [3, 1]},
								"west": {"uv": [114, 107], "uv_size": [2, 1]},
								"up": {"uv": [110, 15], "uv_size": [3, 2]},
								"down": {"uv": [39, 112], "uv_size": [3, -2]}
							}
						},
						{
							"origin": [-0.00031, 1.34188, 1.20831],
							"size": [0.6466, 0.10652, 0.5569],
							"pivot": [0.36585, 1.66742, -19.06357],
							"rotation": [0, 0, -45],
							"uv": {
								"north": {"uv": [112, 24], "uv_size": [3, 1]},
								"east": {"uv": [114, 109], "uv_size": [2, 1]},
								"south": {"uv": [112, 38], "uv_size": [3, 1]},
								"west": {"uv": [110, 114], "uv_size": [2, 1]},
								"up": {"uv": [92, 110], "uv_size": [3, 2]},
								"down": {"uv": [110, 100], "uv_size": [3, -2]}
							}
						},
						{
							"origin": [-0.30947, 1.17832, 1.20831],
							"size": [0.6466, 0.10651, 0.55689],
							"uv": {
								"north": {"uv": [2, 114], "uv_size": [3, 1]},
								"east": {"uv": [115, 0], "uv_size": [2, 1]},
								"south": {"uv": [6, 114], "uv_size": [3, 1]},
								"west": {"uv": [115, 2], "uv_size": [2, 1]},
								"up": {"uv": [110, 108], "uv_size": [3, 2]},
								"down": {"uv": [0, 113], "uv_size": [3, -2]}
							}
						},
						{
							"origin": [-0.55802, 2.65007, 1.20831],
							"size": [0.6466, 0.10652, 0.55689],
							"pivot": [-0.13125, 1.66742, -19.06357],
							"rotation": [0, 0, 45],
							"uv": {
								"north": {"uv": [114, 15], "uv_size": [3, 1]},
								"east": {"uv": [115, 4], "uv_size": [2, 1]},
								"south": {"uv": [30, 114], "uv_size": [3, 1]},
								"west": {"uv": [115, 6], "uv_size": [2, 1]},
								"up": {"uv": [111, 0], "uv_size": [3, 2]},
								"down": {"uv": [111, 5], "uv_size": [3, -2]}
							}
						},
						{
							"origin": [0.10264, 2.135, 1.20831],
							"size": [0.6466, 0.10652, 0.55689],
							"pivot": [0.46881, 1.91598, -19.06357],
							"rotation": [0, 0, 90],
							"uv": {
								"north": {"uv": [34, 114], "uv_size": [3, 1]},
								"east": {"uv": [115, 8], "uv_size": [2, 1]},
								"south": {"uv": [43, 114], "uv_size": [3, 1]},
								"west": {"uv": [115, 10], "uv_size": [2, 1]},
								"up": {"uv": [4, 111], "uv_size": [3, 2]},
								"down": {"uv": [8, 113], "uv_size": [3, -2]}
							}
						},
						{
							"origin": [-0.00031, 2.7964, 1.20831],
							"size": [0.6466, 0.10652, 0.5569],
							"pivot": [0.36585, 1.66742, -19.06357],
							"rotation": [0, 0, -45],
							"uv": {
								"north": {"uv": [47, 114], "uv_size": [3, 1]},
								"east": {"uv": [115, 17], "uv_size": [2, 1]},
								"south": {"uv": [114, 57], "uv_size": [3, 1]},
								"west": {"uv": [115, 19], "uv_size": [2, 1]},
								"up": {"uv": [111, 26], "uv_size": [3, 2]},
								"down": {"uv": [111, 31], "uv_size": [3, -2]}
							}
						},
						{
							"origin": [-0.30947, 2.63284, 1.20831],
							"size": [0.6466, 0.10651, 0.55689],
							"uv": {
								"north": {"uv": [114, 65], "uv_size": [3, 1]},
								"east": {"uv": [115, 21], "uv_size": [2, 1]},
								"south": {"uv": [114, 67], "uv_size": [3, 1]},
								"west": {"uv": [26, 115], "uv_size": [2, 1]},
								"up": {"uv": [30, 111], "uv_size": [3, 2]},
								"down": {"uv": [34, 113], "uv_size": [3, -2]}
							}
						},
						{
							"origin": [-0.55802, 1.19555, 1.20831],
							"size": [0.6466, 0.10652, 0.55689],
							"pivot": [-0.13125, 1.66742, -19.06357],
							"rotation": [0, 0, 45],
							"uv": {
								"north": {"uv": [114, 69], "uv_size": [3, 1]},
								"east": {"uv": [115, 26], "uv_size": [2, 1]},
								"south": {"uv": [114, 74], "uv_size": [3, 1]},
								"west": {"uv": [115, 28], "uv_size": [2, 1]},
								"up": {"uv": [111, 40], "uv_size": [3, 2]},
								"down": {"uv": [43, 113], "uv_size": [3, -2]}
							}
						}
					]
				},
				{
					"name": "division",
					"pivot": [0, 0, -4.2346]
				},
				{
					"name": "octagon",
					"parent": "division",
					"pivot": [0.1173, 1.91715, -8.2228],
					"cubes": [
						{
							"origin": [-2.90994, -5.12085, -8.25212],
							"size": [5.83047, 5.3958, 0.05865],
							"pivot": [0.0053, 1.91715, -8.2228],
							"rotation": [0, 0, 22.5],
							"uv": {
								"south": {"uv": [2, 116], "uv_size": [1, 1]}
							}
						},
						{
							"origin": [-2.90994, -5.12085, -8.25212],
							"size": [5.83047, 5.3958, 0.05865],
							"pivot": [0.0053, 1.91715, -8.2228],
							"rotation": [0, 0, -22.5],
							"uv": {
								"south": {"uv": [2, 116], "uv_size": [1, 1]}
							}
						},
						{
							"origin": [-2.90994, 3.55935, -8.25212],
							"size": [5.83047, 5.3958, 0.05865],
							"pivot": [0.0053, 1.91715, -8.2228],
							"rotation": [0, 0, 22.5],
							"uv": {
								"south": {"uv": [2, 116], "uv_size": [1, 1]}
							}
						},
						{
							"origin": [-2.90994, 3.55935, -8.25212],
							"size": [5.83047, 5.3958, 0.05865],
							"pivot": [0.0053, 1.91715, -8.2228],
							"rotation": [0, 0, -22.5],
							"uv": {
								"south": {"uv": [2, 116], "uv_size": [1, 1]}
							}
						},
						{
							"origin": [1.6475, -0.99808, -8.25212],
							"size": [5.3958, 5.83047, 0.05865],
							"pivot": [0.0053, 1.91715, -8.2228],
							"rotation": [0, 0, 22.5],
							"uv": {
								"south": {"uv": [2, 116], "uv_size": [1, 1]}
							}
						},
						{
							"origin": [1.6475, -0.99808, -8.25212],
							"size": [5.3958, 5.83047, 0.05865],
							"pivot": [0.0053, 1.91715, -8.2228],
							"rotation": [0, 0, -22.5],
							"uv": {
								"south": {"uv": [2, 116], "uv_size": [1, 1]}
							}
						},
						{
							"origin": [-7.0327, -0.99808, -8.25212],
							"size": [5.3958, 5.83047, 0.05865],
							"pivot": [0.0053, 1.91715, -8.2228],
							"rotation": [0, 0, 22.5],
							"uv": {
								"south": {"uv": [2, 116], "uv_size": [1, 1]}
							}
						},
						{
							"origin": [-7.0327, -0.99808, -8.25212],
							"size": [5.3958, 5.83047, 0.05865],
							"pivot": [0.0053, 1.91715, -8.2228],
							"rotation": [0, 0, -22.5],
							"uv": {
								"south": {"uv": [2, 116], "uv_size": [1, 1]}
							}
						}
					]
				},
				{
					"name": "hexadecagon",
					"parent": "division",
					"pivot": [0.104, 1.944, 0]
				},
				{
					"name": "dot_illuminated",
					"parent": "division",
					"pivot": [0.1173, 1.91434, -479.6052],
					"cubes": [
						{
							"origin": [-0.22802, 0.74134, -375.63452],
							"size": [0.46665, 2.346, 0.05865],
							"pivot": [0.0053, 1.91434, -375.6052],
							"rotation": [0, 0, -45],
							"uv": {
								"south": {"uv": [4, 116], "uv_size": [1, 1]}
							}
						},
						{
							"origin": [-0.22802, 0.74134, -375.63452],
							"size": [0.46665, 2.346, 0.05865],
							"pivot": [0.0053, 1.91434, -375.6052],
							"rotation": [0, 0, -22.5],
							"uv": {
								"south": {"uv": [4, 116], "uv_size": [1, 1]}
							}
						},
						{
							"origin": [-0.22802, 0.74134, -375.63452],
							"size": [0.46665, 2.346, 0.05865],
							"uv": {
								"south": {"uv": [4, 116], "uv_size": [1, 1]}
							}
						},
						{
							"origin": [-0.22802, 0.74134, -375.63452],
							"size": [0.46665, 2.346, 0.05865],
							"pivot": [0.0053, 1.91434, -375.6052],
							"rotation": [0, 0, 22.5],
							"uv": {
								"south": {"uv": [4, 116], "uv_size": [1, 1]}
							}
						},
						{
							"origin": [-0.22802, 0.74134, -375.63452],
							"size": [0.46665, 2.346, 0.05865],
							"pivot": [0.0053, 1.91434, -375.6052],
							"rotation": [0, 0, 45],
							"uv": {
								"south": {"uv": [4, 116], "uv_size": [1, 1]}
							}
						},
						{
							"origin": [-1.1677, 1.68101, -375.63452],
							"size": [2.346, 0.46665, 0.05865],
							"pivot": [0.0053, 1.91434, -375.6052],
							"rotation": [0, 0, -22.5],
							"uv": {
								"south": {"uv": [4, 116], "uv_size": [1, 1]}
							}
						},
						{
							"origin": [-1.1677, 1.68101, -375.63452],
							"size": [2.346, 0.46665, 0.05865],
							"uv": {
								"south": {"uv": [4, 116], "uv_size": [1, 1]}
							}
						},
						{
							"origin": [-1.1677, 1.68101, -375.63452],
							"size": [2.346, 0.46665, 0.05865],
							"pivot": [0.0053, 1.91434, -375.6052],
							"rotation": [0, 0, 22.5],
							"uv": {
								"south": {"uv": [4, 116], "uv_size": [1, 1]}
							}
						}
					]
				},
				{
					"name": "scope_view",
					"pivot": [0, 1.91809, 6.65386]
				}
			]
		}
	]
}