{
	"format_version": "1.12.0",
	"minecraft:geometry": [
		{
			"description": {
				"identifier": "geometry.unknown",
				"texture_width": 128,
				"texture_height": 128,
				"visible_bounds_width": 513,
				"visible_bounds_height": 1.5,
				"visible_bounds_offset": [0, 0.25, 0]
			},
			"bones": [
				{
					"name": "scope_body",
					"pivot": [0, 0, -5.4076],
					"cubes": [
						{
							"origin": [-1.11435, 0.22287, -8.76238],
							"size": [2.4633, 0.62169, 2.1114],
							"uv": {
								"north": {"uv": [6, 30], "uv_size": [11, 3]},
								"east": {"uv": [36, 4], "uv_size": [9, 3]},
								"south": {"uv": [30, 8], "uv_size": [11, 3]},
								"west": {"uv": [30, 36], "uv_size": [9, 3]},
								"up": {"uv": [0, 0], "uv_size": [11, 9]},
								"down": {"uv": [0, 19], "uv_size": [11, -9]}
							}
						},
						{
							"origin": [-0.43401, -0.36363, -8.23453],
							"size": [1.10262, 0.60996, 1.5249],
							"uv": {
								"north": {"uv": [38, 40], "uv_size": [5, 3]},
								"east": {"uv": [30, 40], "uv_size": [7, 3]},
								"south": {"uv": [41, 28], "uv_size": [5, 3]},
								"west": {"uv": [40, 36], "uv_size": [7, 3]},
								"up": {"uv": [0, 30], "uv_size": [5, 7]},
								"down": {"uv": [30, 7], "uv_size": [5, -7]}
							}
						},
						{
							"origin": [0.66861, -0.36363, -7.82398],
							"size": [0.39882, 0.41055, 0.41055],
							"pivot": [0.86802, -0.15836, -7.61871],
							"rotation": [-45, 0, 0],
							"uv": {
								"north": {"uv": [56, 51], "uv_size": [2, 2]},
								"east": {"uv": [0, 57], "uv_size": [2, 2]},
								"south": {"uv": [57, 0], "uv_size": [2, 2]},
								"west": {"uv": [3, 57], "uv_size": [2, 2]},
								"up": {"uv": [57, 3], "uv_size": [2, 2]},
								"down": {"uv": [6, 59], "uv_size": [2, -2]}
							}
						},
						{
							"origin": [-0.50439, -0.26979, -7.73014],
							"size": [1.61874, 0.22287, 0.22287],
							"pivot": [0.86802, -0.15836, -7.61871],
							"rotation": [-45, 0, 0],
							"uv": {
								"north": {"uv": [51, 22], "uv_size": [7, 1]},
								"east": {"uv": [46, 34], "uv_size": [1, 1]},
								"south": {"uv": [51, 24], "uv_size": [7, 1]},
								"west": {"uv": [15, 56], "uv_size": [1, 1]},
								"up": {"uv": [51, 28], "uv_size": [7, 1]},
								"down": {"uv": [51, 31], "uv_size": [7, -1]}
							}
						},
						{
							"origin": [0.85629, -0.30498, -7.58938],
							"size": [0.16422, 0.3519, 0.41055],
							"pivot": [0.8211, -0.15836, -7.38411],
							"rotation": [0, -7.5, 0],
							"uv": {
								"north": {"uv": [20, 63], "uv_size": [1, 2]},
								"east": {"uv": [57, 6], "uv_size": [2, 2]},
								"south": {"uv": [36, 63], "uv_size": [1, 2]},
								"west": {"uv": [9, 57], "uv_size": [2, 2]},
								"up": {"uv": [63, 53], "uv_size": [1, 2]},
								"down": {"uv": [63, 58], "uv_size": [1, -2]}
							}
						},
						{
							"origin": [0.82779, -0.30498, -7.15456],
							"size": [0.16422, 0.3519, 0.41055],
							"uv": {
								"north": {"uv": [63, 62], "uv_size": [1, 2]},
								"east": {"uv": [57, 9], "uv_size": [2, 2]},
								"south": {"uv": [64, 12], "uv_size": [1, 2]},
								"west": {"uv": [12, 57], "uv_size": [2, 2]},
								"up": {"uv": [64, 15], "uv_size": [1, 2]},
								"down": {"uv": [64, 39], "uv_size": [1, -2]}
							}
						},
						{
							"origin": [-1.11435, 0.17595, -8.87968],
							"size": [0.8211, 0.66861, 0.1173],
							"uv": {
								"north": {"uv": [41, 32], "uv_size": [4, 3]},
								"east": {"uv": [15, 52], "uv_size": [1, 3]},
								"south": {"uv": [42, 22], "uv_size": [4, 3]},
								"west": {"uv": [30, 58], "uv_size": [1, 3]},
								"up": {"uv": [53, 26], "uv_size": [4, 1]},
								"down": {"uv": [56, 21], "uv_size": [4, -1]}
							}
						},
						{
							"origin": [1.2115, 0.83312, -8.76238],
							"size": [0.13271, 0.08211, 2.1114],
							"pivot": [1.26127, 0.87418, -7.35478],
							"rotation": [0, 0, 45],
							"uv": {
								"north": {"uv": [20, 58], "uv_size": [1, 1]},
								"east": {"uv": [46, 16], "uv_size": [9, 1]},
								"south": {"uv": [71, 15], "uv_size": [1, 1]},
								"west": {"uv": [46, 18], "uv_size": [9, 1]},
								"up": {"uv": [44, 47], "uv_size": [1, 9]},
								"down": {"uv": [46, 56], "uv_size": [1, -9]}
							}
						},
						{
							"origin": [-1.10961, 0.83312, -8.76238],
							"size": [0.13271, 0.08211, 2.1114],
							"pivot": [-1.02667, 0.87418, -7.35478],
							"rotation": [0, 0, -45],
							"uv": {
								"north": {"uv": [71, 21], "uv_size": [1, 1]},
								"east": {"uv": [46, 20], "uv_size": [9, 1]},
								"south": {"uv": [71, 23], "uv_size": [1, 1]},
								"west": {"uv": [46, 32], "uv_size": [9, 1]},
								"up": {"uv": [48, 34], "uv_size": [1, 9]},
								"down": {"uv": [48, 56], "uv_size": [1, -9]}
							}
						},
						{
							"origin": [-0.49479, 0.75101, -8.91487],
							"size": [0.13271, 0.12903, 0.09384],
							"pivot": [-0.42844, 0.83899, -8.87968],
							"rotation": [0, 0, -45],
							"uv": {
								"north": {"uv": [71, 25], "uv_size": [1, 1]},
								"east": {"uv": [71, 27], "uv_size": [1, 1]},
								"south": {"uv": [71, 29], "uv_size": [1, 1]},
								"west": {"uv": [71, 31], "uv_size": [1, 1]},
								"up": {"uv": [32, 71], "uv_size": [1, 1]},
								"down": {"uv": [71, 34], "uv_size": [1, -1]}
							}
						},
						{
							"origin": [-1.08129, 0.75101, -8.91487],
							"size": [0.13271, 0.12903, 0.09384],
							"pivot": [-1.01494, 0.83899, -8.87968],
							"rotation": [0, 0, -45],
							"uv": {
								"north": {"uv": [34, 71], "uv_size": [1, 1]},
								"east": {"uv": [71, 35], "uv_size": [1, 1]},
								"south": {"uv": [71, 37], "uv_size": [1, 1]},
								"west": {"uv": [45, 71], "uv_size": [1, 1]},
								"up": {"uv": [47, 71], "uv_size": [1, 1]},
								"down": {"uv": [49, 72], "uv_size": [1, -1]}
							}
						},
						{
							"origin": [-1.08129, 0.21143, -8.91487],
							"size": [0.13271, 0.12903, 0.09384],
							"pivot": [-1.01494, 0.29941, -8.87968],
							"rotation": [0, 0, -45],
							"uv": {
								"north": {"uv": [71, 53], "uv_size": [1, 1]},
								"east": {"uv": [71, 55], "uv_size": [1, 1]},
								"south": {"uv": [71, 57], "uv_size": [1, 1]},
								"west": {"uv": [71, 62], "uv_size": [1, 1]},
								"up": {"uv": [64, 71], "uv_size": [1, 1]},
								"down": {"uv": [71, 65], "uv_size": [1, -1]}
							}
						},
						{
							"origin": [-0.49479, 0.21143, -8.91487],
							"size": [0.13271, 0.12903, 0.09384],
							"pivot": [-0.42844, 0.29941, -8.87968],
							"rotation": [0, 0, -45],
							"uv": {
								"north": {"uv": [66, 71], "uv_size": [1, 1]},
								"east": {"uv": [71, 66], "uv_size": [1, 1]},
								"south": {"uv": [68, 71], "uv_size": [1, 1]},
								"west": {"uv": [70, 71], "uv_size": [1, 1]},
								"up": {"uv": [0, 72], "uv_size": [1, 1]},
								"down": {"uv": [72, 1], "uv_size": [1, -1]}
							}
						},
						{
							"origin": [-1.10961, 0.83312, -8.87968],
							"size": [0.13271, 0.08211, 0.1173],
							"pivot": [-1.02667, 0.87418, -7.47208],
							"rotation": [0, 0, -45],
							"uv": {
								"north": {"uv": [5, 72], "uv_size": [1, 1]},
								"east": {"uv": [72, 5], "uv_size": [1, 1]},
								"south": {"uv": [10, 72], "uv_size": [1, 1]},
								"west": {"uv": [17, 72], "uv_size": [1, 1]},
								"up": {"uv": [72, 17], "uv_size": [1, 1]},
								"down": {"uv": [19, 73], "uv_size": [1, -1]}
							}
						},
						{
							"origin": [-1.02051, 0.83283, -8.76238],
							"size": [2.27562, 0.10557, 2.1114],
							"uv": {
								"north": {"uv": [42, 26], "uv_size": [10, 1]},
								"east": {"uv": [47, 0], "uv_size": [9, 1]},
								"south": {"uv": [44, 45], "uv_size": [10, 1]},
								"west": {"uv": [47, 2], "uv_size": [9, 1]},
								"up": {"uv": [12, 0], "uv_size": [10, 9]},
								"down": {"uv": [12, 19], "uv_size": [10, -9]}
							}
						},
						{
							"origin": [-1.02051, 0.84456, -8.87968],
							"size": [0.72726, 0.09384, 0.1173],
							"uv": {
								"north": {"uv": [59, 18], "uv_size": [3, 1]},
								"east": {"uv": [72, 19], "uv_size": [1, 1]},
								"south": {"uv": [60, 37], "uv_size": [3, 1]},
								"west": {"uv": [30, 72], "uv_size": [1, 1]},
								"up": {"uv": [60, 39], "uv_size": [3, 1]},
								"down": {"uv": [60, 42], "uv_size": [3, -1]}
							}
						},
						{
							"origin": [-1.13781, 0.19941, -6.65098],
							"size": [2.51022, 0.64515, 0.7038],
							"uv": {
								"north": {"uv": [30, 12], "uv_size": [11, 3]},
								"east": {"uv": [47, 22], "uv_size": [3, 3]},
								"south": {"uv": [30, 16], "uv_size": [11, 3]},
								"west": {"uv": [47, 28], "uv_size": [3, 3]},
								"up": {"uv": [30, 20], "uv_size": [11, 3]},
								"down": {"uv": [30, 27], "uv_size": [11, -3]}
							}
						},
						{
							"origin": [1.20179, 0.83312, -6.65098],
							"size": [0.16589, 0.08211, 0.7038],
							"pivot": [1.28473, 0.87418, -7.35478],
							"rotation": [0, 0, 45],
							"uv": {
								"north": {"uv": [36, 72], "uv_size": [1, 1]},
								"east": {"uv": [48, 60], "uv_size": [3, 1]},
								"south": {"uv": [72, 39], "uv_size": [1, 1]},
								"west": {"uv": [58, 60], "uv_size": [3, 1]},
								"up": {"uv": [39, 60], "uv_size": [1, 3]},
								"down": {"uv": [32, 64], "uv_size": [1, -3]}
							}
						},
						{
							"origin": [-1.0999, 0.17566, -8.76238],
							"size": [0.13271, 0.08211, 2.1114],
							"pivot": [-1.05013, 0.21671, -7.35478],
							"rotation": [0, 0, 45],
							"uv": {
								"north": {"uv": [40, 72], "uv_size": [1, 1]},
								"east": {"uv": [32, 49], "uv_size": [9, 1]},
								"south": {"uv": [42, 72], "uv_size": [1, 1]},
								"west": {"uv": [50, 34], "uv_size": [9, 1]},
								"up": {"uv": [42, 49], "uv_size": [1, 9]},
								"down": {"uv": [50, 56], "uv_size": [1, -9]}
							}
						},
						{
							"origin": [-1.13307, 0.12874, -6.65098],
							"size": [0.16589, 0.08211, 0.7038],
							"pivot": [-1.05013, 0.16979, -7.35478],
							"rotation": [0, 0, 45],
							"uv": {
								"north": {"uv": [72, 44], "uv_size": [1, 1]},
								"east": {"uv": [61, 20], "uv_size": [3, 1]},
								"south": {"uv": [72, 46], "uv_size": [1, 1]},
								"west": {"uv": [61, 31], "uv_size": [3, 1]},
								"up": {"uv": [34, 61], "uv_size": [1, 3]},
								"down": {"uv": [62, 15], "uv_size": [1, -3]}
							}
						},
						{
							"origin": [-1.02051, 0.83283, -6.65098],
							"size": [2.27562, 0.12903, 0.7038],
							"uv": {
								"north": {"uv": [46, 4], "uv_size": [10, 1]},
								"east": {"uv": [62, 22], "uv_size": [3, 1]},
								"south": {"uv": [46, 6], "uv_size": [10, 1]},
								"west": {"uv": [62, 24], "uv_size": [3, 1]},
								"up": {"uv": [30, 28], "uv_size": [10, 3]},
								"down": {"uv": [30, 35], "uv_size": [10, -3]}
							}
						},
						{
							"origin": [-1.02051, 0.08211, -6.65098],
							"size": [2.27562, 0.12903, 0.7038],
							"uv": {
								"north": {"uv": [46, 8], "uv_size": [10, 1]},
								"east": {"uv": [62, 28], "uv_size": [3, 1]},
								"south": {"uv": [46, 10], "uv_size": [10, 1]},
								"west": {"uv": [41, 62], "uv_size": [3, 1]},
								"up": {"uv": [6, 34], "uv_size": [10, 3]},
								"down": {"uv": [36, 3], "uv_size": [10, -3]}
							}
						},
						{
							"origin": [-1.02051, 0.12903, -8.76238],
							"size": [2.27562, 0.10557, 2.1114],
							"uv": {
								"north": {"uv": [46, 12], "uv_size": [10, 1]},
								"east": {"uv": [50, 36], "uv_size": [9, 1]},
								"south": {"uv": [46, 14], "uv_size": [10, 1]},
								"west": {"uv": [50, 38], "uv_size": [9, 1]},
								"up": {"uv": [0, 20], "uv_size": [10, 9]},
								"down": {"uv": [11, 29], "uv_size": [10, -9]}
							}
						},
						{
							"origin": [-1.02051, 0.83283, -8.75065],
							"size": [0.80937, 0.18768, 0.98532],
							"uv": {
								"north": {"uv": [62, 43], "uv_size": [3, 1]},
								"east": {"uv": [56, 32], "uv_size": [4, 1]},
								"south": {"uv": [45, 62], "uv_size": [3, 1]},
								"west": {"uv": [57, 12], "uv_size": [4, 1]},
								"up": {"uv": [32, 44], "uv_size": [3, 4]},
								"down": {"uv": [36, 48], "uv_size": [3, -4]}
							}
						},
						{
							"origin": [-0.83283, 0.89148, -8.56297],
							"size": [0.38709, 0.18768, 0.86802],
							"uv": {
								"north": {"uv": [38, 64], "uv_size": [2, 1]},
								"east": {"uv": [57, 14], "uv_size": [4, 1]},
								"south": {"uv": [64, 40], "uv_size": [2, 1]},
								"west": {"uv": [44, 57], "uv_size": [4, 1]},
								"up": {"uv": [36, 51], "uv_size": [2, 4]},
								"down": {"uv": [39, 55], "uv_size": [2, -4]}
							}
						},
						{
							"origin": [-0.80937, 0.74478, -8.62373],
							"size": [0.34017, 0.16422, 0.18768],
							"pivot": [-0.63929, 0.83862, -8.18972],
							"rotation": [-45, 0, 0],
							"uv": {
								"north": {"uv": [72, 48], "uv_size": [1, 1]},
								"east": {"uv": [72, 50], "uv_size": [1, 1]},
								"south": {"uv": [51, 72], "uv_size": [1, 1]},
								"west": {"uv": [53, 72], "uv_size": [1, 1]},
								"up": {"uv": [55, 72], "uv_size": [1, 1]},
								"down": {"uv": [57, 73], "uv_size": [1, -1]}
							}
						},
						{
							"origin": [-0.80937, 0.98876, -7.91321],
							"size": [0.34017, 0.16422, 0.18768],
							"pivot": [-0.63929, 1.07087, -7.81937],
							"rotation": [45, 0, 0],
							"uv": {
								"north": {"uv": [59, 72], "uv_size": [1, 1]},
								"east": {"uv": [72, 59], "uv_size": [1, 1]},
								"south": {"uv": [61, 72], "uv_size": [1, 1]},
								"west": {"uv": [72, 68], "uv_size": [1, 1]},
								"up": {"uv": [72, 70], "uv_size": [1, 1]},
								"down": {"uv": [72, 73], "uv_size": [1, -1]}
							}
						},
						{
							"origin": [0.71553, 0.98876, -7.91321],
							"size": [0.34017, 0.16422, 0.18768],
							"pivot": [0.88561, 1.07087, -7.81937],
							"rotation": [45, 0, 0],
							"uv": {
								"north": {"uv": [2, 73], "uv_size": [1, 1]},
								"east": {"uv": [73, 2], "uv_size": [1, 1]},
								"south": {"uv": [7, 73], "uv_size": [1, 1]},
								"west": {"uv": [73, 7], "uv_size": [1, 1]},
								"up": {"uv": [73, 9], "uv_size": [1, 1]},
								"down": {"uv": [73, 12], "uv_size": [1, -1]}
							}
						},
						{
							"origin": [0.71553, 0.74478, -8.62373],
							"size": [0.34017, 0.16422, 0.18768],
							"pivot": [0.88561, 0.83862, -8.18972],
							"rotation": [-45, 0, 0],
							"uv": {
								"north": {"uv": [12, 73], "uv_size": [1, 1]},
								"east": {"uv": [73, 13], "uv_size": [1, 1]},
								"south": {"uv": [14, 73], "uv_size": [1, 1]},
								"west": {"uv": [73, 15], "uv_size": [1, 1]},
								"up": {"uv": [73, 21], "uv_size": [1, 1]},
								"down": {"uv": [73, 24], "uv_size": [1, -1]}
							}
						},
						{
							"origin": [0.69207, 0.89148, -8.56297],
							"size": [0.38709, 0.18768, 0.86802],
							"uv": {
								"north": {"uv": [41, 64], "uv_size": [2, 1]},
								"east": {"uv": [15, 58], "uv_size": [4, 1]},
								"south": {"uv": [44, 64], "uv_size": [2, 1]},
								"west": {"uv": [58, 26], "uv_size": [4, 1]},
								"up": {"uv": [0, 52], "uv_size": [2, 4]},
								"down": {"uv": [3, 56], "uv_size": [2, -4]}
							}
						},
						{
							"origin": [1.21992, 0.38709, -8.56297],
							"size": [0.38709, 0.18768, 0.86802],
							"pivot": [1.41346, 0.5237, -8.12896],
							"rotation": [0, 0, 90],
							"uv": {
								"north": {"uv": [47, 64], "uv_size": [2, 1]},
								"east": {"uv": [58, 47], "uv_size": [4, 1]},
								"south": {"uv": [50, 64], "uv_size": [2, 1]},
								"west": {"uv": [58, 49], "uv_size": [4, 1]},
								"up": {"uv": [6, 52], "uv_size": [2, 4]},
								"down": {"uv": [9, 56], "uv_size": [2, -4]}
							}
						},
						{
							"origin": [1.24338, 0.25292, -8.47196],
							"size": [0.34017, 0.16422, 0.18768],
							"pivot": [1.41346, 0.5237, -8.12896],
							"rotation": [-45, 0, 90],
							"uv": {
								"north": {"uv": [73, 25], "uv_size": [1, 1]},
								"east": {"uv": [73, 27], "uv_size": [1, 1]},
								"south": {"uv": [73, 29], "uv_size": [1, 1]},
								"west": {"uv": [73, 31], "uv_size": [1, 1]},
								"up": {"uv": [32, 73], "uv_size": [1, 1]},
								"down": {"uv": [73, 34], "uv_size": [1, -1]}
							}
						},
						{
							"origin": [1.24338, 0.25292, -7.97364],
							"size": [0.34017, 0.16422, 0.18768],
							"pivot": [1.41346, 0.5237, -8.12896],
							"rotation": [45, 0, 90],
							"uv": {
								"north": {"uv": [34, 73], "uv_size": [1, 1]},
								"east": {"uv": [73, 35], "uv_size": [1, 1]},
								"south": {"uv": [73, 37], "uv_size": [1, 1]},
								"west": {"uv": [38, 73], "uv_size": [1, 1]},
								"up": {"uv": [73, 41], "uv_size": [1, 1]},
								"down": {"uv": [44, 74], "uv_size": [1, -1]}
							}
						},
						{
							"origin": [-1.38414, 0.25292, -8.47196],
							"size": [0.34017, 0.16422, 0.18768],
							"pivot": [-1.21406, 0.5237, -8.12896],
							"rotation": [-45, 0, -90],
							"uv": {
								"north": {"uv": [46, 73], "uv_size": [1, 1]},
								"east": {"uv": [48, 73], "uv_size": [1, 1]},
								"south": {"uv": [73, 52], "uv_size": [1, 1]},
								"west": {"uv": [73, 54], "uv_size": [1, 1]},
								"up": {"uv": [73, 56], "uv_size": [1, 1]},
								"down": {"uv": [73, 62], "uv_size": [1, -1]}
							}
						},
						{
							"origin": [-1.4076, 0.38709, -8.56297],
							"size": [0.38709, 0.18768, 0.86802],
							"pivot": [-1.21406, 0.5237, -8.12896],
							"rotation": [0, 0, -90],
							"uv": {
								"north": {"uv": [53, 64], "uv_size": [2, 1]},
								"east": {"uv": [58, 54], "uv_size": [4, 1]},
								"south": {"uv": [59, 64], "uv_size": [2, 1]},
								"west": {"uv": [58, 56], "uv_size": [4, 1]},
								"up": {"uv": [12, 52], "uv_size": [2, 4]},
								"down": {"uv": [52, 51], "uv_size": [2, -4]}
							}
						},
						{
							"origin": [-1.38414, 0.25292, -7.97364],
							"size": [0.34017, 0.16422, 0.18768],
							"pivot": [-1.21406, 0.5237, -8.12896],
							"rotation": [45, 0, -90],
							"uv": {
								"north": {"uv": [63, 73], "uv_size": [1, 1]},
								"east": {"uv": [73, 63], "uv_size": [1, 1]},
								"south": {"uv": [65, 73], "uv_size": [1, 1]},
								"west": {"uv": [73, 65], "uv_size": [1, 1]},
								"up": {"uv": [67, 73], "uv_size": [1, 1]},
								"down": {"uv": [69, 74], "uv_size": [1, -1]}
							}
						},
						{
							"origin": [-0.60519, 0.83283, -8.19578],
							"size": [0.16422, 0.18768, 0.28152],
							"pivot": [-0.84566, 0.92667, -7.70312],
							"rotation": [0, -45, 0],
							"uv": {
								"north": {"uv": [0, 74], "uv_size": [1, 1]},
								"east": {"uv": [74, 0], "uv_size": [1, 1]},
								"south": {"uv": [4, 74], "uv_size": [1, 1]},
								"west": {"uv": [74, 4], "uv_size": [1, 1]},
								"up": {"uv": [9, 74], "uv_size": [1, 1]},
								"down": {"uv": [16, 75], "uv_size": [1, -1]}
							}
						},
						{
							"origin": [-0.96221, 0.83283, -7.90609],
							"size": [0.16422, 0.18768, 0.28152],
							"pivot": [-0.82145, 0.92667, -7.76533],
							"rotation": [0, 45, 0],
							"uv": {
								"north": {"uv": [74, 17], "uv_size": [1, 1]},
								"east": {"uv": [18, 74], "uv_size": [1, 1]},
								"south": {"uv": [74, 19], "uv_size": [1, 1]},
								"west": {"uv": [20, 74], "uv_size": [1, 1]},
								"up": {"uv": [30, 74], "uv_size": [1, 1]},
								"down": {"uv": [36, 75], "uv_size": [1, -1]}
							}
						},
						{
							"origin": [-0.82145, 0.83283, -7.76533],
							"size": [0.41124, 0.18768, 0.19906],
							"uv": {
								"north": {"uv": [65, 0], "uv_size": [2, 1]},
								"east": {"uv": [74, 39], "uv_size": [1, 1]},
								"south": {"uv": [2, 65], "uv_size": [2, 1]},
								"west": {"uv": [40, 74], "uv_size": [1, 1]},
								"up": {"uv": [65, 2], "uv_size": [2, 1]},
								"down": {"uv": [65, 7], "uv_size": [2, -1]}
							}
						},
						{
							"origin": [-0.90356, 0.78591, -7.49554],
							"size": [0.16422, 0.18768, 0.28152],
							"pivot": [-0.7628, 0.87975, -7.35478],
							"rotation": [0, 45, 0],
							"uv": {
								"north": {"uv": [42, 74], "uv_size": [1, 1]},
								"east": {"uv": [74, 43], "uv_size": [1, 1]},
								"south": {"uv": [74, 45], "uv_size": [1, 1]},
								"west": {"uv": [74, 47], "uv_size": [1, 1]},
								"up": {"uv": [74, 49], "uv_size": [1, 1]},
								"down": {"uv": [50, 75], "uv_size": [1, -1]}
							}
						},
						{
							"origin": [-0.7628, 0.78591, -7.35478],
							"size": [0.29394, 0.18768, 0.19906],
							"uv": {
								"north": {"uv": [52, 74], "uv_size": [1, 1]},
								"east": {"uv": [54, 74], "uv_size": [1, 1]},
								"south": {"uv": [56, 74], "uv_size": [1, 1]},
								"west": {"uv": [58, 74], "uv_size": [1, 1]},
								"up": {"uv": [74, 58], "uv_size": [1, 1]},
								"down": {"uv": [60, 75], "uv_size": [1, -1]}
							}
						},
						{
							"origin": [-0.50949, 0.78591, -7.45407],
							"size": [0.16422, 0.18533, 0.28152],
							"pivot": [-0.42738, 0.87975, -7.31331],
							"rotation": [0, -45, 0],
							"uv": {
								"north": {"uv": [74, 67], "uv_size": [1, 1]},
								"east": {"uv": [74, 69], "uv_size": [1, 1]},
								"south": {"uv": [71, 74], "uv_size": [1, 1]},
								"west": {"uv": [74, 71], "uv_size": [1, 1]},
								"up": {"uv": [73, 74], "uv_size": [1, 1]},
								"down": {"uv": [2, 76], "uv_size": [1, -1]}
							}
						},
						{
							"origin": [-0.96186, 0.78591, -8.3401],
							"size": [0.69207, 0.18768, 0.98532],
							"uv": {
								"north": {"uv": [62, 45], "uv_size": [3, 1]},
								"east": {"uv": [58, 58], "uv_size": [4, 1]},
								"south": {"uv": [49, 62], "uv_size": [3, 1]},
								"west": {"uv": [59, 16], "uv_size": [4, 1]},
								"up": {"uv": [40, 44], "uv_size": [3, 4]},
								"down": {"uv": [44, 44], "uv_size": [3, -4]}
							}
						},
						{
							"origin": [-1.13307, 0.83312, -6.65098],
							"size": [0.16589, 0.08211, 0.7038],
							"pivot": [-1.05013, 0.87418, -7.35478],
							"rotation": [0, 0, -45],
							"uv": {
								"north": {"uv": [75, 2], "uv_size": [1, 1]},
								"east": {"uv": [62, 51], "uv_size": [3, 1]},
								"south": {"uv": [6, 75], "uv_size": [1, 1]},
								"west": {"uv": [53, 62], "uv_size": [3, 1]},
								"up": {"uv": [30, 62], "uv_size": [1, 3]},
								"down": {"uv": [57, 65], "uv_size": [1, -3]}
							}
						},
						{
							"origin": [1.20179, 0.12874, -6.65098],
							"size": [0.16589, 0.08211, 0.7038],
							"pivot": [1.28473, 0.16979, -7.35478],
							"rotation": [0, 0, -45],
							"uv": {
								"north": {"uv": [75, 6], "uv_size": [1, 1]},
								"east": {"uv": [59, 62], "uv_size": [3, 1]},
								"south": {"uv": [75, 8], "uv_size": [1, 1]},
								"west": {"uv": [62, 60], "uv_size": [3, 1]},
								"up": {"uv": [0, 63], "uv_size": [1, 3]},
								"down": {"uv": [63, 3], "uv_size": [1, -3]}
							}
						},
						{
							"origin": [1.20179, 0.17566, -8.76238],
							"size": [0.13271, 0.08211, 2.1114],
							"pivot": [1.28473, 0.21671, -7.35478],
							"rotation": [0, 0, -45],
							"uv": {
								"north": {"uv": [75, 10], "uv_size": [1, 1]},
								"east": {"uv": [50, 40], "uv_size": [9, 1]},
								"south": {"uv": [11, 75], "uv_size": [1, 1]},
								"west": {"uv": [50, 42], "uv_size": [9, 1]},
								"up": {"uv": [32, 51], "uv_size": [1, 9]},
								"down": {"uv": [34, 60], "uv_size": [1, -9]}
							}
						}
					]
				},
				{
					"name": "bone37",
					"parent": "scope_body",
					"pivot": [-0.64515, 1.12021, -8.12795],
					"cubes": [
						{
							"origin": [-0.79796, 0.90173, -8.39262],
							"size": [0.30562, 0.31967, 0.52934],
							"uv": {
								"north": {"uv": [75, 12], "uv_size": [1, 1]},
								"east": {"uv": [8, 65], "uv_size": [2, 1]},
								"south": {"uv": [13, 75], "uv_size": [1, 1]},
								"west": {"uv": [65, 8], "uv_size": [2, 1]},
								"up": {"uv": [65, 30], "uv_size": [1, 2]},
								"down": {"uv": [32, 67], "uv_size": [1, -2]}
							}
						},
						{
							"origin": [-0.99794, 0.90173, -8.50808],
							"size": [0.30562, 0.31967, 0.52934],
							"pivot": [-0.84513, 1.03762, -8.01249],
							"rotation": [0, -60, 0],
							"uv": {
								"north": {"uv": [75, 14], "uv_size": [1, 1]},
								"east": {"uv": [65, 20], "uv_size": [2, 1]},
								"south": {"uv": [75, 21], "uv_size": [1, 1]},
								"west": {"uv": [65, 53], "uv_size": [2, 1]},
								"up": {"uv": [34, 65], "uv_size": [1, 2]},
								"down": {"uv": [65, 57], "uv_size": [1, -2]}
							}
						},
						{
							"origin": [-0.59797, 0.90173, -8.50808],
							"size": [0.30562, 0.31967, 0.52934],
							"pivot": [-0.44517, 1.03762, -8.01249],
							"rotation": [0, 60, 0],
							"uv": {
								"north": {"uv": [75, 23], "uv_size": [1, 1]},
								"east": {"uv": [65, 58], "uv_size": [2, 1]},
								"south": {"uv": [75, 25], "uv_size": [1, 1]},
								"west": {"uv": [62, 65], "uv_size": [2, 1]},
								"up": {"uv": [65, 62], "uv_size": [1, 2]},
								"down": {"uv": [65, 67], "uv_size": [1, -2]}
							}
						}
					]
				},
				{
					"name": "bone38",
					"parent": "scope_body",
					"pivot": [0.87975, 1.12021, -8.12795],
					"cubes": [
						{
							"origin": [0.72694, 0.90173, -8.39262],
							"size": [0.30562, 0.31967, 0.52934],
							"uv": {
								"north": {"uv": [75, 27], "uv_size": [1, 1]},
								"east": {"uv": [66, 12], "uv_size": [2, 1]},
								"south": {"uv": [75, 29], "uv_size": [1, 1]},
								"west": {"uv": [66, 14], "uv_size": [2, 1]},
								"up": {"uv": [20, 66], "uv_size": [1, 2]},
								"down": {"uv": [66, 24], "uv_size": [1, -2]}
							}
						},
						{
							"origin": [0.52696, 0.90173, -8.50808],
							"size": [0.30562, 0.31967, 0.52934],
							"pivot": [0.67977, 1.03762, -8.01249],
							"rotation": [0, -60, 0],
							"uv": {
								"north": {"uv": [75, 31], "uv_size": [1, 1]},
								"east": {"uv": [66, 16], "uv_size": [2, 1]},
								"south": {"uv": [32, 75], "uv_size": [1, 1]},
								"west": {"uv": [66, 28], "uv_size": [2, 1]},
								"up": {"uv": [30, 66], "uv_size": [1, 2]},
								"down": {"uv": [36, 68], "uv_size": [1, -2]}
							}
						},
						{
							"origin": [0.92693, 0.90173, -8.50808],
							"size": [0.30562, 0.31967, 0.52934],
							"pivot": [1.07973, 1.03762, -8.01249],
							"rotation": [0, 60, 0],
							"uv": {
								"north": {"uv": [75, 33], "uv_size": [1, 1]},
								"east": {"uv": [66, 37], "uv_size": [2, 1]},
								"south": {"uv": [34, 75], "uv_size": [1, 1]},
								"west": {"uv": [38, 66], "uv_size": [2, 1]},
								"up": {"uv": [41, 66], "uv_size": [1, 2]},
								"down": {"uv": [66, 44], "uv_size": [1, -2]}
							}
						}
					]
				},
				{
					"name": "bone42",
					"parent": "scope_body",
					"pivot": [0.87975, 0.5689, -8.83175],
					"rotation": [-90, 0, 0],
					"cubes": [
						{
							"origin": [0.74222, 0.2491, -9.06996],
							"size": [0.27505, 0.46365, 0.47641],
							"uv": {
								"north": {"uv": [43, 66], "uv_size": [1, 2]},
								"east": {"uv": [49, 57], "uv_size": [2, 2]},
								"south": {"uv": [45, 66], "uv_size": [1, 2]},
								"west": {"uv": [59, 22], "uv_size": [2, 2]},
								"up": {"uv": [47, 66], "uv_size": [1, 2]},
								"down": {"uv": [49, 68], "uv_size": [1, -2]}
							}
						},
						{
							"origin": [0.56224, 0.2491, -9.17387],
							"size": [0.27505, 0.46365, 0.47641],
							"pivot": [0.69976, 0.54735, -8.72784],
							"rotation": [0, -60, 0],
							"uv": {
								"north": {"uv": [51, 66], "uv_size": [1, 2]},
								"east": {"uv": [59, 28], "uv_size": [2, 2]},
								"south": {"uv": [53, 66], "uv_size": [1, 2]},
								"west": {"uv": [42, 59], "uv_size": [2, 2]},
								"up": {"uv": [55, 66], "uv_size": [1, 2]},
								"down": {"uv": [57, 68], "uv_size": [1, -2]}
							}
						},
						{
							"origin": [0.92221, 0.2491, -9.17387],
							"size": [0.27505, 0.46365, 0.47641],
							"pivot": [1.05974, 0.54735, -8.72784],
							"rotation": [0, 60, 0],
							"uv": {
								"north": {"uv": [59, 66], "uv_size": [1, 2]},
								"east": {"uv": [59, 44], "uv_size": [2, 2]},
								"south": {"uv": [0, 67], "uv_size": [1, 2]},
								"west": {"uv": [45, 59], "uv_size": [2, 2]},
								"up": {"uv": [2, 67], "uv_size": [1, 2]},
								"down": {"uv": [4, 69], "uv_size": [1, -2]}
							}
						}
					]
				},
				{
					"name": "bone45",
					"parent": "scope_body",
					"pivot": [0.1173, 0.5689, -5.8406],
					"rotation": [-90, 0, 0],
					"cubes": [
						{
							"origin": [-0.02023, 0.2491, -6.07881],
							"size": [0.27505, 0.46365, 0.47641],
							"uv": {
								"north": {"uv": [6, 67], "uv_size": [1, 2]},
								"east": {"uv": [59, 51], "uv_size": [2, 2]},
								"south": {"uv": [8, 67], "uv_size": [1, 2]},
								"west": {"uv": [52, 59], "uv_size": [2, 2]},
								"up": {"uv": [10, 67], "uv_size": [1, 2]},
								"down": {"uv": [12, 69], "uv_size": [1, -2]}
							}
						},
						{
							"origin": [-0.20021, 0.2491, -6.18272],
							"size": [0.27505, 0.46365, 0.47641],
							"pivot": [-0.06269, 0.54735, -5.73669],
							"rotation": [0, -60, 0],
							"uv": {
								"north": {"uv": [14, 67], "uv_size": [1, 2]},
								"east": {"uv": [55, 59], "uv_size": [2, 2]},
								"south": {"uv": [16, 67], "uv_size": [1, 2]},
								"west": {"uv": [0, 60], "uv_size": [2, 2]},
								"up": {"uv": [18, 67], "uv_size": [1, 2]},
								"down": {"uv": [67, 27], "uv_size": [1, -2]}
							}
						},
						{
							"origin": [-0.10637, 0.52508, -6.24137],
							"size": [0.08737, 0.24078, 0.59371],
							"pivot": [-0.06269, 1.011, -5.73669],
							"rotation": [0, -60, 0],
							"uv": {
								"north": {"uv": [75, 35], "uv_size": [1, 1]},
								"east": {"uv": [2, 63], "uv_size": [3, 1]},
								"south": {"uv": [75, 37], "uv_size": [1, 1]},
								"west": {"uv": [63, 4], "uv_size": [3, 1]},
								"up": {"uv": [6, 63], "uv_size": [1, 3]},
								"down": {"uv": [63, 9], "uv_size": [1, -3]}
							}
						},
						{
							"origin": [0.15976, 0.2491, -6.18272],
							"size": [0.27505, 0.46365, 0.47641],
							"pivot": [0.29729, 0.54735, -5.73669],
							"rotation": [0, 60, 0],
							"uv": {
								"north": {"uv": [67, 30], "uv_size": [1, 2]},
								"east": {"uv": [60, 0], "uv_size": [2, 2]},
								"south": {"uv": [67, 33], "uv_size": [1, 2]},
								"west": {"uv": [3, 60], "uv_size": [2, 2]},
								"up": {"uv": [67, 39], "uv_size": [1, 2]},
								"down": {"uv": [67, 47], "uv_size": [1, -2]}
							}
						}
					]
				},
				{
					"name": "bone46",
					"parent": "scope_body",
					"pivot": [0.98532, 0.56891, -5.88744],
					"rotation": [-90, 0, 0],
					"cubes": [
						{
							"origin": [0.84779, 0.29595, -6.12565],
							"size": [0.27505, 0.46365, 0.47641],
							"uv": {
								"north": {"uv": [67, 48], "uv_size": [1, 2]},
								"east": {"uv": [60, 3], "uv_size": [2, 2]},
								"south": {"uv": [67, 55], "uv_size": [1, 2]},
								"west": {"uv": [6, 60], "uv_size": [2, 2]},
								"up": {"uv": [67, 60], "uv_size": [1, 2]},
								"down": {"uv": [61, 69], "uv_size": [1, -2]}
							}
						},
						{
							"origin": [0.66781, 0.29595, -6.22956],
							"size": [0.27505, 0.46365, 0.47641],
							"pivot": [0.80533, 0.59419, -5.78353],
							"rotation": [0, -60, 0],
							"uv": {
								"north": {"uv": [63, 67], "uv_size": [1, 2]},
								"east": {"uv": [60, 6], "uv_size": [2, 2]},
								"south": {"uv": [67, 63], "uv_size": [1, 2]},
								"west": {"uv": [9, 60], "uv_size": [2, 2]},
								"up": {"uv": [67, 66], "uv_size": [1, 2]},
								"down": {"uv": [68, 2], "uv_size": [1, -2]}
							}
						},
						{
							"origin": [0.94163, 0.57192, -6.1843],
							"size": [0.08737, 0.24078, 0.59371],
							"pivot": [0.98532, 0.69231, -5.88744],
							"rotation": [0, 60, 0],
							"uv": {
								"north": {"uv": [38, 75], "uv_size": [1, 1]},
								"east": {"uv": [8, 63], "uv_size": [3, 1]},
								"south": {"uv": [75, 41], "uv_size": [1, 1]},
								"west": {"uv": [63, 10], "uv_size": [3, 1]},
								"up": {"uv": [12, 63], "uv_size": [1, 3]},
								"down": {"uv": [14, 66], "uv_size": [1, -3]}
							}
						},
						{
							"origin": [1.02778, 0.29595, -6.22956],
							"size": [0.27505, 0.46365, 0.47641],
							"pivot": [1.16531, 0.59419, -5.78353],
							"rotation": [0, 60, 0],
							"uv": {
								"north": {"uv": [68, 3], "uv_size": [1, 2]},
								"east": {"uv": [60, 9], "uv_size": [2, 2]},
								"south": {"uv": [68, 6], "uv_size": [1, 2]},
								"west": {"uv": [12, 60], "uv_size": [2, 2]},
								"up": {"uv": [68, 9], "uv_size": [1, 2]},
								"down": {"uv": [68, 20], "uv_size": [1, -2]}
							}
						}
					]
				},
				{
					"name": "bone44",
					"parent": "scope_body",
					"pivot": [-0.52785, 0.5689, -5.92271],
					"rotation": [-90, 0, 0],
					"cubes": [
						{
							"origin": [-0.66538, 0.43678, -6.16092],
							"size": [0.27505, 0.22905, 0.47641],
							"uv": {
								"north": {"uv": [44, 75], "uv_size": [1, 1]},
								"east": {"uv": [66, 51], "uv_size": [2, 1]},
								"south": {"uv": [46, 75], "uv_size": [1, 1]},
								"west": {"uv": [68, 21], "uv_size": [2, 1]},
								"up": {"uv": [32, 68], "uv_size": [1, 2]},
								"down": {"uv": [34, 70], "uv_size": [1, -2]}
							}
						},
						{
							"origin": [-0.63877, 0.65405, -6.0545],
							"size": [0.24531, 0.04692, 0.24012],
							"pivot": [-0.51612, 0.67751, -5.93444],
							"rotation": [0, -45, 0],
							"uv": {
								"north": {"uv": [48, 75], "uv_size": [1, 1]},
								"east": {"uv": [75, 51], "uv_size": [1, 1]},
								"south": {"uv": [75, 53], "uv_size": [1, 1]},
								"west": {"uv": [75, 55], "uv_size": [1, 1]},
								"up": {"uv": [75, 60], "uv_size": [1, 1]},
								"down": {"uv": [62, 76], "uv_size": [1, -1]}
							}
						},
						{
							"origin": [-0.84536, 0.43678, -6.26483],
							"size": [0.27505, 0.22905, 0.47641],
							"pivot": [-0.70784, 0.54735, -5.8188],
							"rotation": [0, -60, 0],
							"uv": {
								"north": {"uv": [75, 62], "uv_size": [1, 1]},
								"east": {"uv": [68, 23], "uv_size": [2, 1]},
								"south": {"uv": [64, 75], "uv_size": [1, 1]},
								"west": {"uv": [38, 68], "uv_size": [2, 1]},
								"up": {"uv": [68, 42], "uv_size": [1, 2]},
								"down": {"uv": [65, 70], "uv_size": [1, -2]}
							}
						},
						{
							"origin": [-0.48539, 0.43678, -6.26483],
							"size": [0.27505, 0.22905, 0.47641],
							"pivot": [-0.34786, 0.54735, -5.8188],
							"rotation": [0, 60, 0],
							"uv": {
								"north": {"uv": [75, 64], "uv_size": [1, 1]},
								"east": {"uv": [68, 53], "uv_size": [2, 1]},
								"south": {"uv": [66, 75], "uv_size": [1, 1]},
								"west": {"uv": [68, 58], "uv_size": [2, 1]},
								"up": {"uv": [69, 12], "uv_size": [1, 2]},
								"down": {"uv": [69, 17], "uv_size": [1, -2]}
							}
						}
					]
				},
				{
					"name": "bone43",
					"parent": "scope_body",
					"pivot": [-0.7038, 0.62755, -8.91973],
					"rotation": [-90, 0, 0],
					"cubes": [
						{
							"origin": [-0.85646, 0.37023, -9.18413],
							"size": [0.30531, 0.51465, 0.64611],
							"uv": {
								"north": {"uv": [20, 69], "uv_size": [1, 2]},
								"east": {"uv": [52, 52], "uv_size": [3, 2]},
								"south": {"uv": [69, 25], "uv_size": [1, 2]},
								"west": {"uv": [55, 44], "uv_size": [3, 2]},
								"up": {"uv": [16, 63], "uv_size": [1, 3]},
								"down": {"uv": [18, 66], "uv_size": [1, -3]}
							}
						},
						{
							"origin": [-1.05624, 0.37023, -9.29948],
							"size": [0.30531, 0.51465, 0.52881],
							"pivot": [-0.90358, 0.70128, -8.80438],
							"rotation": [0, -60, 0],
							"uv": {
								"north": {"uv": [69, 28], "uv_size": [1, 2]},
								"east": {"uv": [15, 60], "uv_size": [2, 2]},
								"south": {"uv": [30, 69], "uv_size": [1, 2]},
								"west": {"uv": [18, 60], "uv_size": [2, 2]},
								"up": {"uv": [69, 31], "uv_size": [1, 2]},
								"down": {"uv": [69, 36], "uv_size": [1, -2]}
							}
						},
						{
							"origin": [-0.65667, 0.37023, -9.29948],
							"size": [0.30531, 0.51465, 0.52881],
							"pivot": [-0.50402, 0.70128, -8.80438],
							"rotation": [0, 60, 0],
							"uv": {
								"north": {"uv": [36, 69], "uv_size": [1, 2]},
								"east": {"uv": [60, 34], "uv_size": [2, 2]},
								"south": {"uv": [69, 37], "uv_size": [1, 2]},
								"west": {"uv": [36, 60], "uv_size": [2, 2]},
								"up": {"uv": [41, 69], "uv_size": [1, 2]},
								"down": {"uv": [43, 71], "uv_size": [1, -2]}
							}
						}
					]
				},
				{
					"name": "scope_body_illuminated",
					"parent": "bone43",
					"pivot": [-0.6919, 0.37096, -8.92607],
					"cubes": [
						{
							"origin": [-0.72709, 0.3717, -8.96126],
							"size": [0.07038, 4096, 0.07038],
							"pivot": [-0.6919, 0.37096, -8.92607],
							"rotation": [0.075, -45, -180],
							"uv": {
								"north": {"uv": [22, 20], "uv_size": [1, 85]},
								"east": {"uv": [24, 0], "uv_size": [1, 85]},
								"south": {"uv": [26, 0], "uv_size": [1, 85]},
								"west": {"uv": [28, 0], "uv_size": [1, 85]},
								"up": {"uv": [68, 75], "uv_size": [1, 1]},
								"down": {"uv": [75, 74], "uv_size": [1, -1]}
							}
						},
						{
							"origin": [-0.72709, 0.3717, -8.96126],
							"size": [0.07038, 4096, 0.07038],
							"pivot": [-0.6919, 0.37096, -8.92607],
							"rotation": [0.075, -50, -180],
							"uv": {
								"north": {"uv": [22, 20], "uv_size": [1, 85]},
								"east": {"uv": [24, 0], "uv_size": [1, 85]},
								"south": {"uv": [26, 0], "uv_size": [1, 85]},
								"west": {"uv": [28, 0], "uv_size": [1, 85]},
								"up": {"uv": [68, 75], "uv_size": [1, 1]},
								"down": {"uv": [75, 74], "uv_size": [1, -1]}
							}
						},
						{
							"origin": [-0.72709, 0.3717, -8.96126],
							"size": [0.07038, 4096, 0.07038],
							"pivot": [-0.6919, 0.37096, -8.92607],
							"rotation": [0.075, -55, -180],
							"uv": {
								"north": {"uv": [22, 20], "uv_size": [1, 85]},
								"east": {"uv": [24, 0], "uv_size": [1, 85]},
								"south": {"uv": [26, 0], "uv_size": [1, 85]},
								"west": {"uv": [28, 0], "uv_size": [1, 85]},
								"up": {"uv": [68, 75], "uv_size": [1, 1]},
								"down": {"uv": [75, 74], "uv_size": [1, -1]}
							}
						},
						{
							"origin": [-0.72709, 0.3717, -8.96126],
							"size": [0.07038, 4096, 0.07038],
							"pivot": [-0.6919, 0.37096, -8.92607],
							"rotation": [0.075, -60, -180],
							"uv": {
								"north": {"uv": [22, 20], "uv_size": [1, 85]},
								"east": {"uv": [24, 0], "uv_size": [1, 85]},
								"south": {"uv": [26, 0], "uv_size": [1, 85]},
								"west": {"uv": [28, 0], "uv_size": [1, 85]},
								"up": {"uv": [68, 75], "uv_size": [1, 1]},
								"down": {"uv": [75, 74], "uv_size": [1, -1]}
							}
						},
						{
							"origin": [-0.72709, 0.3717, -8.96126],
							"size": [0.07038, 4096, 0.07038],
							"pivot": [-0.6919, 0.37096, -8.92607],
							"rotation": [0.075, -65, -180],
							"uv": {
								"north": {"uv": [22, 20], "uv_size": [1, 85]},
								"east": {"uv": [24, 0], "uv_size": [1, 85]},
								"south": {"uv": [26, 0], "uv_size": [1, 85]},
								"west": {"uv": [28, 0], "uv_size": [1, 85]},
								"up": {"uv": [68, 75], "uv_size": [1, 1]},
								"down": {"uv": [75, 74], "uv_size": [1, -1]}
							}
						},
						{
							"origin": [-0.72709, 0.3717, -8.96126],
							"size": [0.07038, 4096, 0.07038],
							"pivot": [-0.6919, 0.37096, -8.92607],
							"rotation": [0.075, -70, -180],
							"uv": {
								"north": {"uv": [22, 20], "uv_size": [1, 85]},
								"east": {"uv": [24, 0], "uv_size": [1, 85]},
								"south": {"uv": [26, 0], "uv_size": [1, 85]},
								"west": {"uv": [28, 0], "uv_size": [1, 85]},
								"up": {"uv": [68, 75], "uv_size": [1, 1]},
								"down": {"uv": [75, 74], "uv_size": [1, -1]}
							}
						},
						{
							"origin": [-0.72709, 0.3717, -8.96126],
							"size": [0.07038, 4096, 0.07038],
							"pivot": [-0.6919, 0.37096, -8.92607],
							"rotation": [0.075, -75, -180],
							"uv": {
								"north": {"uv": [22, 20], "uv_size": [1, 85]},
								"east": {"uv": [24, 0], "uv_size": [1, 85]},
								"south": {"uv": [26, 0], "uv_size": [1, 85]},
								"west": {"uv": [28, 0], "uv_size": [1, 85]},
								"up": {"uv": [68, 75], "uv_size": [1, 1]},
								"down": {"uv": [75, 74], "uv_size": [1, -1]}
							}
						},
						{
							"origin": [-0.72709, 0.3717, -8.96126],
							"size": [0.07038, 4096, 0.07038],
							"pivot": [-0.6919, 0.37096, -8.92607],
							"rotation": [0.075, -80, -180],
							"uv": {
								"north": {"uv": [22, 20], "uv_size": [1, 85]},
								"east": {"uv": [24, 0], "uv_size": [1, 85]},
								"south": {"uv": [26, 0], "uv_size": [1, 85]},
								"west": {"uv": [28, 0], "uv_size": [1, 85]},
								"up": {"uv": [68, 75], "uv_size": [1, 1]},
								"down": {"uv": [75, 74], "uv_size": [1, -1]}
							}
						},
						{
							"origin": [-0.72709, 0.3717, -8.96126],
							"size": [0.07038, 4096, 0.07038],
							"pivot": [-0.6919, 0.37096, -8.92607],
							"rotation": [0.075, -85, -180],
							"uv": {
								"north": {"uv": [22, 20], "uv_size": [1, 85]},
								"east": {"uv": [24, 0], "uv_size": [1, 85]},
								"south": {"uv": [26, 0], "uv_size": [1, 85]},
								"west": {"uv": [28, 0], "uv_size": [1, 85]},
								"up": {"uv": [68, 75], "uv_size": [1, 1]},
								"down": {"uv": [75, 74], "uv_size": [1, -1]}
							}
						},
						{
							"origin": [-0.72709, 0.3717, -8.96126],
							"size": [0.07038, 4096, 0.07038],
							"pivot": [-0.6919, 0.37096, -8.92607],
							"rotation": [0.075, -90, -180],
							"uv": {
								"north": {"uv": [22, 20], "uv_size": [1, 85]},
								"east": {"uv": [24, 0], "uv_size": [1, 85]},
								"south": {"uv": [26, 0], "uv_size": [1, 85]},
								"west": {"uv": [28, 0], "uv_size": [1, 85]},
								"up": {"uv": [68, 75], "uv_size": [1, 1]},
								"down": {"uv": [75, 74], "uv_size": [1, -1]}
							}
						},
						{
							"origin": [-0.72709, 0.3717, -8.96126],
							"size": [0.07038, 4096, 0.07038],
							"pivot": [-0.6919, 0.37096, -8.92607],
							"rotation": [0.075, 10, -180],
							"uv": {
								"north": {"uv": [22, 20], "uv_size": [1, 85]},
								"east": {"uv": [24, 0], "uv_size": [1, 85]},
								"south": {"uv": [26, 0], "uv_size": [1, 85]},
								"west": {"uv": [28, 0], "uv_size": [1, 85]},
								"up": {"uv": [68, 75], "uv_size": [1, 1]},
								"down": {"uv": [75, 74], "uv_size": [1, -1]}
							}
						},
						{
							"origin": [-0.72709, 0.3717, -8.96126],
							"size": [0.07038, 4096, 0.07038],
							"pivot": [-0.6919, 0.37096, -8.92607],
							"rotation": [0.075, 15, -180],
							"uv": {
								"north": {"uv": [22, 20], "uv_size": [1, 85]},
								"east": {"uv": [24, 0], "uv_size": [1, 85]},
								"south": {"uv": [26, 0], "uv_size": [1, 85]},
								"west": {"uv": [28, 0], "uv_size": [1, 85]},
								"up": {"uv": [68, 75], "uv_size": [1, 1]},
								"down": {"uv": [75, 74], "uv_size": [1, -1]}
							}
						},
						{
							"origin": [-0.72709, 0.3717, -8.96126],
							"size": [0.07038, 4096, 0.07038],
							"pivot": [-0.6919, 0.37096, -8.92607],
							"rotation": [0.075, 20, -180],
							"uv": {
								"north": {"uv": [22, 20], "uv_size": [1, 85]},
								"east": {"uv": [24, 0], "uv_size": [1, 85]},
								"south": {"uv": [26, 0], "uv_size": [1, 85]},
								"west": {"uv": [28, 0], "uv_size": [1, 85]},
								"up": {"uv": [68, 75], "uv_size": [1, 1]},
								"down": {"uv": [75, 74], "uv_size": [1, -1]}
							}
						},
						{
							"origin": [-0.72709, 0.3717, -8.96126],
							"size": [0.07038, 4096, 0.07038],
							"pivot": [-0.6919, 0.37096, -8.92607],
							"rotation": [0.075, 25, -180],
							"uv": {
								"north": {"uv": [22, 20], "uv_size": [1, 85]},
								"east": {"uv": [24, 0], "uv_size": [1, 85]},
								"south": {"uv": [26, 0], "uv_size": [1, 85]},
								"west": {"uv": [28, 0], "uv_size": [1, 85]},
								"up": {"uv": [68, 75], "uv_size": [1, 1]},
								"down": {"uv": [75, 74], "uv_size": [1, -1]}
							}
						},
						{
							"origin": [-0.72709, 0.3717, -8.96126],
							"size": [0.07038, 4096, 0.07038],
							"pivot": [-0.6919, 0.37096, -8.92607],
							"rotation": [0.075, 30, -180],
							"uv": {
								"north": {"uv": [22, 20], "uv_size": [1, 85]},
								"east": {"uv": [24, 0], "uv_size": [1, 85]},
								"south": {"uv": [26, 0], "uv_size": [1, 85]},
								"west": {"uv": [28, 0], "uv_size": [1, 85]},
								"up": {"uv": [68, 75], "uv_size": [1, 1]},
								"down": {"uv": [75, 74], "uv_size": [1, -1]}
							}
						},
						{
							"origin": [-0.72709, 0.3717, -8.96126],
							"size": [0.07038, 4096, 0.07038],
							"pivot": [-0.6919, 0.37096, -8.92607],
							"rotation": [0.075, 35, -180],
							"uv": {
								"north": {"uv": [22, 20], "uv_size": [1, 85]},
								"east": {"uv": [24, 0], "uv_size": [1, 85]},
								"south": {"uv": [26, 0], "uv_size": [1, 85]},
								"west": {"uv": [28, 0], "uv_size": [1, 85]},
								"up": {"uv": [68, 75], "uv_size": [1, 1]},
								"down": {"uv": [75, 74], "uv_size": [1, -1]}
							}
						},
						{
							"origin": [-0.72709, 0.3717, -8.96126],
							"size": [0.07038, 4096, 0.07038],
							"pivot": [-0.6919, 0.37096, -8.92607],
							"rotation": [0.075, 40, -180],
							"uv": {
								"north": {"uv": [22, 20], "uv_size": [1, 85]},
								"east": {"uv": [24, 0], "uv_size": [1, 85]},
								"south": {"uv": [26, 0], "uv_size": [1, 85]},
								"west": {"uv": [28, 0], "uv_size": [1, 85]},
								"up": {"uv": [68, 75], "uv_size": [1, 1]},
								"down": {"uv": [75, 74], "uv_size": [1, -1]}
							}
						},
						{
							"origin": [-0.72709, 0.3717, -8.96126],
							"size": [0.07038, 4096, 0.07038],
							"pivot": [-0.6919, 0.37096, -8.92607],
							"rotation": [0.075, 45, -180],
							"uv": {
								"north": {"uv": [22, 20], "uv_size": [1, 85]},
								"east": {"uv": [24, 0], "uv_size": [1, 85]},
								"south": {"uv": [26, 0], "uv_size": [1, 85]},
								"west": {"uv": [28, 0], "uv_size": [1, 85]},
								"up": {"uv": [68, 75], "uv_size": [1, 1]},
								"down": {"uv": [75, 74], "uv_size": [1, -1]}
							}
						},
						{
							"origin": [-0.72709, 0.3717, -8.96126],
							"size": [0.07038, 4096, 0.07038],
							"pivot": [-0.6919, 0.37096, -8.92607],
							"rotation": [0.075, 50, -180],
							"uv": {
								"north": {"uv": [22, 20], "uv_size": [1, 85]},
								"east": {"uv": [24, 0], "uv_size": [1, 85]},
								"south": {"uv": [26, 0], "uv_size": [1, 85]},
								"west": {"uv": [28, 0], "uv_size": [1, 85]},
								"up": {"uv": [68, 75], "uv_size": [1, 1]},
								"down": {"uv": [75, 74], "uv_size": [1, -1]}
							}
						},
						{
							"origin": [-0.72709, 0.3717, -8.96126],
							"size": [0.07038, 4096, 0.07038],
							"pivot": [-0.6919, 0.37096, -8.92607],
							"rotation": [0.075, 55, -180],
							"uv": {
								"north": {"uv": [22, 20], "uv_size": [1, 85]},
								"east": {"uv": [24, 0], "uv_size": [1, 85]},
								"south": {"uv": [26, 0], "uv_size": [1, 85]},
								"west": {"uv": [28, 0], "uv_size": [1, 85]},
								"up": {"uv": [68, 75], "uv_size": [1, 1]},
								"down": {"uv": [75, 74], "uv_size": [1, -1]}
							}
						},
						{
							"origin": [-0.72709, 0.3717, -8.96126],
							"size": [0.07038, 4096, 0.07038],
							"pivot": [-0.6919, 0.37096, -8.92607],
							"rotation": [0.075, 60, -180],
							"uv": {
								"north": {"uv": [22, 20], "uv_size": [1, 85]},
								"east": {"uv": [24, 0], "uv_size": [1, 85]},
								"south": {"uv": [26, 0], "uv_size": [1, 85]},
								"west": {"uv": [28, 0], "uv_size": [1, 85]},
								"up": {"uv": [68, 75], "uv_size": [1, 1]},
								"down": {"uv": [75, 74], "uv_size": [1, -1]}
							}
						},
						{
							"origin": [-0.72709, 0.3717, -8.96126],
							"size": [0.07038, 4096, 0.07038],
							"pivot": [-0.6919, 0.37096, -8.92607],
							"rotation": [0.075, 65, -180],
							"uv": {
								"north": {"uv": [22, 20], "uv_size": [1, 85]},
								"east": {"uv": [24, 0], "uv_size": [1, 85]},
								"south": {"uv": [26, 0], "uv_size": [1, 85]},
								"west": {"uv": [28, 0], "uv_size": [1, 85]},
								"up": {"uv": [68, 75], "uv_size": [1, 1]},
								"down": {"uv": [75, 74], "uv_size": [1, -1]}
							}
						},
						{
							"origin": [-0.72709, 0.3717, -8.96126],
							"size": [0.07038, 4096, 0.07038],
							"pivot": [-0.6919, 0.37096, -8.92607],
							"rotation": [0.075, 70, -180],
							"uv": {
								"north": {"uv": [22, 20], "uv_size": [1, 85]},
								"east": {"uv": [24, 0], "uv_size": [1, 85]},
								"south": {"uv": [26, 0], "uv_size": [1, 85]},
								"west": {"uv": [28, 0], "uv_size": [1, 85]},
								"up": {"uv": [68, 75], "uv_size": [1, 1]},
								"down": {"uv": [75, 74], "uv_size": [1, -1]}
							}
						},
						{
							"origin": [-0.72709, 0.3717, -8.96126],
							"size": [0.07038, 4096, 0.07038],
							"pivot": [-0.6919, 0.37096, -8.92607],
							"rotation": [0.075, 5, -180],
							"uv": {
								"north": {"uv": [22, 20], "uv_size": [1, 85]},
								"east": {"uv": [24, 0], "uv_size": [1, 85]},
								"south": {"uv": [26, 0], "uv_size": [1, 85]},
								"west": {"uv": [28, 0], "uv_size": [1, 85]},
								"up": {"uv": [68, 75], "uv_size": [1, 1]},
								"down": {"uv": [75, 74], "uv_size": [1, -1]}
							}
						},
						{
							"origin": [-0.72709, 0.3717, -8.96126],
							"size": [0.07038, 4096, 0.07038],
							"pivot": [-0.6919, 0.37096, -8.92607],
							"rotation": [0.075, 80, -180],
							"uv": {
								"north": {"uv": [22, 20], "uv_size": [1, 85]},
								"east": {"uv": [24, 0], "uv_size": [1, 85]},
								"south": {"uv": [26, 0], "uv_size": [1, 85]},
								"west": {"uv": [28, 0], "uv_size": [1, 85]},
								"up": {"uv": [68, 75], "uv_size": [1, 1]},
								"down": {"uv": [75, 74], "uv_size": [1, -1]}
							}
						},
						{
							"origin": [-0.72709, 0.3717, -8.96126],
							"size": [0.07038, 4096, 0.07038],
							"pivot": [-0.6919, 0.37096, -8.92607],
							"rotation": [0.075, 85, -180],
							"uv": {
								"north": {"uv": [22, 20], "uv_size": [1, 85]},
								"east": {"uv": [24, 0], "uv_size": [1, 85]},
								"south": {"uv": [26, 0], "uv_size": [1, 85]},
								"west": {"uv": [28, 0], "uv_size": [1, 85]},
								"up": {"uv": [68, 75], "uv_size": [1, 1]},
								"down": {"uv": [75, 74], "uv_size": [1, -1]}
							}
						},
						{
							"origin": [-0.72709, 0.3717, -8.96126],
							"size": [0.07038, 4096, 0.07038],
							"pivot": [-0.6919, 0.37096, -8.92607],
							"rotation": [0.075, 90, -180],
							"uv": {
								"north": {"uv": [22, 20], "uv_size": [1, 85]},
								"east": {"uv": [24, 0], "uv_size": [1, 85]},
								"south": {"uv": [26, 0], "uv_size": [1, 85]},
								"west": {"uv": [28, 0], "uv_size": [1, 85]},
								"up": {"uv": [68, 75], "uv_size": [1, 1]},
								"down": {"uv": [75, 74], "uv_size": [1, -1]}
							}
						},
						{
							"origin": [-0.72709, 0.3717, -8.96126],
							"size": [0.07038, 4096, 0.07038],
							"pivot": [-0.6919, 0.37096, -8.92607],
							"rotation": [0.075, 95, -180],
							"uv": {
								"north": {"uv": [22, 20], "uv_size": [1, 85]},
								"east": {"uv": [24, 0], "uv_size": [1, 85]},
								"south": {"uv": [26, 0], "uv_size": [1, 85]},
								"west": {"uv": [28, 0], "uv_size": [1, 85]},
								"up": {"uv": [68, 75], "uv_size": [1, 1]},
								"down": {"uv": [75, 74], "uv_size": [1, -1]}
							}
						},
						{
							"origin": [-0.72709, 0.3717, -8.96126],
							"size": [0.07038, 4096, 0.07038],
							"pivot": [-0.6919, 0.37096, -8.92607],
							"rotation": [0.075, 100, -180],
							"uv": {
								"north": {"uv": [22, 20], "uv_size": [1, 85]},
								"east": {"uv": [24, 0], "uv_size": [1, 85]},
								"south": {"uv": [26, 0], "uv_size": [1, 85]},
								"west": {"uv": [28, 0], "uv_size": [1, 85]},
								"up": {"uv": [68, 75], "uv_size": [1, 1]},
								"down": {"uv": [75, 74], "uv_size": [1, -1]}
							}
						},
						{
							"origin": [-0.72709, 0.3717, -8.96126],
							"size": [0.07038, 4096, 0.07038],
							"pivot": [-0.6919, 0.37096, -8.92607],
							"rotation": [0.075, 105, -180],
							"uv": {
								"north": {"uv": [22, 20], "uv_size": [1, 85]},
								"east": {"uv": [24, 0], "uv_size": [1, 85]},
								"south": {"uv": [26, 0], "uv_size": [1, 85]},
								"west": {"uv": [28, 0], "uv_size": [1, 85]},
								"up": {"uv": [68, 75], "uv_size": [1, 1]},
								"down": {"uv": [75, 74], "uv_size": [1, -1]}
							}
						},
						{
							"origin": [-0.72709, 0.3717, -8.96126],
							"size": [0.07038, 4096, 0.07038],
							"pivot": [-0.6919, 0.37096, -8.92607],
							"rotation": [0.075, 110, -180],
							"uv": {
								"north": {"uv": [22, 20], "uv_size": [1, 85]},
								"east": {"uv": [24, 0], "uv_size": [1, 85]},
								"south": {"uv": [26, 0], "uv_size": [1, 85]},
								"west": {"uv": [28, 0], "uv_size": [1, 85]},
								"up": {"uv": [68, 75], "uv_size": [1, 1]},
								"down": {"uv": [75, 74], "uv_size": [1, -1]}
							}
						},
						{
							"origin": [-0.72709, 0.3717, -8.96126],
							"size": [0.07038, 4096, 0.07038],
							"pivot": [-0.6919, 0.37096, -8.92607],
							"rotation": [0.075, 115, -180],
							"uv": {
								"north": {"uv": [22, 20], "uv_size": [1, 85]},
								"east": {"uv": [24, 0], "uv_size": [1, 85]},
								"south": {"uv": [26, 0], "uv_size": [1, 85]},
								"west": {"uv": [28, 0], "uv_size": [1, 85]},
								"up": {"uv": [68, 75], "uv_size": [1, 1]},
								"down": {"uv": [75, 74], "uv_size": [1, -1]}
							}
						},
						{
							"origin": [-0.72709, 0.3717, -8.96126],
							"size": [0.07038, 4096, 0.07038],
							"pivot": [-0.6919, 0.37096, -8.92607],
							"rotation": [0.075, 120, -180],
							"uv": {
								"north": {"uv": [22, 20], "uv_size": [1, 85]},
								"east": {"uv": [24, 0], "uv_size": [1, 85]},
								"south": {"uv": [26, 0], "uv_size": [1, 85]},
								"west": {"uv": [28, 0], "uv_size": [1, 85]},
								"up": {"uv": [68, 75], "uv_size": [1, 1]},
								"down": {"uv": [75, 74], "uv_size": [1, -1]}
							}
						},
						{
							"origin": [-0.72709, 0.3717, -8.96126],
							"size": [0.07038, 4096, 0.07038],
							"pivot": [-0.6919, 0.37096, -8.92607],
							"rotation": [0.075, 75, -180],
							"uv": {
								"north": {"uv": [22, 20], "uv_size": [1, 85]},
								"east": {"uv": [24, 0], "uv_size": [1, 85]},
								"south": {"uv": [26, 0], "uv_size": [1, 85]},
								"west": {"uv": [28, 0], "uv_size": [1, 85]},
								"up": {"uv": [68, 75], "uv_size": [1, 1]},
								"down": {"uv": [75, 74], "uv_size": [1, -1]}
							}
						},
						{
							"origin": [-0.72709, 0.3717, -8.96126],
							"size": [0.07038, 4096, 0.07038],
							"pivot": [-0.6919, 0.37096, -8.92607],
							"rotation": [0.075, 180, -180],
							"uv": {
								"north": {"uv": [22, 20], "uv_size": [1, 85]},
								"east": {"uv": [24, 0], "uv_size": [1, 85]},
								"south": {"uv": [26, 0], "uv_size": [1, 85]},
								"west": {"uv": [28, 0], "uv_size": [1, 85]},
								"up": {"uv": [68, 75], "uv_size": [1, 1]},
								"down": {"uv": [75, 74], "uv_size": [1, -1]}
							}
						},
						{
							"origin": [-0.72709, 0.3717, -8.96126],
							"size": [0.07038, 4096, 0.07038],
							"pivot": [-0.6919, 0.37096, -8.92607],
							"rotation": [0.075, -175, -180],
							"uv": {
								"north": {"uv": [22, 20], "uv_size": [1, 85]},
								"east": {"uv": [24, 0], "uv_size": [1, 85]},
								"south": {"uv": [26, 0], "uv_size": [1, 85]},
								"west": {"uv": [28, 0], "uv_size": [1, 85]},
								"up": {"uv": [68, 75], "uv_size": [1, 1]},
								"down": {"uv": [75, 74], "uv_size": [1, -1]}
							}
						},
						{
							"origin": [-0.72709, 0.3717, -8.96126],
							"size": [0.07038, 4096, 0.07038],
							"pivot": [-0.6919, 0.37096, -8.92607],
							"rotation": [0.075, -170, -180],
							"uv": {
								"north": {"uv": [22, 20], "uv_size": [1, 85]},
								"east": {"uv": [24, 0], "uv_size": [1, 85]},
								"south": {"uv": [26, 0], "uv_size": [1, 85]},
								"west": {"uv": [28, 0], "uv_size": [1, 85]},
								"up": {"uv": [68, 75], "uv_size": [1, 1]},
								"down": {"uv": [75, 74], "uv_size": [1, -1]}
							}
						},
						{
							"origin": [-0.72709, 0.3717, -8.96126],
							"size": [0.07038, 4096, 0.07038],
							"pivot": [-0.6919, 0.37096, -8.92607],
							"rotation": [0.075, -165, -180],
							"uv": {
								"north": {"uv": [22, 20], "uv_size": [1, 85]},
								"east": {"uv": [24, 0], "uv_size": [1, 85]},
								"south": {"uv": [26, 0], "uv_size": [1, 85]},
								"west": {"uv": [28, 0], "uv_size": [1, 85]},
								"up": {"uv": [68, 75], "uv_size": [1, 1]},
								"down": {"uv": [75, 74], "uv_size": [1, -1]}
							}
						},
						{
							"origin": [-0.72709, 0.3717, -8.96126],
							"size": [0.07038, 4096, 0.07038],
							"pivot": [-0.6919, 0.37096, -8.92607],
							"rotation": [0.075, -160, -180],
							"uv": {
								"north": {"uv": [22, 20], "uv_size": [1, 85]},
								"east": {"uv": [24, 0], "uv_size": [1, 85]},
								"south": {"uv": [26, 0], "uv_size": [1, 85]},
								"west": {"uv": [28, 0], "uv_size": [1, 85]},
								"up": {"uv": [68, 75], "uv_size": [1, 1]},
								"down": {"uv": [75, 74], "uv_size": [1, -1]}
							}
						},
						{
							"origin": [-0.72709, 0.3717, -8.96126],
							"size": [0.07038, 4096, 0.07038],
							"pivot": [-0.6919, 0.37096, -8.92607],
							"rotation": [0.075, -155, -180],
							"uv": {
								"north": {"uv": [22, 20], "uv_size": [1, 85]},
								"east": {"uv": [24, 0], "uv_size": [1, 85]},
								"south": {"uv": [26, 0], "uv_size": [1, 85]},
								"west": {"uv": [28, 0], "uv_size": [1, 85]},
								"up": {"uv": [68, 75], "uv_size": [1, 1]},
								"down": {"uv": [75, 74], "uv_size": [1, -1]}
							}
						},
						{
							"origin": [-0.72709, 0.3717, -8.96126],
							"size": [0.07038, 4096, 0.07038],
							"pivot": [-0.6919, 0.37096, -8.92607],
							"rotation": [0.075, -150, -180],
							"uv": {
								"north": {"uv": [22, 20], "uv_size": [1, 85]},
								"east": {"uv": [24, 0], "uv_size": [1, 85]},
								"south": {"uv": [26, 0], "uv_size": [1, 85]},
								"west": {"uv": [28, 0], "uv_size": [1, 85]},
								"up": {"uv": [68, 75], "uv_size": [1, 1]},
								"down": {"uv": [75, 74], "uv_size": [1, -1]}
							}
						},
						{
							"origin": [-0.72709, 0.3717, -8.96126],
							"size": [0.07038, 4096, 0.07038],
							"pivot": [-0.6919, 0.37096, -8.92607],
							"rotation": [0.075, -145, -180],
							"uv": {
								"north": {"uv": [22, 20], "uv_size": [1, 85]},
								"east": {"uv": [24, 0], "uv_size": [1, 85]},
								"south": {"uv": [26, 0], "uv_size": [1, 85]},
								"west": {"uv": [28, 0], "uv_size": [1, 85]},
								"up": {"uv": [68, 75], "uv_size": [1, 1]},
								"down": {"uv": [75, 74], "uv_size": [1, -1]}
							}
						},
						{
							"origin": [-0.72709, 0.3717, -8.96126],
							"size": [0.07038, 4096, 0.07038],
							"pivot": [-0.6919, 0.37096, -8.92607],
							"rotation": [0.075, -140, -180],
							"uv": {
								"north": {"uv": [22, 20], "uv_size": [1, 85]},
								"east": {"uv": [24, 0], "uv_size": [1, 85]},
								"south": {"uv": [26, 0], "uv_size": [1, 85]},
								"west": {"uv": [28, 0], "uv_size": [1, 85]},
								"up": {"uv": [68, 75], "uv_size": [1, 1]},
								"down": {"uv": [75, 74], "uv_size": [1, -1]}
							}
						},
						{
							"origin": [-0.72709, 0.3717, -8.96126],
							"size": [0.07038, 4096, 0.07038],
							"pivot": [-0.6919, 0.37096, -8.92607],
							"rotation": [0.075, 175, -180],
							"uv": {
								"north": {"uv": [22, 20], "uv_size": [1, 85]},
								"east": {"uv": [24, 0], "uv_size": [1, 85]},
								"south": {"uv": [26, 0], "uv_size": [1, 85]},
								"west": {"uv": [28, 0], "uv_size": [1, 85]},
								"up": {"uv": [68, 75], "uv_size": [1, 1]},
								"down": {"uv": [75, 74], "uv_size": [1, -1]}
							}
						},
						{
							"origin": [-0.72709, 0.3717, -8.96126],
							"size": [0.07038, 4096, 0.07038],
							"pivot": [-0.6919, 0.37096, -8.92607],
							"rotation": [0.075, 130, -180],
							"uv": {
								"north": {"uv": [22, 20], "uv_size": [1, 85]},
								"east": {"uv": [24, 0], "uv_size": [1, 85]},
								"south": {"uv": [26, 0], "uv_size": [1, 85]},
								"west": {"uv": [28, 0], "uv_size": [1, 85]},
								"up": {"uv": [68, 75], "uv_size": [1, 1]},
								"down": {"uv": [75, 74], "uv_size": [1, -1]}
							}
						},
						{
							"origin": [-0.72709, 0.3717, -8.96126],
							"size": [0.07038, 4096, 0.07038],
							"pivot": [-0.6919, 0.37096, -8.92607],
							"rotation": [0.075, 135, -180],
							"uv": {
								"north": {"uv": [22, 20], "uv_size": [1, 85]},
								"east": {"uv": [24, 0], "uv_size": [1, 85]},
								"south": {"uv": [26, 0], "uv_size": [1, 85]},
								"west": {"uv": [28, 0], "uv_size": [1, 85]},
								"up": {"uv": [68, 75], "uv_size": [1, 1]},
								"down": {"uv": [75, 74], "uv_size": [1, -1]}
							}
						},
						{
							"origin": [-0.72709, 0.3717, -8.96126],
							"size": [0.07038, 4096, 0.07038],
							"pivot": [-0.6919, 0.37096, -8.92607],
							"rotation": [0.075, 140, -180],
							"uv": {
								"north": {"uv": [22, 20], "uv_size": [1, 85]},
								"east": {"uv": [24, 0], "uv_size": [1, 85]},
								"south": {"uv": [26, 0], "uv_size": [1, 85]},
								"west": {"uv": [28, 0], "uv_size": [1, 85]},
								"up": {"uv": [68, 75], "uv_size": [1, 1]},
								"down": {"uv": [75, 74], "uv_size": [1, -1]}
							}
						},
						{
							"origin": [-0.72709, 0.3717, -8.96126],
							"size": [0.07038, 4096, 0.07038],
							"pivot": [-0.6919, 0.37096, -8.92607],
							"rotation": [0.075, 145, -180],
							"uv": {
								"north": {"uv": [22, 20], "uv_size": [1, 85]},
								"east": {"uv": [24, 0], "uv_size": [1, 85]},
								"south": {"uv": [26, 0], "uv_size": [1, 85]},
								"west": {"uv": [28, 0], "uv_size": [1, 85]},
								"up": {"uv": [68, 75], "uv_size": [1, 1]},
								"down": {"uv": [75, 74], "uv_size": [1, -1]}
							}
						},
						{
							"origin": [-0.72709, 0.3717, -8.96126],
							"size": [0.07038, 4096, 0.07038],
							"pivot": [-0.6919, 0.37096, -8.92607],
							"rotation": [0.075, 150, -180],
							"uv": {
								"north": {"uv": [22, 20], "uv_size": [1, 85]},
								"east": {"uv": [24, 0], "uv_size": [1, 85]},
								"south": {"uv": [26, 0], "uv_size": [1, 85]},
								"west": {"uv": [28, 0], "uv_size": [1, 85]},
								"up": {"uv": [68, 75], "uv_size": [1, 1]},
								"down": {"uv": [75, 74], "uv_size": [1, -1]}
							}
						},
						{
							"origin": [-0.72709, 0.3717, -8.96126],
							"size": [0.07038, 4096, 0.07038],
							"pivot": [-0.6919, 0.37096, -8.92607],
							"rotation": [0.075, 155, -180],
							"uv": {
								"north": {"uv": [22, 20], "uv_size": [1, 85]},
								"east": {"uv": [24, 0], "uv_size": [1, 85]},
								"south": {"uv": [26, 0], "uv_size": [1, 85]},
								"west": {"uv": [28, 0], "uv_size": [1, 85]},
								"up": {"uv": [68, 75], "uv_size": [1, 1]},
								"down": {"uv": [75, 74], "uv_size": [1, -1]}
							}
						},
						{
							"origin": [-0.72709, 0.3717, -8.96126],
							"size": [0.07038, 4096, 0.07038],
							"pivot": [-0.6919, 0.37096, -8.92607],
							"rotation": [0.075, 160, -180],
							"uv": {
								"north": {"uv": [22, 20], "uv_size": [1, 85]},
								"east": {"uv": [24, 0], "uv_size": [1, 85]},
								"south": {"uv": [26, 0], "uv_size": [1, 85]},
								"west": {"uv": [28, 0], "uv_size": [1, 85]},
								"up": {"uv": [68, 75], "uv_size": [1, 1]},
								"down": {"uv": [75, 74], "uv_size": [1, -1]}
							}
						},
						{
							"origin": [-0.72709, 0.3717, -8.96126],
							"size": [0.07038, 4096, 0.07038],
							"pivot": [-0.6919, 0.37096, -8.92607],
							"rotation": [0.075, 165, -180],
							"uv": {
								"north": {"uv": [22, 20], "uv_size": [1, 85]},
								"east": {"uv": [24, 0], "uv_size": [1, 85]},
								"south": {"uv": [26, 0], "uv_size": [1, 85]},
								"west": {"uv": [28, 0], "uv_size": [1, 85]},
								"up": {"uv": [68, 75], "uv_size": [1, 1]},
								"down": {"uv": [75, 74], "uv_size": [1, -1]}
							}
						},
						{
							"origin": [-0.72709, 0.3717, -8.96126],
							"size": [0.07038, 4096, 0.07038],
							"pivot": [-0.6919, 0.37096, -8.92607],
							"rotation": [0.075, 170, -180],
							"uv": {
								"north": {"uv": [22, 20], "uv_size": [1, 85]},
								"east": {"uv": [24, 0], "uv_size": [1, 85]},
								"south": {"uv": [26, 0], "uv_size": [1, 85]},
								"west": {"uv": [28, 0], "uv_size": [1, 85]},
								"up": {"uv": [68, 75], "uv_size": [1, 1]},
								"down": {"uv": [75, 74], "uv_size": [1, -1]}
							}
						},
						{
							"origin": [-0.72709, 0.3717, -8.96126],
							"size": [0.07038, 4096, 0.07038],
							"pivot": [-0.6919, 0.37096, -8.92607],
							"rotation": [0.075, 125, -180],
							"uv": {
								"north": {"uv": [22, 20], "uv_size": [1, 85]},
								"east": {"uv": [24, 0], "uv_size": [1, 85]},
								"south": {"uv": [26, 0], "uv_size": [1, 85]},
								"west": {"uv": [28, 0], "uv_size": [1, 85]},
								"up": {"uv": [68, 75], "uv_size": [1, 1]},
								"down": {"uv": [75, 74], "uv_size": [1, -1]}
							}
						},
						{
							"origin": [-0.72709, 0.3717, -8.96126],
							"size": [0.07038, 4096, 0.07038],
							"pivot": [-0.6919, 0.37096, -8.92607],
							"rotation": [0.075, -130, -180],
							"uv": {
								"north": {"uv": [22, 20], "uv_size": [1, 85]},
								"east": {"uv": [24, 0], "uv_size": [1, 85]},
								"south": {"uv": [26, 0], "uv_size": [1, 85]},
								"west": {"uv": [28, 0], "uv_size": [1, 85]},
								"up": {"uv": [68, 75], "uv_size": [1, 1]},
								"down": {"uv": [75, 74], "uv_size": [1, -1]}
							}
						},
						{
							"origin": [-0.72709, 0.3717, -8.96126],
							"size": [0.07038, 4096, 0.07038],
							"pivot": [-0.6919, 0.37096, -8.92607],
							"rotation": [0.075, -125, -180],
							"uv": {
								"north": {"uv": [22, 20], "uv_size": [1, 85]},
								"east": {"uv": [24, 0], "uv_size": [1, 85]},
								"south": {"uv": [26, 0], "uv_size": [1, 85]},
								"west": {"uv": [28, 0], "uv_size": [1, 85]},
								"up": {"uv": [68, 75], "uv_size": [1, 1]},
								"down": {"uv": [75, 74], "uv_size": [1, -1]}
							}
						},
						{
							"origin": [-0.72709, 0.3717, -8.96126],
							"size": [0.07038, 4096, 0.07038],
							"pivot": [-0.6919, 0.37096, -8.92607],
							"rotation": [0.075, -120, -180],
							"uv": {
								"north": {"uv": [22, 20], "uv_size": [1, 85]},
								"east": {"uv": [24, 0], "uv_size": [1, 85]},
								"south": {"uv": [26, 0], "uv_size": [1, 85]},
								"west": {"uv": [28, 0], "uv_size": [1, 85]},
								"up": {"uv": [68, 75], "uv_size": [1, 1]},
								"down": {"uv": [75, 74], "uv_size": [1, -1]}
							}
						},
						{
							"origin": [-0.72709, 0.3717, -8.96126],
							"size": [0.07038, 4096, 0.07038],
							"pivot": [-0.6919, 0.37096, -8.92607],
							"rotation": [0.075, -115, -180],
							"uv": {
								"north": {"uv": [22, 20], "uv_size": [1, 85]},
								"east": {"uv": [24, 0], "uv_size": [1, 85]},
								"south": {"uv": [26, 0], "uv_size": [1, 85]},
								"west": {"uv": [28, 0], "uv_size": [1, 85]},
								"up": {"uv": [68, 75], "uv_size": [1, 1]},
								"down": {"uv": [75, 74], "uv_size": [1, -1]}
							}
						},
						{
							"origin": [-0.72709, 0.3717, -8.96126],
							"size": [0.07038, 4096, 0.07038],
							"pivot": [-0.6919, 0.37096, -8.92607],
							"rotation": [0.075, -110, -180],
							"uv": {
								"north": {"uv": [22, 20], "uv_size": [1, 85]},
								"east": {"uv": [24, 0], "uv_size": [1, 85]},
								"south": {"uv": [26, 0], "uv_size": [1, 85]},
								"west": {"uv": [28, 0], "uv_size": [1, 85]},
								"up": {"uv": [68, 75], "uv_size": [1, 1]},
								"down": {"uv": [75, 74], "uv_size": [1, -1]}
							}
						},
						{
							"origin": [-0.72709, 0.3717, -8.96126],
							"size": [0.07038, 4096, 0.07038],
							"pivot": [-0.6919, 0.37096, -8.92607],
							"rotation": [0.075, -105, -180],
							"uv": {
								"north": {"uv": [22, 20], "uv_size": [1, 85]},
								"east": {"uv": [24, 0], "uv_size": [1, 85]},
								"south": {"uv": [26, 0], "uv_size": [1, 85]},
								"west": {"uv": [28, 0], "uv_size": [1, 85]},
								"up": {"uv": [68, 75], "uv_size": [1, 1]},
								"down": {"uv": [75, 74], "uv_size": [1, -1]}
							}
						},
						{
							"origin": [-0.72709, 0.3717, -8.96126],
							"size": [0.07038, 4096, 0.07038],
							"pivot": [-0.6919, 0.37096, -8.92607],
							"rotation": [0.075, -100, -180],
							"uv": {
								"north": {"uv": [22, 20], "uv_size": [1, 85]},
								"east": {"uv": [24, 0], "uv_size": [1, 85]},
								"south": {"uv": [26, 0], "uv_size": [1, 85]},
								"west": {"uv": [28, 0], "uv_size": [1, 85]},
								"up": {"uv": [68, 75], "uv_size": [1, 1]},
								"down": {"uv": [75, 74], "uv_size": [1, -1]}
							}
						},
						{
							"origin": [-0.72709, 0.3717, -8.96126],
							"size": [0.07038, 4096, 0.07038],
							"pivot": [-0.6919, 0.37096, -8.92607],
							"rotation": [0.075, -95, -180],
							"uv": {
								"north": {"uv": [22, 20], "uv_size": [1, 85]},
								"east": {"uv": [24, 0], "uv_size": [1, 85]},
								"south": {"uv": [26, 0], "uv_size": [1, 85]},
								"west": {"uv": [28, 0], "uv_size": [1, 85]},
								"up": {"uv": [68, 75], "uv_size": [1, 1]},
								"down": {"uv": [75, 74], "uv_size": [1, -1]}
							}
						},
						{
							"origin": [-0.72709, 0.3717, -8.96126],
							"size": [0.07038, 4096, 0.07038],
							"pivot": [-0.6919, 0.37096, -8.92607],
							"rotation": [0.075, -135, -180],
							"uv": {
								"north": {"uv": [22, 20], "uv_size": [1, 85]},
								"east": {"uv": [24, 0], "uv_size": [1, 85]},
								"south": {"uv": [26, 0], "uv_size": [1, 85]},
								"west": {"uv": [28, 0], "uv_size": [1, 85]},
								"up": {"uv": [68, 75], "uv_size": [1, 1]},
								"down": {"uv": [75, 74], "uv_size": [1, -1]}
							}
						},
						{
							"origin": [-0.72709, 0.3717, -8.96126],
							"size": [0.07038, 4096, 0.07038],
							"pivot": [-0.6919, 0.37096, -8.92607],
							"rotation": [0.075, -40, -180],
							"uv": {
								"north": {"uv": [22, 20], "uv_size": [1, 85]},
								"east": {"uv": [24, 0], "uv_size": [1, 85]},
								"south": {"uv": [26, 0], "uv_size": [1, 85]},
								"west": {"uv": [28, 0], "uv_size": [1, 85]},
								"up": {"uv": [68, 75], "uv_size": [1, 1]},
								"down": {"uv": [75, 74], "uv_size": [1, -1]}
							}
						},
						{
							"origin": [-0.72709, 0.3717, -8.96126],
							"size": [0.07038, 4096, 0.07038],
							"pivot": [-0.6919, 0.37096, -8.92607],
							"rotation": [0.075, -35, -180],
							"uv": {
								"north": {"uv": [22, 20], "uv_size": [1, 85]},
								"east": {"uv": [24, 0], "uv_size": [1, 85]},
								"south": {"uv": [26, 0], "uv_size": [1, 85]},
								"west": {"uv": [28, 0], "uv_size": [1, 85]},
								"up": {"uv": [68, 75], "uv_size": [1, 1]},
								"down": {"uv": [75, 74], "uv_size": [1, -1]}
							}
						},
						{
							"origin": [-0.72709, 0.3717, -8.96126],
							"size": [0.07038, 4096, 0.07038],
							"pivot": [-0.6919, 0.37096, -8.92607],
							"rotation": [0.075, -30, -180],
							"uv": {
								"north": {"uv": [22, 20], "uv_size": [1, 85]},
								"east": {"uv": [24, 0], "uv_size": [1, 85]},
								"south": {"uv": [26, 0], "uv_size": [1, 85]},
								"west": {"uv": [28, 0], "uv_size": [1, 85]},
								"up": {"uv": [68, 75], "uv_size": [1, 1]},
								"down": {"uv": [75, 74], "uv_size": [1, -1]}
							}
						},
						{
							"origin": [-0.72709, 0.3717, -8.96126],
							"size": [0.07038, 4096, 0.07038],
							"pivot": [-0.6919, 0.37096, -8.92607],
							"rotation": [0.075, -25, -180],
							"uv": {
								"north": {"uv": [22, 20], "uv_size": [1, 85]},
								"east": {"uv": [24, 0], "uv_size": [1, 85]},
								"south": {"uv": [26, 0], "uv_size": [1, 85]},
								"west": {"uv": [28, 0], "uv_size": [1, 85]},
								"up": {"uv": [68, 75], "uv_size": [1, 1]},
								"down": {"uv": [75, 74], "uv_size": [1, -1]}
							}
						},
						{
							"origin": [-0.72709, 0.3717, -8.96126],
							"size": [0.07038, 4096, 0.07038],
							"pivot": [-0.6919, 0.37096, -8.92607],
							"rotation": [0.075, -20, -180],
							"uv": {
								"north": {"uv": [22, 20], "uv_size": [1, 85]},
								"east": {"uv": [24, 0], "uv_size": [1, 85]},
								"south": {"uv": [26, 0], "uv_size": [1, 85]},
								"west": {"uv": [28, 0], "uv_size": [1, 85]},
								"up": {"uv": [68, 75], "uv_size": [1, 1]},
								"down": {"uv": [75, 74], "uv_size": [1, -1]}
							}
						},
						{
							"origin": [-0.72709, 0.3717, -8.96126],
							"size": [0.07038, 4096, 0.07038],
							"pivot": [-0.6919, 0.37096, -8.92607],
							"rotation": [0.075, -15, -180],
							"uv": {
								"north": {"uv": [22, 20], "uv_size": [1, 85]},
								"east": {"uv": [24, 0], "uv_size": [1, 85]},
								"south": {"uv": [26, 0], "uv_size": [1, 85]},
								"west": {"uv": [28, 0], "uv_size": [1, 85]},
								"up": {"uv": [68, 75], "uv_size": [1, 1]},
								"down": {"uv": [75, 74], "uv_size": [1, -1]}
							}
						},
						{
							"origin": [-0.72709, 0.3717, -8.96126],
							"size": [0.07038, 4096, 0.07038],
							"pivot": [-0.6919, 0.37096, -8.92607],
							"rotation": [0.075, -10, -180],
							"uv": {
								"north": {"uv": [22, 20], "uv_size": [1, 85]},
								"east": {"uv": [24, 0], "uv_size": [1, 85]},
								"south": {"uv": [26, 0], "uv_size": [1, 85]},
								"west": {"uv": [28, 0], "uv_size": [1, 85]},
								"up": {"uv": [68, 75], "uv_size": [1, 1]},
								"down": {"uv": [75, 74], "uv_size": [1, -1]}
							}
						},
						{
							"origin": [-0.72709, 0.3717, -8.96126],
							"size": [0.07038, 4096, 0.07038],
							"pivot": [-0.6919, 0.37096, -8.92607],
							"rotation": [0.075, -5, -180],
							"uv": {
								"north": {"uv": [22, 20], "uv_size": [1, 85]},
								"east": {"uv": [24, 0], "uv_size": [1, 85]},
								"south": {"uv": [26, 0], "uv_size": [1, 85]},
								"west": {"uv": [28, 0], "uv_size": [1, 85]},
								"up": {"uv": [68, 75], "uv_size": [1, 1]},
								"down": {"uv": [75, 74], "uv_size": [1, -1]}
							}
						},
						{
							"origin": [-0.72709, 0.3717, -8.96126],
							"size": [0.07038, 4096, 0.07038],
							"pivot": [-0.6919, 0.37096, -8.92607],
							"rotation": [0.075, 0, -180],
							"uv": {
								"north": {"uv": [22, 20], "uv_size": [1, 85]},
								"east": {"uv": [24, 0], "uv_size": [1, 85]},
								"south": {"uv": [26, 0], "uv_size": [1, 85]},
								"west": {"uv": [28, 0], "uv_size": [1, 85]},
								"up": {"uv": [68, 75], "uv_size": [1, 1]},
								"down": {"uv": [75, 74], "uv_size": [1, -1]}
							}
						},
						{
							"origin": [-0.72709, 0.3717, -8.96126],
							"size": [0.07038, 4096, 0.07038],
							"pivot": [-0.6919, 0.37096, -8.92607],
							"rotation": [0.075, -90, -180],
							"uv": {
								"north": {"uv": [22, 20], "uv_size": [1, 85]},
								"east": {"uv": [24, 0], "uv_size": [1, 85]},
								"south": {"uv": [26, 0], "uv_size": [1, 85]},
								"west": {"uv": [28, 0], "uv_size": [1, 85]},
								"up": {"uv": [68, 75], "uv_size": [1, 1]},
								"down": {"uv": [75, 74], "uv_size": [1, -1]}
							}
						},
						{
							"origin": [-0.72709, 0.3717, -8.96126],
							"size": [0.07038, 4096, 0.07038],
							"pivot": [-0.6919, 0.37096, -8.92607],
							"rotation": [0.075, -45, -180],
							"uv": {
								"north": {"uv": [22, 20], "uv_size": [1, 85]},
								"east": {"uv": [24, 0], "uv_size": [1, 85]},
								"south": {"uv": [26, 0], "uv_size": [1, 85]},
								"west": {"uv": [28, 0], "uv_size": [1, 85]},
								"up": {"uv": [68, 75], "uv_size": [1, 1]},
								"down": {"uv": [75, 74], "uv_size": [1, -1]}
							}
						},
						{
							"origin": [-0.72709, 0.3717, -8.96126],
							"size": [0.07038, 4096, 0.07038],
							"pivot": [-0.6919, 0.37096, -8.92607],
							"rotation": [0.075, -50, -180],
							"uv": {
								"north": {"uv": [22, 20], "uv_size": [1, 85]},
								"east": {"uv": [24, 0], "uv_size": [1, 85]},
								"south": {"uv": [26, 0], "uv_size": [1, 85]},
								"west": {"uv": [28, 0], "uv_size": [1, 85]},
								"up": {"uv": [68, 75], "uv_size": [1, 1]},
								"down": {"uv": [75, 74], "uv_size": [1, -1]}
							}
						},
						{
							"origin": [-0.72709, 0.3717, -8.96126],
							"size": [0.07038, 4096, 0.07038],
							"pivot": [-0.6919, 0.37096, -8.92607],
							"rotation": [0.075, -55, -180],
							"uv": {
								"north": {"uv": [22, 20], "uv_size": [1, 85]},
								"east": {"uv": [24, 0], "uv_size": [1, 85]},
								"south": {"uv": [26, 0], "uv_size": [1, 85]},
								"west": {"uv": [28, 0], "uv_size": [1, 85]},
								"up": {"uv": [68, 75], "uv_size": [1, 1]},
								"down": {"uv": [75, 74], "uv_size": [1, -1]}
							}
						},
						{
							"origin": [-0.72709, 0.3717, -8.96126],
							"size": [0.07038, 4096, 0.07038],
							"pivot": [-0.6919, 0.37096, -8.92607],
							"rotation": [0.075, -60, -180],
							"uv": {
								"north": {"uv": [22, 20], "uv_size": [1, 85]},
								"east": {"uv": [24, 0], "uv_size": [1, 85]},
								"south": {"uv": [26, 0], "uv_size": [1, 85]},
								"west": {"uv": [28, 0], "uv_size": [1, 85]},
								"up": {"uv": [68, 75], "uv_size": [1, 1]},
								"down": {"uv": [75, 74], "uv_size": [1, -1]}
							}
						},
						{
							"origin": [-0.72709, 0.3717, -8.96126],
							"size": [0.07038, 4096, 0.07038],
							"pivot": [-0.6919, 0.37096, -8.92607],
							"rotation": [0.075, -65, -180],
							"uv": {
								"north": {"uv": [22, 20], "uv_size": [1, 85]},
								"east": {"uv": [24, 0], "uv_size": [1, 85]},
								"south": {"uv": [26, 0], "uv_size": [1, 85]},
								"west": {"uv": [28, 0], "uv_size": [1, 85]},
								"up": {"uv": [68, 75], "uv_size": [1, 1]},
								"down": {"uv": [75, 74], "uv_size": [1, -1]}
							}
						},
						{
							"origin": [-0.72709, 0.3717, -8.96126],
							"size": [0.07038, 4096, 0.07038],
							"pivot": [-0.6919, 0.37096, -8.92607],
							"rotation": [0.075, -70, -180],
							"uv": {
								"north": {"uv": [22, 20], "uv_size": [1, 85]},
								"east": {"uv": [24, 0], "uv_size": [1, 85]},
								"south": {"uv": [26, 0], "uv_size": [1, 85]},
								"west": {"uv": [28, 0], "uv_size": [1, 85]},
								"up": {"uv": [68, 75], "uv_size": [1, 1]},
								"down": {"uv": [75, 74], "uv_size": [1, -1]}
							}
						},
						{
							"origin": [-0.72709, 0.3717, -8.96126],
							"size": [0.07038, 4096, 0.07038],
							"pivot": [-0.6919, 0.37096, -8.92607],
							"rotation": [0.075, -75, -180],
							"uv": {
								"north": {"uv": [22, 20], "uv_size": [1, 85]},
								"east": {"uv": [24, 0], "uv_size": [1, 85]},
								"south": {"uv": [26, 0], "uv_size": [1, 85]},
								"west": {"uv": [28, 0], "uv_size": [1, 85]},
								"up": {"uv": [68, 75], "uv_size": [1, 1]},
								"down": {"uv": [75, 74], "uv_size": [1, -1]}
							}
						},
						{
							"origin": [-0.72709, 0.3717, -8.96126],
							"size": [0.07038, 4096, 0.07038],
							"pivot": [-0.6919, 0.37096, -8.92607],
							"rotation": [0.075, -80, -180],
							"uv": {
								"north": {"uv": [22, 20], "uv_size": [1, 85]},
								"east": {"uv": [24, 0], "uv_size": [1, 85]},
								"south": {"uv": [26, 0], "uv_size": [1, 85]},
								"west": {"uv": [28, 0], "uv_size": [1, 85]},
								"up": {"uv": [68, 75], "uv_size": [1, 1]},
								"down": {"uv": [75, 74], "uv_size": [1, -1]}
							}
						},
						{
							"origin": [-0.72709, 0.3717, -8.96126],
							"size": [0.07038, 4096, 0.07038],
							"pivot": [-0.6919, 0.37096, -8.92607],
							"rotation": [0.075, -85, -180],
							"uv": {
								"north": {"uv": [22, 20], "uv_size": [1, 85]},
								"east": {"uv": [24, 0], "uv_size": [1, 85]},
								"south": {"uv": [26, 0], "uv_size": [1, 85]},
								"west": {"uv": [28, 0], "uv_size": [1, 85]},
								"up": {"uv": [68, 75], "uv_size": [1, 1]},
								"down": {"uv": [75, 74], "uv_size": [1, -1]}
							}
						},
						{
							"origin": [-0.72709, 0.3717, -8.96126],
							"size": [0.07038, 4096, 0.07038],
							"pivot": [-0.6919, 0.37096, -8.92607],
							"rotation": [0.075, -90, -180],
							"uv": {
								"north": {"uv": [22, 20], "uv_size": [1, 85]},
								"east": {"uv": [24, 0], "uv_size": [1, 85]},
								"south": {"uv": [26, 0], "uv_size": [1, 85]},
								"west": {"uv": [28, 0], "uv_size": [1, 85]},
								"up": {"uv": [68, 75], "uv_size": [1, 1]},
								"down": {"uv": [75, 74], "uv_size": [1, -1]}
							}
						},
						{
							"origin": [-0.72709, 0.3717, -8.96126],
							"size": [0.07038, 4096, 0.07038],
							"pivot": [-0.6919, 0.37096, -8.92607],
							"rotation": [0.075, -45, -180],
							"uv": {
								"north": {"uv": [22, 20], "uv_size": [1, 85]},
								"east": {"uv": [24, 0], "uv_size": [1, 85]},
								"south": {"uv": [26, 0], "uv_size": [1, 85]},
								"west": {"uv": [28, 0], "uv_size": [1, 85]},
								"up": {"uv": [68, 75], "uv_size": [1, 1]},
								"down": {"uv": [75, 74], "uv_size": [1, -1]}
							}
						},
						{
							"origin": [-0.72709, 0.3717, -8.96126],
							"size": [0.07038, 4096, 0.07038],
							"pivot": [-0.6919, 0.37096, -8.92607],
							"rotation": [0.075, -50, -180],
							"uv": {
								"north": {"uv": [22, 20], "uv_size": [1, 85]},
								"east": {"uv": [24, 0], "uv_size": [1, 85]},
								"south": {"uv": [26, 0], "uv_size": [1, 85]},
								"west": {"uv": [28, 0], "uv_size": [1, 85]},
								"up": {"uv": [68, 75], "uv_size": [1, 1]},
								"down": {"uv": [75, 74], "uv_size": [1, -1]}
							}
						},
						{
							"origin": [-0.72709, 0.3717, -8.96126],
							"size": [0.07038, 4096, 0.07038],
							"pivot": [-0.6919, 0.37096, -8.92607],
							"rotation": [0.075, -55, -180],
							"uv": {
								"north": {"uv": [22, 20], "uv_size": [1, 85]},
								"east": {"uv": [24, 0], "uv_size": [1, 85]},
								"south": {"uv": [26, 0], "uv_size": [1, 85]},
								"west": {"uv": [28, 0], "uv_size": [1, 85]},
								"up": {"uv": [68, 75], "uv_size": [1, 1]},
								"down": {"uv": [75, 74], "uv_size": [1, -1]}
							}
						},
						{
							"origin": [-0.72709, 0.3717, -8.96126],
							"size": [0.07038, 4096, 0.07038],
							"pivot": [-0.6919, 0.37096, -8.92607],
							"rotation": [0.075, -60, -180],
							"uv": {
								"north": {"uv": [22, 20], "uv_size": [1, 85]},
								"east": {"uv": [24, 0], "uv_size": [1, 85]},
								"south": {"uv": [26, 0], "uv_size": [1, 85]},
								"west": {"uv": [28, 0], "uv_size": [1, 85]},
								"up": {"uv": [68, 75], "uv_size": [1, 1]},
								"down": {"uv": [75, 74], "uv_size": [1, -1]}
							}
						},
						{
							"origin": [-0.72709, 0.3717, -8.96126],
							"size": [0.07038, 4096, 0.07038],
							"pivot": [-0.6919, 0.37096, -8.92607],
							"rotation": [0.075, -65, -180],
							"uv": {
								"north": {"uv": [22, 20], "uv_size": [1, 85]},
								"east": {"uv": [24, 0], "uv_size": [1, 85]},
								"south": {"uv": [26, 0], "uv_size": [1, 85]},
								"west": {"uv": [28, 0], "uv_size": [1, 85]},
								"up": {"uv": [68, 75], "uv_size": [1, 1]},
								"down": {"uv": [75, 74], "uv_size": [1, -1]}
							}
						},
						{
							"origin": [-0.72709, 0.3717, -8.96126],
							"size": [0.07038, 4096, 0.07038],
							"pivot": [-0.6919, 0.37096, -8.92607],
							"rotation": [0.075, -70, -180],
							"uv": {
								"north": {"uv": [22, 20], "uv_size": [1, 85]},
								"east": {"uv": [24, 0], "uv_size": [1, 85]},
								"south": {"uv": [26, 0], "uv_size": [1, 85]},
								"west": {"uv": [28, 0], "uv_size": [1, 85]},
								"up": {"uv": [68, 75], "uv_size": [1, 1]},
								"down": {"uv": [75, 74], "uv_size": [1, -1]}
							}
						},
						{
							"origin": [-0.72709, 0.3717, -8.96126],
							"size": [0.07038, 4096, 0.07038],
							"pivot": [-0.6919, 0.37096, -8.92607],
							"rotation": [0.075, -75, -180],
							"uv": {
								"north": {"uv": [22, 20], "uv_size": [1, 85]},
								"east": {"uv": [24, 0], "uv_size": [1, 85]},
								"south": {"uv": [26, 0], "uv_size": [1, 85]},
								"west": {"uv": [28, 0], "uv_size": [1, 85]},
								"up": {"uv": [68, 75], "uv_size": [1, 1]},
								"down": {"uv": [75, 74], "uv_size": [1, -1]}
							}
						},
						{
							"origin": [-0.72709, 0.3717, -8.96126],
							"size": [0.07038, 4096, 0.07038],
							"pivot": [-0.6919, 0.37096, -8.92607],
							"rotation": [0.075, -80, -180],
							"uv": {
								"north": {"uv": [22, 20], "uv_size": [1, 85]},
								"east": {"uv": [24, 0], "uv_size": [1, 85]},
								"south": {"uv": [26, 0], "uv_size": [1, 85]},
								"west": {"uv": [28, 0], "uv_size": [1, 85]},
								"up": {"uv": [68, 75], "uv_size": [1, 1]},
								"down": {"uv": [75, 74], "uv_size": [1, -1]}
							}
						},
						{
							"origin": [-0.72709, 0.3717, -8.96126],
							"size": [0.07038, 4096, 0.07038],
							"pivot": [-0.6919, 0.37096, -8.92607],
							"rotation": [0.075, -85, -180],
							"uv": {
								"north": {"uv": [22, 20], "uv_size": [1, 85]},
								"east": {"uv": [24, 0], "uv_size": [1, 85]},
								"south": {"uv": [26, 0], "uv_size": [1, 85]},
								"west": {"uv": [28, 0], "uv_size": [1, 85]},
								"up": {"uv": [68, 75], "uv_size": [1, 1]},
								"down": {"uv": [75, 74], "uv_size": [1, -1]}
							}
						}
					]
				},
				{
					"name": "bone41",
					"parent": "scope_body",
					"pivot": [0.1173, 0.5689, -8.84348],
					"rotation": [-90, 0, 0],
					"cubes": [
						{
							"origin": [-0.08746, 0.4603, -9.19814],
							"size": [0.40953, 0.21721, 0.70932],
							"uv": {
								"north": {"uv": [69, 40], "uv_size": [2, 1]},
								"east": {"uv": [63, 18], "uv_size": [3, 1]},
								"south": {"uv": [45, 69], "uv_size": [2, 1]},
								"west": {"uv": [63, 26], "uv_size": [3, 1]},
								"up": {"uv": [55, 47], "uv_size": [2, 3]},
								"down": {"uv": [52, 58], "uv_size": [2, -3]}
							}
						},
						{
							"origin": [-0.02881, 0.40165, -8.987],
							"size": [0.29223, 0.27586, 0.28704],
							"pivot": [0.1173, 0.53958, -8.84348],
							"rotation": [0, -45, 0],
							"uv": {
								"north": {"uv": [75, 75], "uv_size": [1, 1]},
								"east": {"uv": [0, 76], "uv_size": [1, 1]},
								"south": {"uv": [76, 0], "uv_size": [1, 1]},
								"west": {"uv": [4, 76], "uv_size": [1, 1]},
								"up": {"uv": [76, 4], "uv_size": [1, 1]},
								"down": {"uv": [8, 77], "uv_size": [1, -1]}
							}
						},
						{
							"origin": [0.73364, 0.23743, -8.987],
							"size": [0.29223, 0.27586, 0.28704],
							"pivot": [0.87975, 0.37536, -8.84348],
							"rotation": [0, -45, 0],
							"uv": {
								"north": {"uv": [15, 76], "uv_size": [1, 1]},
								"east": {"uv": [76, 16], "uv_size": [1, 1]},
								"south": {"uv": [17, 76], "uv_size": [1, 1]},
								"west": {"uv": [76, 18], "uv_size": [1, 1]},
								"up": {"uv": [19, 76], "uv_size": [1, 1]},
								"down": {"uv": [30, 77], "uv_size": [1, -1]}
							}
						},
						{
							"origin": [-0.84991, 0.20224, -9.05738],
							"size": [0.29223, 0.27586, 0.28704],
							"pivot": [-0.7038, 0.34017, -8.91386],
							"rotation": [0, -45, 0],
							"uv": {
								"north": {"uv": [36, 76], "uv_size": [1, 1]},
								"east": {"uv": [76, 39], "uv_size": [1, 1]},
								"south": {"uv": [40, 76], "uv_size": [1, 1]},
								"west": {"uv": [42, 76], "uv_size": [1, 1]},
								"up": {"uv": [76, 43], "uv_size": [1, 1]},
								"down": {"uv": [76, 46], "uv_size": [1, -1]}
							}
						},
						{
							"origin": [-0.35544, 0.4603, -9.35286],
							"size": [0.40953, 0.21721, 0.70932],
							"pivot": [-0.15068, 0.66584, -8.68876],
							"rotation": [0, -60, 0],
							"uv": {
								"north": {"uv": [69, 45], "uv_size": [2, 1]},
								"east": {"uv": [63, 33], "uv_size": [3, 1]},
								"south": {"uv": [69, 47], "uv_size": [2, 1]},
								"west": {"uv": [63, 35], "uv_size": [3, 1]},
								"up": {"uv": [55, 55], "uv_size": [2, 3]},
								"down": {"uv": [56, 19], "uv_size": [2, -3]}
							}
						},
						{
							"origin": [0.18052, 0.4603, -9.35286],
							"size": [0.40953, 0.21721, 0.70932],
							"pivot": [0.38528, 0.66584, -8.68876],
							"rotation": [0, 60, 0],
							"uv": {
								"north": {"uv": [48, 69], "uv_size": [2, 1]},
								"east": {"uv": [63, 47], "uv_size": [3, 1]},
								"south": {"uv": [69, 49], "uv_size": [2, 1]},
								"west": {"uv": [63, 49], "uv_size": [3, 1]},
								"up": {"uv": [36, 56], "uv_size": [2, 3]},
								"down": {"uv": [39, 59], "uv_size": [2, -3]}
							}
						}
					]
				},
				{
					"name": "bone40",
					"parent": "scope_body",
					"pivot": [0.10557, 0.53371, -8.12795],
					"rotation": [0, 30, 90],
					"cubes": [
						{
							"origin": [-0.04724, -0.97507, -8.39262],
							"size": [0.30562, 3.01757, 0.52934],
							"uv": {
								"north": {"uv": [15, 38], "uv_size": [1, 13]},
								"east": {"uv": [18, 30], "uv_size": [2, 13]},
								"south": {"uv": [42, 8], "uv_size": [1, 13]},
								"west": {"uv": [0, 38], "uv_size": [2, 13]},
								"up": {"uv": [51, 69], "uv_size": [1, 2]},
								"down": {"uv": [53, 71], "uv_size": [1, -2]}
							}
						},
						{
							"origin": [-0.24722, -0.97507, -8.50808],
							"size": [0.30562, 3.01757, 0.52934],
							"pivot": [-0.09441, 1.85872, -8.01249],
							"rotation": [0, -60, 0],
							"uv": {
								"north": {"uv": [44, 8], "uv_size": [1, 13]},
								"east": {"uv": [3, 38], "uv_size": [2, 13]},
								"south": {"uv": [17, 44], "uv_size": [1, 13]},
								"west": {"uv": [6, 38], "uv_size": [2, 13]},
								"up": {"uv": [55, 69], "uv_size": [1, 2]},
								"down": {"uv": [69, 57], "uv_size": [1, -2]}
							}
						},
						{
							"origin": [0.15275, -0.97507, -8.50808],
							"size": [0.30562, 3.01757, 0.52934],
							"pivot": [0.30555, 1.85872, -8.01249],
							"rotation": [0, 60, 0],
							"uv": {
								"north": {"uv": [19, 44], "uv_size": [1, 13]},
								"east": {"uv": [9, 38], "uv_size": [2, 13]},
								"south": {"uv": [30, 44], "uv_size": [1, 13]},
								"west": {"uv": [12, 38], "uv_size": [2, 13]},
								"up": {"uv": [57, 69], "uv_size": [1, 2]},
								"down": {"uv": [59, 71], "uv_size": [1, -2]}
							}
						}
					]
				},
				{
					"name": "bone39",
					"parent": "scope_body",
					"pivot": [0.87975, 1.00291, -7.0136],
					"cubes": [
						{
							"origin": [0.72694, 0.90173, -7.27827],
							"size": [0.30562, 0.14372, 0.52934],
							"uv": {
								"north": {"uv": [76, 47], "uv_size": [1, 1]},
								"east": {"uv": [69, 51], "uv_size": [2, 1]},
								"south": {"uv": [76, 49], "uv_size": [1, 1]},
								"west": {"uv": [69, 60], "uv_size": [2, 1]},
								"up": {"uv": [69, 62], "uv_size": [1, 2]},
								"down": {"uv": [69, 67], "uv_size": [1, -2]}
							}
						},
						{
							"origin": [0.52696, 0.90173, -7.39373],
							"size": [0.30562, 0.14372, 0.52934],
							"pivot": [0.67977, 0.92032, -6.89814],
							"rotation": [0, -60, 0],
							"uv": {
								"north": {"uv": [50, 76], "uv_size": [1, 1]},
								"east": {"uv": [67, 69], "uv_size": [2, 1]},
								"south": {"uv": [52, 76], "uv_size": [1, 1]},
								"west": {"uv": [0, 70], "uv_size": [2, 1]},
								"up": {"uv": [70, 0], "uv_size": [1, 2]},
								"down": {"uv": [3, 72], "uv_size": [1, -2]}
							}
						},
						{
							"origin": [0.92693, 0.90173, -7.39373],
							"size": [0.30562, 0.14372, 0.52934],
							"pivot": [1.07973, 0.92032, -6.89814],
							"rotation": [0, 60, 0],
							"uv": {
								"north": {"uv": [54, 76], "uv_size": [1, 1]},
								"east": {"uv": [70, 3], "uv_size": [2, 1]},
								"south": {"uv": [56, 76], "uv_size": [1, 1]},
								"west": {"uv": [5, 70], "uv_size": [2, 1]},
								"up": {"uv": [70, 5], "uv_size": [1, 2]},
								"down": {"uv": [8, 72], "uv_size": [1, -2]}
							}
						}
					]
				},
				{
					"name": "bone47",
					"parent": "scope_body",
					"pivot": [0.87975, 1.03224, -7.0136],
					"cubes": [
						{
							"origin": [0.75445, 0.97332, -7.23063],
							"size": [0.25061, 0.11785, 0.43406],
							"uv": {
								"north": {"uv": [76, 57], "uv_size": [1, 1]},
								"east": {"uv": [70, 8], "uv_size": [2, 1]},
								"south": {"uv": [58, 76], "uv_size": [1, 1]},
								"west": {"uv": [10, 70], "uv_size": [2, 1]},
								"up": {"uv": [13, 70], "uv_size": [1, 2]},
								"down": {"uv": [15, 72], "uv_size": [1, -2]}
							}
						},
						{
							"origin": [0.59046, 0.97332, -7.32531],
							"size": [0.25061, 0.11785, 0.43406],
							"pivot": [0.71576, 0.98856, -6.91892],
							"rotation": [0, -60, 0],
							"uv": {
								"north": {"uv": [60, 76], "uv_size": [1, 1]},
								"east": {"uv": [70, 10], "uv_size": [2, 1]},
								"south": {"uv": [76, 66], "uv_size": [1, 1]},
								"west": {"uv": [17, 70], "uv_size": [2, 1]},
								"up": {"uv": [70, 18], "uv_size": [1, 2]},
								"down": {"uv": [38, 72], "uv_size": [1, -2]}
							}
						},
						{
							"origin": [0.91843, 0.97332, -7.32531],
							"size": [0.25061, 0.11785, 0.43406],
							"pivot": [1.04374, 0.98856, -6.91892],
							"rotation": [0, 60, 0],
							"uv": {
								"north": {"uv": [76, 68], "uv_size": [1, 1]},
								"east": {"uv": [70, 42], "uv_size": [2, 1]},
								"south": {"uv": [70, 76], "uv_size": [1, 1]},
								"west": {"uv": [61, 70], "uv_size": [2, 1]},
								"up": {"uv": [70, 68], "uv_size": [1, 2]},
								"down": {"uv": [71, 14], "uv_size": [1, -2]}
							}
						}
					]
				},
				{
					"name": "ocular",
					"pivot": [-0.92032, 1.81172, -10.15669],
					"cubes": [
						{
							"origin": [-4.47638, -0.47573, -10.169],
							"size": [7.11213, 4.57491, 0.02463],
							"uv": {
								"south": {"uv": [2, 78], "uv_size": [1, 1.5]}
							}
						}
					]
				},
				{
					"name": "scope_view",
					"pivot": [-2.84339, 2.6002, 9.75],
					"rotation": [0, 0, -32.5]
				}
			]
		}
	]
}