{
	"format_version": "1.12.0",
	"minecraft:geometry": [
		{
			"description": {
				"identifier": "geometry.unknown",
				"texture_width": 32,
				"texture_height": 32,
				"visible_bounds_width": 59,
				"visible_bounds_height": 2,
				"visible_bounds_offset": [0, 0, 0]
			},
			"bones": [
				{
					"name": "scope_body",
					"pivot": [-0.15236, 0.89077, -0.81279],
					"cubes": [
						{
							"origin": [-0.59546, -0.32399, 1.76638],
							"size": [1.17167, 0.3515, 0.703],
							"uv": {
								"north": {"uv": [15, 8], "uv_size": [1, 0.28125]},
								"east": {"uv": [13, 18], "uv_size": [0.59375, 0.28125]},
								"south": {"uv": [15, 9], "uv_size": [1, 0.28125]},
								"west": {"uv": [18, 13], "uv_size": [0.59375, 0.28125]},
								"up": {"uv": [4, 12], "uv_size": [1, 0.59375]},
								"down": {"uv": [5, 12.59375], "uv_size": [1, -0.59375]}
							}
						},
						{
							"origin": [-0.47831, 0.0861, -2.21729],
							"size": [0.93734, 0.17576, 4.92101],
							"uv": {
								"north": {"uv": [0, 20], "uv_size": [0.78125, 0.15625]},
								"east": {"uv": [11, 6], "uv_size": [4.15625, 0.15625]},
								"south": {"uv": [20, 0], "uv_size": [0.78125, 0.15625]},
								"west": {"uv": [8, 11], "uv_size": [4.15625, 0.15625]},
								"up": {"uv": [0, 5], "uv_size": [0.78125, 4.15625]},
								"down": {"uv": [5, 4.15625], "uv_size": [0.78125, -4.15625]}
							}
						},
						{
							"origin": [0.09332, 0.0861, 2.67945],
							"size": [0.33141, 0.17576, 0.17575],
							"pivot": [0.25902, 0.17398, 2.73803],
							"rotation": [0, 45, 0],
							"uv": {
								"north": {"uv": [23, 18], "uv_size": [0.28125, 0.15625]},
								"east": {"uv": [25, 9], "uv_size": [0.15625, 0.15625]},
								"south": {"uv": [19, 23], "uv_size": [0.28125, 0.15625]},
								"west": {"uv": [10, 25], "uv_size": [0.15625, 0.15625]},
								"up": {"uv": [23, 19], "uv_size": [0.28125, 0.15625]},
								"down": {"uv": [20, 23.15625], "uv_size": [0.28125, -0.15625]}
							}
						},
						{
							"origin": [-0.46409, 0.0861, 2.72798],
							"size": [0.33141, 0.17576, 0.17575],
							"pivot": [-0.22975, 0.17398, 2.78657],
							"rotation": [0, -45, 0],
							"uv": {
								"north": {"uv": [23, 16], "uv_size": [0.28125, 0.15625]},
								"east": {"uv": [25, 8], "uv_size": [0.15625, 0.15625]},
								"south": {"uv": [17, 23], "uv_size": [0.28125, 0.15625]},
								"west": {"uv": [9, 25], "uv_size": [0.15625, 0.15625]},
								"up": {"uv": [23, 17], "uv_size": [0.28125, 0.15625]},
								"down": {"uv": [18, 23.15625], "uv_size": [0.28125, -0.15625]}
							}
						},
						{
							"origin": [-0.24397, 0.0861, 2.70372],
							"size": [0.46867, 0.17576, 0.23433],
							"uv": {
								"north": {"uv": [7, 22], "uv_size": [0.40625, 0.15625]},
								"east": {"uv": [25, 4], "uv_size": [0.1875, 0.15625]},
								"south": {"uv": [22, 7], "uv_size": [0.40625, 0.15625]},
								"west": {"uv": [5, 25], "uv_size": [0.1875, 0.15625]},
								"up": {"uv": [21, 15], "uv_size": [0.40625, 0.1875]},
								"down": {"uv": [16, 21.1875], "uv_size": [0.40625, -0.1875]}
							}
						},
						{
							"origin": [-0.67931, 0.30773, -2.27589],
							"size": [0.11717, 0.87874, 4.92101],
							"pivot": [-0.16377, 0.7764, 0.09675],
							"rotation": [0, 0, 7.5],
							"uv": {
								"north": {"uv": [4, 22], "uv_size": [0.09375, 0.75]},
								"east": {"uv": [6, 1], "uv_size": [4.15625, 0.75]},
								"south": {"uv": [22, 4], "uv_size": [0.09375, 0.75]},
								"west": {"uv": [6, 2], "uv_size": [4.15625, 0.75]},
								"up": {"uv": [3, 13], "uv_size": [0.09375, 4.15625]},
								"down": {"uv": [4, 17.15625], "uv_size": [0.09375, -4.15625]}
							}
						},
						{
							"origin": [0.54287, 0.30773, -2.27589],
							"size": [0.11717, 0.87874, 4.92101],
							"pivot": [0.1445, 0.7764, 0.09675],
							"rotation": [0, 0, -7.5],
							"uv": {
								"north": {"uv": [3, 22], "uv_size": [0.09375, 0.75]},
								"east": {"uv": [5, 5], "uv_size": [4.15625, 0.75]},
								"south": {"uv": [22, 3], "uv_size": [0.09375, 0.75]},
								"west": {"uv": [6, 0], "uv_size": [4.15625, 0.75]},
								"up": {"uv": [1, 13], "uv_size": [0.09375, 4.15625]},
								"down": {"uv": [2, 17.15625], "uv_size": [0.09375, -4.15625]}
							}
						},
						{
							"origin": [-0.80557, 0.6574, -1.76751],
							"size": [0.16241, 0.30226, 0.52353],
							"pivot": [-0.78293, 0.80852, -1.50572],
							"rotation": [60, 0, 0],
							"uv": {
								"north": {"uv": [17, 24], "uv_size": [0.125, 0.25]},
								"east": {"uv": [20, 11], "uv_size": [0.4375, 0.25]},
								"south": {"uv": [24, 17], "uv_size": [0.125, 0.25]},
								"west": {"uv": [12, 20], "uv_size": [0.4375, 0.25]},
								"up": {"uv": [22, 22], "uv_size": [0.125, 0.4375]},
								"down": {"uv": [0, 23.4375], "uv_size": [0.125, -0.4375]}
							}
						},
						{
							"origin": [-0.80557, 0.6574, -1.76751],
							"size": [0.16241, 0.30226, 0.52353],
							"pivot": [-0.78293, 0.80852, -1.50572],
							"rotation": [-60, 0, 0],
							"uv": {
								"north": {"uv": [16, 24], "uv_size": [0.125, 0.25]},
								"east": {"uv": [20, 10], "uv_size": [0.4375, 0.25]},
								"south": {"uv": [24, 16], "uv_size": [0.125, 0.25]},
								"west": {"uv": [11, 20], "uv_size": [0.4375, 0.25]},
								"up": {"uv": [21, 22], "uv_size": [0.125, 0.4375]},
								"down": {"uv": [22, 21.4375], "uv_size": [0.125, -0.4375]}
							}
						},
						{
							"origin": [-0.92272, 0.70167, -1.6203],
							"size": [0.16241, 0.21374, 0.21374],
							"pivot": [-0.84151, 0.80852, -1.51345],
							"rotation": [-45, 0, 0],
							"uv": {
								"north": {"uv": [25, 14], "uv_size": [0.125, 0.1875]},
								"east": {"uv": [12, 24], "uv_size": [0.1875, 0.1875]},
								"south": {"uv": [15, 25], "uv_size": [0.125, 0.1875]},
								"west": {"uv": [24, 12], "uv_size": [0.1875, 0.1875]},
								"up": {"uv": [25, 15], "uv_size": [0.125, 0.1875]},
								"down": {"uv": [16, 25.1875], "uv_size": [0.125, -0.1875]}
							}
						},
						{
							"origin": [-0.87586, 0.75113, -1.88467],
							"size": [0.18585, 0.1148, 0.75787],
							"pivot": [-0.84151, 0.80852, -1.50572],
							"rotation": [-45, 0, 0],
							"uv": {
								"north": {"uv": [16, 26], "uv_size": [0.15625, 0.09375]},
								"east": {"uv": [15, 22], "uv_size": [0.625, 0.09375]},
								"south": {"uv": [26, 16], "uv_size": [0.15625, 0.09375]},
								"west": {"uv": [22, 15], "uv_size": [0.625, 0.09375]},
								"up": {"uv": [20, 12], "uv_size": [0.15625, 0.625]},
								"down": {"uv": [13, 20.625], "uv_size": [0.15625, -0.625]}
							}
						},
						{
							"origin": [-0.80557, 0.6574, -1.76751],
							"size": [0.16241, 0.30226, 0.52353],
							"uv": {
								"north": {"uv": [15, 24], "uv_size": [0.125, 0.25]},
								"east": {"uv": [20, 9], "uv_size": [0.4375, 0.25]},
								"south": {"uv": [24, 15], "uv_size": [0.125, 0.25]},
								"west": {"uv": [10, 20], "uv_size": [0.4375, 0.25]},
								"up": {"uv": [20, 22], "uv_size": [0.125, 0.4375]},
								"down": {"uv": [22, 20.4375], "uv_size": [0.125, -0.4375]}
							}
						},
						{
							"origin": [-0.55514, 1.24975, 0.94621],
							"size": [1.09101, 0.10915, 0.76159],
							"uv": {
								"north": {"uv": [20, 16], "uv_size": [0.90625, 0.09375]},
								"east": {"uv": [14, 22], "uv_size": [0.65625, 0.09375]},
								"south": {"uv": [17, 20], "uv_size": [0.90625, 0.09375]},
								"west": {"uv": [22, 14], "uv_size": [0.65625, 0.09375]},
								"up": {"uv": [1, 12], "uv_size": [0.90625, 0.65625]},
								"down": {"uv": [2, 12.65625], "uv_size": [0.90625, -0.65625]}
							}
						},
						{
							"origin": [-1.04458, 1.06046, 1.6898],
							"size": [0.27958, 0.30226, 0.67497],
							"pivot": [-0.90479, 0.90226, 1.92657],
							"rotation": [0, 0, 90],
							"uv": {
								"north": {"uv": [13, 22], "uv_size": [0.25, 0.25]},
								"east": {"uv": [19, 12], "uv_size": [0.5625, 0.25]},
								"south": {"uv": [22, 13], "uv_size": [0.25, 0.25]},
								"west": {"uv": [13, 19], "uv_size": [0.5625, 0.25]},
								"up": {"uv": [19, 13], "uv_size": [0.25, 0.5625]},
								"down": {"uv": [14, 19.5625], "uv_size": [0.25, -0.5625]}
							}
						},
						{
							"origin": [-1.04458, 1.05875, 1.6891],
							"size": [0.27958, 0.30226, 0.67497],
							"pivot": [-0.90479, 0.90057, 2.02897],
							"rotation": [0, 45, 90],
							"uv": {
								"north": {"uv": [12, 22], "uv_size": [0.25, 0.25]},
								"east": {"uv": [10, 19], "uv_size": [0.5625, 0.25]},
								"south": {"uv": [22, 12], "uv_size": [0.25, 0.25]},
								"west": {"uv": [11, 19], "uv_size": [0.5625, 0.25]},
								"up": {"uv": [19, 11], "uv_size": [0.25, 0.5625]},
								"down": {"uv": [12, 19.5625], "uv_size": [0.25, -0.5625]}
							}
						},
						{
							"origin": [-0.80896, 0.5386, 2.02875],
							"size": [0.22734, 0.29605, 0.22734],
							"pivot": [-0.64819, 0.68663, 1.86799],
							"rotation": [0, -45, 90],
							"uv": {
								"north": {"uv": [23, 14], "uv_size": [0.1875, 0.25]},
								"east": {"uv": [15, 23], "uv_size": [0.1875, 0.25]},
								"south": {"uv": [23, 15], "uv_size": [0.1875, 0.25]},
								"west": {"uv": [16, 23], "uv_size": [0.1875, 0.25]},
								"up": {"uv": [11, 24], "uv_size": [0.1875, 0.1875]},
								"down": {"uv": [24, 11.1875], "uv_size": [0.1875, -0.1875]}
							}
						},
						{
							"origin": [-1.04458, 1.05807, 1.6922],
							"size": [0.27958, 0.30226, 0.67497],
							"pivot": [-0.90479, 0.89987, 2.02729],
							"rotation": [0, -90, 90],
							"uv": {
								"north": {"uv": [11, 22], "uv_size": [0.25, 0.25]},
								"east": {"uv": [19, 7], "uv_size": [0.5625, 0.25]},
								"south": {"uv": [22, 11], "uv_size": [0.25, 0.25]},
								"west": {"uv": [8, 19], "uv_size": [0.5625, 0.25]},
								"up": {"uv": [19, 8], "uv_size": [0.25, 0.5625]},
								"down": {"uv": [9, 19.5625], "uv_size": [0.25, -0.5625]}
							}
						},
						{
							"origin": [-1.04458, 1.06214, 1.6891],
							"size": [0.27958, 0.30226, 0.67497],
							"pivot": [-0.90479, 0.90395, 2.02897],
							"rotation": [0, -45, 90],
							"uv": {
								"north": {"uv": [10, 22], "uv_size": [0.25, 0.25]},
								"east": {"uv": [4, 19], "uv_size": [0.5625, 0.25]},
								"south": {"uv": [22, 10], "uv_size": [0.25, 0.25]},
								"west": {"uv": [5, 19], "uv_size": [0.5625, 0.25]},
								"up": {"uv": [6, 19], "uv_size": [0.25, 0.5625]},
								"down": {"uv": [7, 19.5625], "uv_size": [0.25, -0.5625]}
							}
						},
						{
							"origin": [-0.2298, 0.13807, -3.3081],
							"size": [0.44035, 0.06737, 1.06308],
							"uv": {
								"north": {"uv": [25, 13], "uv_size": [0.375, 0.0625]},
								"east": {"uv": [19, 22], "uv_size": [0.90625, 0.0625]},
								"south": {"uv": [14, 25], "uv_size": [0.375, 0.0625]},
								"west": {"uv": [22, 19], "uv_size": [0.90625, 0.0625]},
								"up": {"uv": [14, 1], "uv_size": [0.375, 0.90625]},
								"down": {"uv": [14, 2.90625], "uv_size": [0.375, -0.90625]}
							}
						},
						{
							"origin": [-0.22714, 0.13807, -3.30919],
							"size": [0.44035, 0.06737, 1.06308],
							"pivot": [-0.00697, -0.1726, -2.7739],
							"rotation": [0, 45, 0],
							"uv": {
								"north": {"uv": [25, 12], "uv_size": [0.375, 0.0625]},
								"east": {"uv": [18, 22], "uv_size": [0.90625, 0.0625]},
								"south": {"uv": [13, 25], "uv_size": [0.375, 0.0625]},
								"west": {"uv": [22, 18], "uv_size": [0.90625, 0.0625]},
								"up": {"uv": [13, 11], "uv_size": [0.375, 0.90625]},
								"down": {"uv": [14, 0.90625], "uv_size": [0.375, -0.90625]}
							}
						},
						{
							"origin": [-0.22603, 0.13807, -3.30433],
							"size": [0.44035, 0.06737, 1.06308],
							"pivot": [-0.00588, -0.1726, -2.77655],
							"rotation": [0, -90, 0],
							"uv": {
								"north": {"uv": [25, 11], "uv_size": [0.375, 0.0625]},
								"east": {"uv": [17, 22], "uv_size": [0.90625, 0.0625]},
								"south": {"uv": [12, 25], "uv_size": [0.375, 0.0625]},
								"west": {"uv": [22, 17], "uv_size": [0.90625, 0.0625]},
								"up": {"uv": [13, 7], "uv_size": [0.375, 0.90625]},
								"down": {"uv": [13, 9.90625], "uv_size": [0.375, -0.90625]}
							}
						},
						{
							"origin": [-0.23247, 0.13807, -3.30919],
							"size": [0.44035, 0.06737, 1.06308],
							"pivot": [-0.01229, -0.1726, -2.7739],
							"rotation": [0, -45, 0],
							"uv": {
								"north": {"uv": [25, 10], "uv_size": [0.375, 0.0625]},
								"east": {"uv": [16, 22], "uv_size": [0.90625, 0.0625]},
								"south": {"uv": [11, 25], "uv_size": [0.375, 0.0625]},
								"west": {"uv": [22, 16], "uv_size": [0.90625, 0.0625]},
								"up": {"uv": [13, 3], "uv_size": [0.375, 0.90625]},
								"down": {"uv": [13, 5.90625], "uv_size": [0.375, -0.90625]}
							}
						},
						{
							"origin": [-0.21932, 0.14246, -3.28278],
							"size": [0.41937, 0.17576, 1.01246],
							"uv": {
								"north": {"uv": [23, 7], "uv_size": [0.34375, 0.15625]},
								"east": {"uv": [19, 17], "uv_size": [0.84375, 0.15625]},
								"south": {"uv": [8, 23], "uv_size": [0.34375, 0.15625]},
								"west": {"uv": [18, 19], "uv_size": [0.84375, 0.15625]},
								"up": {"uv": [15, 3], "uv_size": [0.34375, 0.84375]},
								"down": {"uv": [15, 4.84375], "uv_size": [0.34375, -0.84375]}
							}
						},
						{
							"origin": [-0.21678, 0.14246, -3.28382],
							"size": [0.41937, 0.17576, 1.01246],
							"pivot": [-0.00711, -0.15341, -2.77401],
							"rotation": [0, 45, 0],
							"uv": {
								"north": {"uv": [23, 6], "uv_size": [0.34375, 0.15625]},
								"east": {"uv": [19, 16], "uv_size": [0.84375, 0.15625]},
								"south": {"uv": [7, 23], "uv_size": [0.34375, 0.15625]},
								"west": {"uv": [17, 19], "uv_size": [0.84375, 0.15625]},
								"up": {"uv": [15, 1], "uv_size": [0.34375, 0.84375]},
								"down": {"uv": [15, 2.84375], "uv_size": [0.34375, -0.84375]}
							}
						},
						{
							"origin": [-0.21574, 0.14246, -3.2792],
							"size": [0.41937, 0.17576, 1.01246],
							"pivot": [-0.00605, -0.15341, -2.77655],
							"rotation": [0, -90, 0],
							"uv": {
								"north": {"uv": [23, 5], "uv_size": [0.34375, 0.15625]},
								"east": {"uv": [19, 15], "uv_size": [0.84375, 0.15625]},
								"south": {"uv": [6, 23], "uv_size": [0.34375, 0.15625]},
								"west": {"uv": [16, 19], "uv_size": [0.84375, 0.15625]},
								"up": {"uv": [14, 14], "uv_size": [0.34375, 0.84375]},
								"down": {"uv": [15, 0.84375], "uv_size": [0.34375, -0.84375]}
							}
						},
						{
							"origin": [-0.22185, 0.14246, -3.28382],
							"size": [0.41937, 0.17576, 1.01246],
							"pivot": [-0.01216, -0.15341, -2.77401],
							"rotation": [0, -45, 0],
							"uv": {
								"north": {"uv": [23, 4], "uv_size": [0.34375, 0.15625]},
								"east": {"uv": [19, 14], "uv_size": [0.84375, 0.15625]},
								"south": {"uv": [5, 23], "uv_size": [0.34375, 0.15625]},
								"west": {"uv": [15, 19], "uv_size": [0.84375, 0.15625]},
								"up": {"uv": [14, 11], "uv_size": [0.34375, 0.84375]},
								"down": {"uv": [14, 13.84375], "uv_size": [0.34375, -0.84375]}
							}
						},
						{
							"origin": [0.22098, 1.1116, 2.02875],
							"size": [0.22734, 0.29605, 0.22734],
							"pivot": [0.38175, 1.25962, 1.86799],
							"rotation": [0, -45, 0],
							"uv": {
								"north": {"uv": [23, 12], "uv_size": [0.1875, 0.25]},
								"east": {"uv": [13, 23], "uv_size": [0.1875, 0.25]},
								"south": {"uv": [23, 13], "uv_size": [0.1875, 0.25]},
								"west": {"uv": [14, 23], "uv_size": [0.1875, 0.25]},
								"up": {"uv": [10, 24], "uv_size": [0.1875, 0.1875]},
								"down": {"uv": [24, 10.1875], "uv_size": [0.1875, -0.1875]}
							}
						},
						{
							"origin": [-0.00636, 1.07645, 1.63918],
							"size": [0.32152, 0.29605, 0.77622],
							"uv": {
								"north": {"uv": [2, 22], "uv_size": [0.28125, 0.25]},
								"east": {"uv": [18, 17], "uv_size": [0.65625, 0.25]},
								"south": {"uv": [22, 2], "uv_size": [0.28125, 0.25]},
								"west": {"uv": [18, 18], "uv_size": [0.65625, 0.25]},
								"up": {"uv": [18, 3], "uv_size": [0.28125, 0.65625]},
								"down": {"uv": [4, 18.65625], "uv_size": [0.28125, -0.65625]}
							}
						},
						{
							"origin": [-0.00442, 1.07645, 1.63838],
							"size": [0.32152, 0.29605, 0.77622],
							"pivot": [0.15635, 0.89453, 2.02923],
							"rotation": [0, 45, 0],
							"uv": {
								"north": {"uv": [1, 22], "uv_size": [0.28125, 0.25]},
								"east": {"uv": [18, 16], "uv_size": [0.65625, 0.25]},
								"south": {"uv": [22, 1], "uv_size": [0.28125, 0.25]},
								"west": {"uv": [17, 18], "uv_size": [0.65625, 0.25]},
								"up": {"uv": [18, 2], "uv_size": [0.28125, 0.65625]},
								"down": {"uv": [3, 18.65625], "uv_size": [0.28125, -0.65625]}
							}
						},
						{
							"origin": [-0.00362, 1.07645, 1.64193],
							"size": [0.32152, 0.29605, 0.77622],
							"pivot": [0.15714, 0.89453, 2.02729],
							"rotation": [0, -90, 0],
							"uv": {
								"north": {"uv": [0, 22], "uv_size": [0.28125, 0.25]},
								"east": {"uv": [18, 15], "uv_size": [0.65625, 0.25]},
								"south": {"uv": [22, 0], "uv_size": [0.28125, 0.25]},
								"west": {"uv": [16, 18], "uv_size": [0.65625, 0.25]},
								"up": {"uv": [18, 1], "uv_size": [0.28125, 0.65625]},
								"down": {"uv": [2, 18.65625], "uv_size": [0.28125, -0.65625]}
							}
						},
						{
							"origin": [-0.00831, 1.07645, 1.63838],
							"size": [0.32152, 0.29605, 0.77622],
							"pivot": [0.15246, 0.89453, 2.02923],
							"rotation": [0, -45, 0],
							"uv": {
								"north": {"uv": [21, 20], "uv_size": [0.28125, 0.25]},
								"east": {"uv": [14, 18], "uv_size": [0.65625, 0.25]},
								"south": {"uv": [21, 21], "uv_size": [0.28125, 0.25]},
								"west": {"uv": [18, 14], "uv_size": [0.65625, 0.25]},
								"up": {"uv": [18, 0], "uv_size": [0.28125, 0.65625]},
								"down": {"uv": [1, 18.65625], "uv_size": [0.28125, -0.65625]}
							}
						},
						{
							"origin": [0.15958, 1.24975, 2.44594],
							"size": [0.03651, 0.00234, 0.19917],
							"uv": {
								"north": {"uv": [24, 26], "uv_size": [0.03125, 0.03125]},
								"east": {"uv": [24, 26], "uv_size": [0.03125, 0.03125]},
								"south": {"uv": [24, 26], "uv_size": [0.03125, 0.03125]},
								"west": {"uv": [24, 26], "uv_size": [0.03125, 0.03125]},
								"up": {"uv": [17, 26], "uv_size": [0.03125, 0.15625]},
								"down": {"uv": [26, 17.15625], "uv_size": [0.03125, -0.15625]}
							}
						},
						{
							"origin": [0.08927, 0.58233, 2.57496],
							"size": [0.27084, 0.50752, 0.23433],
							"pivot": [-0.00964, 0.75406, 2.69213],
							"rotation": [30, 0, 0],
							"uv": {
								"north": {"uv": [20, 14], "uv_size": [0.21875, 0.4375]},
								"east": {"uv": [21, 12], "uv_size": [0.1875, 0.4375]},
								"south": {"uv": [15, 20], "uv_size": [0.21875, 0.4375]},
								"west": {"uv": [13, 21], "uv_size": [0.1875, 0.4375]},
								"up": {"uv": [0, 24], "uv_size": [0.21875, 0.1875]},
								"down": {"uv": [24, 0.1875], "uv_size": [0.21875, -0.1875]}
							}
						},
						{
							"origin": [0.08927, 0.26185, 2.64513],
							"size": [0.27084, 0.40207, 0.23433],
							"uv": {
								"north": {"uv": [21, 17], "uv_size": [0.21875, 0.34375]},
								"east": {"uv": [6, 22], "uv_size": [0.1875, 0.34375]},
								"south": {"uv": [18, 21], "uv_size": [0.21875, 0.34375]},
								"west": {"uv": [22, 6], "uv_size": [0.1875, 0.34375]},
								"up": {"uv": [23, 22], "uv_size": [0.21875, 0.1875]},
								"down": {"uv": [23, 23.1875], "uv_size": [0.21875, -0.1875]}
							}
						},
						{
							"origin": [-0.3794, 0.58233, 2.57496],
							"size": [0.27084, 0.50752, 0.23433],
							"pivot": [-0.00964, 0.75406, 2.69213],
							"rotation": [30, 0, 0],
							"uv": {
								"north": {"uv": [20, 13], "uv_size": [0.21875, 0.4375]},
								"east": {"uv": [21, 11], "uv_size": [0.1875, 0.4375]},
								"south": {"uv": [14, 20], "uv_size": [0.21875, 0.4375]},
								"west": {"uv": [12, 21], "uv_size": [0.1875, 0.4375]},
								"up": {"uv": [23, 21], "uv_size": [0.21875, 0.1875]},
								"down": {"uv": [22, 23.1875], "uv_size": [0.21875, -0.1875]}
							}
						},
						{
							"origin": [-0.3794, 0.26185, 2.64513],
							"size": [0.27084, 0.40207, 0.23433],
							"uv": {
								"north": {"uv": [21, 16], "uv_size": [0.21875, 0.34375]},
								"east": {"uv": [5, 22], "uv_size": [0.1875, 0.34375]},
								"south": {"uv": [17, 21], "uv_size": [0.21875, 0.34375]},
								"west": {"uv": [22, 5], "uv_size": [0.1875, 0.34375]},
								"up": {"uv": [23, 20], "uv_size": [0.21875, 0.1875]},
								"down": {"uv": [21, 23.1875], "uv_size": [0.21875, -0.1875]}
							}
						},
						{
							"origin": [-0.61373, 0.37902, 0.94621],
							"size": [1.20817, 0.87073, 1.70126],
							"uv": {
								"north": {"uv": [6, 10], "uv_size": [1.03125, 0.71875]},
								"east": {"uv": [9, 3], "uv_size": [1.4375, 0.71875]},
								"south": {"uv": [10, 7], "uv_size": [1.03125, 0.71875]},
								"west": {"uv": [9, 4], "uv_size": [1.4375, 0.71875]},
								"up": {"uv": [1, 8], "uv_size": [1.03125, 1.4375]},
								"down": {"uv": [3, 9.4375], "uv_size": [1.03125, -1.4375]}
							}
						},
						{
							"origin": [-0.61373, 0.49619, -2.27589],
							"size": [0.15368, 0.75592, 3.22209],
							"uv": {
								"north": {"uv": [21, 14], "uv_size": [0.125, 0.625]},
								"east": {"uv": [5, 6], "uv_size": [2.71875, 0.625]},
								"south": {"uv": [15, 21], "uv_size": [0.125, 0.625]},
								"west": {"uv": [5, 7], "uv_size": [2.71875, 0.625]},
								"up": {"uv": [13, 13], "uv_size": [0.125, 2.71875]},
								"down": {"uv": [0, 16.71875], "uv_size": [0.125, -2.71875]}
							}
						},
						{
							"origin": [-0.14549, 0.90518, -2.27589],
							"size": [0.09509, 0.34347, 3.22209],
							"pivot": [-0.18582, 0.72542, -0.66483],
							"rotation": [0, 0, -45],
							"uv": {
								"north": {"uv": [25, 5], "uv_size": [0.09375, 0.28125]},
								"east": {"uv": [3, 10], "uv_size": [2.71875, 0.28125]},
								"south": {"uv": [6, 25], "uv_size": [0.09375, 0.28125]},
								"west": {"uv": [10, 5], "uv_size": [2.71875, 0.28125]},
								"up": {"uv": [15, 16], "uv_size": [0.09375, 2.71875]},
								"down": {"uv": [16, 17.71875], "uv_size": [0.09375, -2.71875]}
							}
						},
						{
							"origin": [0.03113, 0.90518, -2.27589],
							"size": [0.15368, 0.34347, 3.22209],
							"pivot": [0.16655, 0.72542, -0.66483],
							"rotation": [0, 0, 45],
							"uv": {
								"north": {"uv": [9, 24], "uv_size": [0.125, 0.28125]},
								"east": {"uv": [9, 9], "uv_size": [2.71875, 0.28125]},
								"south": {"uv": [24, 9], "uv_size": [0.125, 0.28125]},
								"west": {"uv": [0, 10], "uv_size": [2.71875, 0.28125]},
								"up": {"uv": [11, 13], "uv_size": [0.125, 2.71875]},
								"down": {"uv": [12, 15.71875], "uv_size": [0.125, -2.71875]}
							}
						},
						{
							"origin": [-0.46005, 0.73052, -2.27589],
							"size": [0.90082, 0.28491, 3.22209],
							"uv": {
								"north": {"uv": [17, 17], "uv_size": [0.75, 0.25]},
								"east": {"uv": [11, 4], "uv_size": [2.71875, 0.25]},
								"south": {"uv": [0, 18], "uv_size": [0.75, 0.25]},
								"west": {"uv": [5, 11], "uv_size": [2.71875, 0.25]},
								"up": {"uv": [1, 5], "uv_size": [0.75, 2.71875]},
								"down": {"uv": [2, 7.71875], "uv_size": [0.75, -2.71875]}
							}
						},
						{
							"origin": [-0.54287, 0.96486, -2.27407],
							"size": [0.15368, 0.28491, 3.24553],
							"pivot": [-0.46602, 1.13658, -0.65131],
							"rotation": [0, 2.5, 0],
							"uv": {
								"north": {"uv": [14, 24], "uv_size": [0.125, 0.25]},
								"east": {"uv": [11, 1], "uv_size": [2.75, 0.25]},
								"south": {"uv": [24, 14], "uv_size": [0.125, 0.25]},
								"west": {"uv": [11, 2], "uv_size": [2.75, 0.25]},
								"up": {"uv": [7, 13], "uv_size": [0.125, 2.75]},
								"down": {"uv": [8, 15.75], "uv_size": [0.125, -2.75]}
							}
						},
						{
							"origin": [0.36993, 0.96486, -2.27407],
							"size": [0.15368, 0.28491, 3.24553],
							"pivot": [0.44676, 1.13658, -0.65131],
							"rotation": [0, -2.5, 0],
							"uv": {
								"north": {"uv": [13, 24], "uv_size": [0.125, 0.25]},
								"east": {"uv": [11, 0], "uv_size": [2.75, 0.25]},
								"south": {"uv": [24, 13], "uv_size": [0.125, 0.25]},
								"west": {"uv": [1, 11], "uv_size": [2.75, 0.25]},
								"up": {"uv": [5, 13], "uv_size": [0.125, 2.75]},
								"down": {"uv": [6, 15.75], "uv_size": [0.125, -2.75]}
							}
						},
						{
							"origin": [0.44078, 0.49619, -2.27589],
							"size": [0.15368, 0.75592, 3.22209],
							"uv": {
								"north": {"uv": [21, 13], "uv_size": [0.125, 0.625]},
								"east": {"uv": [6, 3], "uv_size": [2.71875, 0.625]},
								"south": {"uv": [14, 21], "uv_size": [0.125, 0.625]},
								"west": {"uv": [6, 4], "uv_size": [2.71875, 0.625]},
								"up": {"uv": [9, 13], "uv_size": [0.125, 2.71875]},
								"down": {"uv": [10, 15.71875], "uv_size": [0.125, -2.71875]}
							}
						},
						{
							"origin": [-0.38791, 1.98554, -3.29641],
							"size": [0.1138, 0.42853, 1.0545],
							"pivot": [-0.00964, 2.19981, -2.76918],
							"rotation": [0, 2.5, 90],
							"uv": {
								"north": {"uv": [8, 24], "uv_size": [0.09375, 0.375]},
								"east": {"uv": [14, 8], "uv_size": [0.875, 0.375]},
								"south": {"uv": [24, 8], "uv_size": [0.09375, 0.375]},
								"west": {"uv": [14, 9], "uv_size": [0.875, 0.375]},
								"up": {"uv": [21, 10], "uv_size": [0.09375, 0.875]},
								"down": {"uv": [11, 21.875], "uv_size": [0.09375, -0.875]}
							}
						},
						{
							"origin": [0.31964, 1.82845, -3.29641],
							"size": [0.10545, 0.37493, 1.0545],
							"pivot": [-0.00964, 2.19981, -2.76918],
							"rotation": [-1.2506, -2.1649, -59.9764],
							"uv": {
								"north": {"uv": [25, 3], "uv_size": [0.09375, 0.3125]},
								"east": {"uv": [14, 16], "uv_size": [0.875, 0.3125]},
								"south": {"uv": [4, 25], "uv_size": [0.09375, 0.3125]},
								"west": {"uv": [16, 14], "uv_size": [0.875, 0.3125]},
								"up": {"uv": [21, 9], "uv_size": [0.09375, 0.875]},
								"down": {"uv": [10, 21.875], "uv_size": [0.09375, -0.875]}
							}
						},
						{
							"origin": [-0.44435, 1.82845, -3.29641],
							"size": [0.10545, 0.37493, 1.0545],
							"pivot": [-0.00964, 2.19981, -2.76918],
							"rotation": [-1.2506, 2.1649, 59.9764],
							"uv": {
								"north": {"uv": [25, 2], "uv_size": [0.09375, 0.3125]},
								"east": {"uv": [13, 16], "uv_size": [0.875, 0.3125]},
								"south": {"uv": [3, 25], "uv_size": [0.09375, 0.3125]},
								"west": {"uv": [16, 13], "uv_size": [0.875, 0.3125]},
								"up": {"uv": [21, 8], "uv_size": [0.09375, 0.875]},
								"down": {"uv": [9, 21.875], "uv_size": [0.09375, -0.875]}
							}
						},
						{
							"origin": [0.44707, 1.72064, -3.29641],
							"size": [0.10545, 0.37493, 1.0545],
							"pivot": [-0.00964, 2.19981, -2.76918],
							"rotation": [-2.1654, -1.2497, -29.9764],
							"uv": {
								"north": {"uv": [25, 1], "uv_size": [0.09375, 0.3125]},
								"east": {"uv": [12, 16], "uv_size": [0.875, 0.3125]},
								"south": {"uv": [2, 25], "uv_size": [0.09375, 0.3125]},
								"west": {"uv": [16, 12], "uv_size": [0.875, 0.3125]},
								"up": {"uv": [21, 7], "uv_size": [0.09375, 0.875]},
								"down": {"uv": [8, 21.875], "uv_size": [0.09375, -0.875]}
							}
						},
						{
							"origin": [-0.5718, 1.72064, -3.29641],
							"size": [0.10544, 0.37493, 1.0545],
							"pivot": [-0.00964, 2.19981, -2.76918],
							"rotation": [-2.1654, 1.2497, 29.9764],
							"uv": {
								"north": {"uv": [25, 0], "uv_size": [0.09375, 0.3125]},
								"east": {"uv": [11, 16], "uv_size": [0.875, 0.3125]},
								"south": {"uv": [1, 25], "uv_size": [0.09375, 0.3125]},
								"west": {"uv": [16, 11], "uv_size": [0.875, 0.3125]},
								"up": {"uv": [21, 6], "uv_size": [0.09375, 0.875]},
								"down": {"uv": [7, 21.875], "uv_size": [0.09375, -0.875]}
							}
						},
						{
							"origin": [-0.73607, 1.40977, -3.29641],
							"size": [0.10545, 0.65613, 1.0545],
							"pivot": [-0.00964, 2.19981, -2.76918],
							"rotation": [-2.5, 0, 0],
							"uv": {
								"north": {"uv": [23, 9], "uv_size": [0.09375, 0.5625]},
								"east": {"uv": [12, 7], "uv_size": [0.875, 0.5625]},
								"south": {"uv": [10, 23], "uv_size": [0.09375, 0.5625]},
								"west": {"uv": [8, 12], "uv_size": [0.875, 0.5625]},
								"up": {"uv": [5, 21], "uv_size": [0.09375, 0.875]},
								"down": {"uv": [6, 21.875], "uv_size": [0.09375, -0.875]}
							}
						},
						{
							"origin": [0.61135, 1.40977, -3.29641],
							"size": [0.10544, 0.65613, 1.0545],
							"pivot": [-0.00964, 2.19981, -2.76918],
							"rotation": [-2.5, 0, 0],
							"uv": {
								"north": {"uv": [23, 8], "uv_size": [0.09375, 0.5625]},
								"east": {"uv": [6, 12], "uv_size": [0.875, 0.5625]},
								"south": {"uv": [9, 23], "uv_size": [0.09375, 0.5625]},
								"west": {"uv": [7, 12], "uv_size": [0.875, 0.5625]},
								"up": {"uv": [4, 21], "uv_size": [0.09375, 0.875]},
								"down": {"uv": [21, 4.875], "uv_size": [0.09375, -0.875]}
							}
						},
						{
							"origin": [0.56792, 1.65547, -3.3205],
							"size": [0.09343, 0.35958, 1.04646],
							"pivot": [-0.00964, 1.83525, -2.75626],
							"rotation": [0, 0, -60],
							"uv": {
								"north": {"uv": [24, 24], "uv_size": [0.09375, 0.3125]},
								"east": {"uv": [16, 9], "uv_size": [0.875, 0.3125]},
								"south": {"uv": [0, 25], "uv_size": [0.09375, 0.3125]},
								"west": {"uv": [10, 16], "uv_size": [0.875, 0.3125]},
								"up": {"uv": [3, 21], "uv_size": [0.09375, 0.875]},
								"down": {"uv": [21, 3.875], "uv_size": [0.09375, -0.875]}
							}
						},
						{
							"origin": [-0.68061, 1.65547, -3.3205],
							"size": [0.09343, 0.35958, 1.04646],
							"pivot": [-0.00964, 1.83525, -2.75626],
							"rotation": [0, 0, 90],
							"uv": {
								"north": {"uv": [23, 24], "uv_size": [0.09375, 0.3125]},
								"east": {"uv": [16, 8], "uv_size": [0.875, 0.3125]},
								"south": {"uv": [24, 23], "uv_size": [0.09375, 0.3125]},
								"west": {"uv": [9, 16], "uv_size": [0.875, 0.3125]},
								"up": {"uv": [2, 21], "uv_size": [0.09375, 0.875]},
								"down": {"uv": [21, 2.875], "uv_size": [0.09375, -0.875]}
							}
						},
						{
							"origin": [0.56792, 1.65547, -3.3205],
							"size": [0.09343, 0.35958, 1.04646],
							"pivot": [-0.00964, 1.83525, -2.75626],
							"rotation": [0, 0, -30],
							"uv": {
								"north": {"uv": [22, 24], "uv_size": [0.09375, 0.3125]},
								"east": {"uv": [16, 7], "uv_size": [0.875, 0.3125]},
								"south": {"uv": [24, 22], "uv_size": [0.09375, 0.3125]},
								"west": {"uv": [8, 16], "uv_size": [0.875, 0.3125]},
								"up": {"uv": [1, 21], "uv_size": [0.09375, 0.875]},
								"down": {"uv": [21, 1.875], "uv_size": [0.09375, -0.875]}
							}
						},
						{
							"origin": [0.56792, 1.65547, -3.3205],
							"size": [0.09343, 0.35958, 1.04646],
							"uv": {
								"north": {"uv": [21, 24], "uv_size": [0.09375, 0.3125]},
								"east": {"uv": [16, 6], "uv_size": [0.875, 0.3125]},
								"south": {"uv": [24, 21], "uv_size": [0.09375, 0.3125]},
								"west": {"uv": [7, 16], "uv_size": [0.875, 0.3125]},
								"up": {"uv": [0, 21], "uv_size": [0.09375, 0.875]},
								"down": {"uv": [21, 0.875], "uv_size": [0.09375, -0.875]}
							}
						},
						{
							"origin": [-0.68061, 1.65547, -3.3205],
							"size": [0.09343, 0.35958, 1.04646],
							"pivot": [-0.00964, 1.83525, -2.75626],
							"rotation": [0, 0, 30],
							"uv": {
								"north": {"uv": [20, 24], "uv_size": [0.09375, 0.3125]},
								"east": {"uv": [16, 5], "uv_size": [0.875, 0.3125]},
								"south": {"uv": [24, 20], "uv_size": [0.09375, 0.3125]},
								"west": {"uv": [6, 16], "uv_size": [0.875, 0.3125]},
								"up": {"uv": [20, 19], "uv_size": [0.09375, 0.875]},
								"down": {"uv": [20, 20.875], "uv_size": [0.09375, -0.875]}
							}
						},
						{
							"origin": [0.56792, 1.65547, -3.3205],
							"size": [0.44493, 0.35958, 1.04646],
							"pivot": [-0.00964, 1.83525, -2.75626],
							"rotation": [0, 0, 60],
							"uv": {
								"north": {"uv": [4, 20], "uv_size": [0.375, 0.3125]},
								"east": {"uv": [16, 4], "uv_size": [0.875, 0.3125]},
								"south": {"uv": [20, 4], "uv_size": [0.375, 0.3125]},
								"west": {"uv": [5, 16], "uv_size": [0.875, 0.3125]},
								"up": {"uv": [14, 5], "uv_size": [0.375, 0.875]},
								"down": {"uv": [14, 7.875], "uv_size": [0.375, -0.875]}
							}
						},
						{
							"origin": [-0.7392, 1.65547, -3.3205],
							"size": [0.15202, 0.35958, 1.04646],
							"pivot": [-0.00964, 1.83525, -2.75626],
							"rotation": [0, 0, -30],
							"uv": {
								"north": {"uv": [3, 24], "uv_size": [0.125, 0.3125]},
								"east": {"uv": [16, 2], "uv_size": [0.875, 0.3125]},
								"south": {"uv": [24, 3], "uv_size": [0.125, 0.3125]},
								"west": {"uv": [16, 3], "uv_size": [0.875, 0.3125]},
								"up": {"uv": [20, 8], "uv_size": [0.125, 0.875]},
								"down": {"uv": [9, 20.875], "uv_size": [0.125, -0.875]}
							}
						},
						{
							"origin": [-1.03211, 1.65547, -3.3205],
							"size": [0.44493, 0.35958, 1.04646],
							"pivot": [-0.00964, 1.83525, -2.75626],
							"rotation": [0, 0, -60],
							"uv": {
								"north": {"uv": [3, 20], "uv_size": [0.375, 0.3125]},
								"east": {"uv": [16, 0], "uv_size": [0.875, 0.3125]},
								"south": {"uv": [20, 3], "uv_size": [0.375, 0.3125]},
								"west": {"uv": [16, 1], "uv_size": [0.875, 0.3125]},
								"up": {"uv": [14, 3], "uv_size": [0.375, 0.875]},
								"down": {"uv": [14, 4.875], "uv_size": [0.375, -0.875]}
							}
						},
						{
							"origin": [0.56792, 1.5383, -3.3205],
							"size": [0.32776, 0.59392, 1.04646],
							"pivot": [-0.00964, 1.83525, -2.75626],
							"rotation": [0, 0, 90],
							"uv": {
								"north": {"uv": [3, 19], "uv_size": [0.28125, 0.5]},
								"east": {"uv": [9, 12], "uv_size": [0.875, 0.5]},
								"south": {"uv": [19, 3], "uv_size": [0.28125, 0.5]},
								"west": {"uv": [12, 9], "uv_size": [0.875, 0.5]},
								"up": {"uv": [0, 17], "uv_size": [0.28125, 0.875]},
								"down": {"uv": [17, 0.875], "uv_size": [0.28125, -0.875]}
							}
						},
						{
							"origin": [-0.68061, 1.65547, -3.3205],
							"size": [0.09343, 0.35958, 1.04646],
							"pivot": [-0.00964, 1.83525, -2.75626],
							"rotation": [0, 0, 60],
							"uv": {
								"north": {"uv": [19, 24], "uv_size": [0.09375, 0.3125]},
								"east": {"uv": [15, 14], "uv_size": [0.875, 0.3125]},
								"south": {"uv": [24, 19], "uv_size": [0.09375, 0.3125]},
								"west": {"uv": [15, 15], "uv_size": [0.875, 0.3125]},
								"up": {"uv": [20, 18], "uv_size": [0.09375, 0.875]},
								"down": {"uv": [19, 20.875], "uv_size": [0.09375, -0.875]}
							}
						},
						{
							"origin": [0.56792, 1.65547, -3.3205],
							"size": [0.15202, 0.35958, 1.04646],
							"pivot": [-0.00964, 1.83525, -2.75626],
							"rotation": [0, 0, 30],
							"uv": {
								"north": {"uv": [2, 24], "uv_size": [0.125, 0.3125]},
								"east": {"uv": [15, 13], "uv_size": [0.875, 0.3125]},
								"south": {"uv": [24, 2], "uv_size": [0.125, 0.3125]},
								"west": {"uv": [14, 15], "uv_size": [0.875, 0.3125]},
								"up": {"uv": [20, 7], "uv_size": [0.125, 0.875]},
								"down": {"uv": [8, 20.875], "uv_size": [0.125, -0.875]}
							}
						},
						{
							"origin": [0.4859, 1.14264, -2.49951],
							"size": [0.09343, 0.21898, 0.43719],
							"pivot": [0.5619, 1.18183, -2.16374],
							"rotation": [-45, 0, 0],
							"uv": {
								"north": {"uv": [0, 26], "uv_size": [0.09375, 0.1875]},
								"east": {"uv": [21, 19], "uv_size": [0.375, 0.1875]},
								"south": {"uv": [26, 0], "uv_size": [0.09375, 0.1875]},
								"west": {"uv": [20, 21], "uv_size": [0.375, 0.1875]},
								"up": {"uv": [7, 24], "uv_size": [0.09375, 0.375]},
								"down": {"uv": [24, 7.375], "uv_size": [0.09375, -0.375]}
							}
						},
						{
							"origin": [-0.59859, 1.14264, -2.49951],
							"size": [0.09343, 0.21898, 0.43719],
							"pivot": [-0.58117, 1.18183, -2.16374],
							"rotation": [-45, 0, 0],
							"uv": {
								"north": {"uv": [25, 24], "uv_size": [0.09375, 0.1875]},
								"east": {"uv": [21, 18], "uv_size": [0.375, 0.1875]},
								"south": {"uv": [25, 25], "uv_size": [0.09375, 0.1875]},
								"west": {"uv": [19, 21], "uv_size": [0.375, 0.1875]},
								"up": {"uv": [6, 24], "uv_size": [0.09375, 0.375]},
								"down": {"uv": [24, 6.375], "uv_size": [0.09375, -0.375]}
							}
						},
						{
							"origin": [-0.68061, 1.65547, -3.3205],
							"size": [0.09343, 0.35958, 1.04646],
							"uv": {
								"north": {"uv": [18, 24], "uv_size": [0.09375, 0.3125]},
								"east": {"uv": [15, 11], "uv_size": [0.875, 0.3125]},
								"south": {"uv": [24, 18], "uv_size": [0.09375, 0.3125]},
								"west": {"uv": [15, 12], "uv_size": [0.875, 0.3125]},
								"up": {"uv": [20, 17], "uv_size": [0.09375, 0.875]},
								"down": {"uv": [18, 20.875], "uv_size": [0.09375, -0.875]}
							}
						},
						{
							"origin": [-0.75951, 0.26185, -3.33039],
							"size": [1.49974, 0.87876, 1.06622],
							"uv": {
								"north": {"uv": [5, 9], "uv_size": [1.25, 0.75]},
								"east": {"uv": [11, 3], "uv_size": [0.90625, 0.75]},
								"south": {"uv": [7, 9], "uv_size": [1.25, 0.75]},
								"west": {"uv": [4, 11], "uv_size": [0.90625, 0.75]},
								"up": {"uv": [8, 7], "uv_size": [1.25, 0.90625]},
								"down": {"uv": [8, 8.90625], "uv_size": [1.25, -0.90625]}
							}
						},
						{
							"origin": [-0.73607, 1.1406, -3.33039],
							"size": [0.2812, 0.29291, 1.0545],
							"uv": {
								"north": {"uv": [9, 22], "uv_size": [0.25, 0.25]},
								"east": {"uv": [11, 17], "uv_size": [0.875, 0.25]},
								"south": {"uv": [22, 9], "uv_size": [0.25, 0.25]},
								"west": {"uv": [17, 11], "uv_size": [0.875, 0.25]},
								"up": {"uv": [12, 17], "uv_size": [0.25, 0.875]},
								"down": {"uv": [17, 12.875], "uv_size": [0.25, -0.875]}
							}
						},
						{
							"origin": [0.4356, 1.1406, -3.33039],
							"size": [0.2812, 0.29291, 1.0545],
							"uv": {
								"north": {"uv": [8, 22], "uv_size": [0.25, 0.25]},
								"east": {"uv": [9, 17], "uv_size": [0.875, 0.25]},
								"south": {"uv": [22, 8], "uv_size": [0.25, 0.25]},
								"west": {"uv": [17, 9], "uv_size": [0.875, 0.25]},
								"up": {"uv": [10, 17], "uv_size": [0.25, 0.875]},
								"down": {"uv": [17, 10.875], "uv_size": [0.25, -0.875]}
							}
						},
						{
							"origin": [-0.73607, 0.55391, -1.15808],
							"size": [0.2812, 0.23434, 0.93733],
							"pivot": [-0.59546, 0.70037, -0.68941],
							"rotation": [15, 0, 0],
							"uv": {
								"north": {"uv": [23, 11], "uv_size": [0.25, 0.1875]},
								"east": {"uv": [2, 19], "uv_size": [0.78125, 0.1875]},
								"south": {"uv": [12, 23], "uv_size": [0.25, 0.1875]},
								"west": {"uv": [19, 2], "uv_size": [0.78125, 0.1875]},
								"up": {"uv": [14, 17], "uv_size": [0.25, 0.78125]},
								"down": {"uv": [17, 14.78125], "uv_size": [0.25, -0.78125]}
							}
						},
						{
							"origin": [-0.73842, 0.4376, -2.04155],
							"size": [0.28355, 0.23433, 0.93733],
							"uv": {
								"north": {"uv": [23, 10], "uv_size": [0.25, 0.1875]},
								"east": {"uv": [1, 19], "uv_size": [0.78125, 0.1875]},
								"south": {"uv": [11, 23], "uv_size": [0.25, 0.1875]},
								"west": {"uv": [19, 1], "uv_size": [0.78125, 0.1875]},
								"up": {"uv": [13, 17], "uv_size": [0.25, 0.78125]},
								"down": {"uv": [17, 13.78125], "uv_size": [0.25, -0.78125]}
							}
						},
						{
							"origin": [-0.75951, 1.05378, -2.12251],
							"size": [0.2812, 0.09162, 0.09162],
							"pivot": [-0.6189, 0.95899, -1.98296],
							"rotation": [-45, 0, 0],
							"uv": {
								"north": {"uv": [14, 26], "uv_size": [0.25, 0.0625]},
								"east": {"uv": [23, 26], "uv_size": [0.0625, 0.0625]},
								"south": {"uv": [26, 14], "uv_size": [0.25, 0.0625]},
								"west": {"uv": [26, 23], "uv_size": [0.0625, 0.0625]},
								"up": {"uv": [15, 26], "uv_size": [0.25, 0.0625]},
								"down": {"uv": [26, 15.0625], "uv_size": [0.25, -0.0625]}
							}
						},
						{
							"origin": [-0.75951, 0.56169, -1.88817],
							"size": [0.2812, 0.09162, 0.09162],
							"pivot": [-0.6189, 0.70123, -1.98296],
							"rotation": [-45, 0, 0],
							"uv": {
								"north": {"uv": [12, 26], "uv_size": [0.25, 0.0625]},
								"east": {"uv": [22, 26], "uv_size": [0.0625, 0.0625]},
								"south": {"uv": [26, 12], "uv_size": [0.25, 0.0625]},
								"west": {"uv": [26, 22], "uv_size": [0.0625, 0.0625]},
								"up": {"uv": [13, 26], "uv_size": [0.25, 0.0625]},
								"down": {"uv": [26, 13.0625], "uv_size": [0.25, -0.0625]}
							}
						},
						{
							"origin": [-0.88838, 0.80773, -0.77509],
							"size": [0.3515, 0.16192, 0.16192],
							"pivot": [-0.67749, 0.78324, -0.63554],
							"rotation": [-45, 0, 0],
							"uv": {
								"north": {"uv": [4, 24], "uv_size": [0.28125, 0.125]},
								"east": {"uv": [11, 26], "uv_size": [0.125, 0.125]},
								"south": {"uv": [24, 4], "uv_size": [0.28125, 0.125]},
								"west": {"uv": [26, 11], "uv_size": [0.125, 0.125]},
								"up": {"uv": [5, 24], "uv_size": [0.28125, 0.125]},
								"down": {"uv": [24, 5.125], "uv_size": [0.28125, -0.125]}
							}
						},
						{
							"origin": [-0.75951, 1.05378, -0.18926],
							"size": [0.2812, 0.09162, 0.09162],
							"pivot": [-0.6189, 0.95899, -0.04972],
							"rotation": [-45, 0, 0],
							"uv": {
								"north": {"uv": [9, 26], "uv_size": [0.25, 0.0625]},
								"east": {"uv": [21, 26], "uv_size": [0.0625, 0.0625]},
								"south": {"uv": [26, 9], "uv_size": [0.25, 0.0625]},
								"west": {"uv": [26, 21], "uv_size": [0.0625, 0.0625]},
								"up": {"uv": [10, 26], "uv_size": [0.25, 0.0625]},
								"down": {"uv": [26, 10.0625], "uv_size": [0.25, -0.0625]}
							}
						},
						{
							"origin": [-0.75951, 0.77258, 0.04508],
							"size": [0.2812, 0.09162, 0.09162],
							"pivot": [-0.6189, 0.91213, -0.04972],
							"rotation": [-45, 0, 0],
							"uv": {
								"north": {"uv": [7, 26], "uv_size": [0.25, 0.0625]},
								"east": {"uv": [20, 26], "uv_size": [0.0625, 0.0625]},
								"south": {"uv": [26, 7], "uv_size": [0.25, 0.0625]},
								"west": {"uv": [26, 20], "uv_size": [0.0625, 0.0625]},
								"up": {"uv": [8, 26], "uv_size": [0.25, 0.0625]},
								"down": {"uv": [26, 8.0625], "uv_size": [0.25, -0.0625]}
							}
						},
						{
							"origin": [-0.75951, 1.05378, 0.98241],
							"size": [0.2812, 0.09162, 0.09162],
							"pivot": [-0.6189, 0.95899, 1.12196],
							"rotation": [-45, 0, 0],
							"uv": {
								"north": {"uv": [5, 26], "uv_size": [0.25, 0.0625]},
								"east": {"uv": [19, 26], "uv_size": [0.0625, 0.0625]},
								"south": {"uv": [26, 5], "uv_size": [0.25, 0.0625]},
								"west": {"uv": [26, 19], "uv_size": [0.0625, 0.0625]},
								"up": {"uv": [6, 26], "uv_size": [0.25, 0.0625]},
								"down": {"uv": [26, 6.0625], "uv_size": [0.25, -0.0625]}
							}
						},
						{
							"origin": [-0.75951, 0.77258, 1.21674],
							"size": [0.2812, 0.09162, 0.09162],
							"pivot": [-0.6189, 0.91213, 1.12196],
							"rotation": [-45, 0, 0],
							"uv": {
								"north": {"uv": [3, 26], "uv_size": [0.25, 0.0625]},
								"east": {"uv": [18, 26], "uv_size": [0.0625, 0.0625]},
								"south": {"uv": [26, 3], "uv_size": [0.25, 0.0625]},
								"west": {"uv": [26, 18], "uv_size": [0.0625, 0.0625]},
								"up": {"uv": [4, 26], "uv_size": [0.25, 0.0625]},
								"down": {"uv": [26, 4.0625], "uv_size": [0.25, -0.0625]}
							}
						},
						{
							"origin": [-0.65052, 0.84769, 0.30706],
							"size": [0.1456, 0.17576, 0.1456],
							"pivot": [-0.64552, 0.96486, 0.10115],
							"rotation": [0, -45, 0],
							"uv": {
								"north": {"uv": [25, 22], "uv_size": [0.125, 0.15625]},
								"east": {"uv": [23, 25], "uv_size": [0.125, 0.15625]},
								"south": {"uv": [25, 23], "uv_size": [0.125, 0.15625]},
								"west": {"uv": [24, 25], "uv_size": [0.125, 0.15625]},
								"up": {"uv": [2, 26], "uv_size": [0.125, 0.125]},
								"down": {"uv": [26, 2.125], "uv_size": [0.125, -0.125]}
							}
						},
						{
							"origin": [-0.65052, 0.84769, 0.80416],
							"size": [0.1456, 0.17576, 0.1456],
							"pivot": [-0.64552, 0.96486, 0.59825],
							"rotation": [0, -45, 0],
							"uv": {
								"north": {"uv": [25, 20], "uv_size": [0.125, 0.15625]},
								"east": {"uv": [21, 25], "uv_size": [0.125, 0.15625]},
								"south": {"uv": [25, 21], "uv_size": [0.125, 0.15625]},
								"west": {"uv": [22, 25], "uv_size": [0.125, 0.15625]},
								"up": {"uv": [1, 26], "uv_size": [0.125, 0.125]},
								"down": {"uv": [26, 1.125], "uv_size": [0.125, -0.125]}
							}
						},
						{
							"origin": [-0.79466, 0.84769, 0.24321],
							"size": [0.2812, 0.17576, 0.703],
							"uv": {
								"north": {"uv": [1, 24], "uv_size": [0.25, 0.15625]},
								"east": {"uv": [20, 15], "uv_size": [0.59375, 0.15625]},
								"south": {"uv": [24, 1], "uv_size": [0.25, 0.15625]},
								"west": {"uv": [16, 20], "uv_size": [0.59375, 0.15625]},
								"up": {"uv": [0, 19], "uv_size": [0.25, 0.59375]},
								"down": {"uv": [19, 0.59375], "uv_size": [0.25, -0.59375]}
							}
						},
						{
							"origin": [-0.73842, 0.67193, -2.04155],
							"size": [0.28355, 0.52725, 3.28067],
							"uv": {
								"north": {"uv": [20, 6], "uv_size": [0.25, 0.4375]},
								"east": {"uv": [5, 8], "uv_size": [2.75, 0.4375]},
								"south": {"uv": [7, 20], "uv_size": [0.25, 0.4375]},
								"west": {"uv": [8, 6], "uv_size": [2.75, 0.4375]},
								"up": {"uv": [3, 5], "uv_size": [0.25, 2.75]},
								"down": {"uv": [0, 13.75], "uv_size": [0.25, -2.75]}
							}
						},
						{
							"origin": [-0.73607, 0.26185, -2.27589],
							"size": [1.45286, 0.11717, 4.92101],
							"uv": {
								"north": {"uv": [5, 20], "uv_size": [1.21875, 0.09375]},
								"east": {"uv": [10, 12], "uv_size": [4.15625, 0.09375]},
								"south": {"uv": [20, 5], "uv_size": [1.21875, 0.09375]},
								"west": {"uv": [12, 10], "uv_size": [4.15625, 0.09375]},
								"up": {"uv": [0, 0], "uv_size": [1.21875, 4.15625]},
								"down": {"uv": [2, 4.15625], "uv_size": [1.21875, -4.15625]}
							}
						},
						{
							"origin": [-0.59546, 0.02752, -1.98296],
							"size": [1.17167, 0.23434, 4.45234],
							"uv": {
								"north": {"uv": [17, 15], "uv_size": [1, 0.1875]},
								"east": {"uv": [8, 10], "uv_size": [3.75, 0.1875]},
								"south": {"uv": [17, 16], "uv_size": [1, 0.1875]},
								"west": {"uv": [10, 8], "uv_size": [3.75, 0.1875]},
								"up": {"uv": [4, 0], "uv_size": [1, 3.75]},
								"down": {"uv": [4, 7.75], "uv_size": [1, -3.75]}
							}
						},
						{
							"origin": [0.63479, -0.57964, -1.76995],
							"size": [0.18747, 0.4243, 0.4243],
							"pivot": [1.16204, -0.14824, -1.33855],
							"rotation": [-45, 0, 0],
							"uv": {
								"north": {"uv": [23, 2], "uv_size": [0.15625, 0.34375]},
								"east": {"uv": [2, 20], "uv_size": [0.34375, 0.34375]},
								"south": {"uv": [3, 23], "uv_size": [0.15625, 0.34375]},
								"west": {"uv": [20, 2], "uv_size": [0.34375, 0.34375]},
								"up": {"uv": [23, 3], "uv_size": [0.15625, 0.34375]},
								"down": {"uv": [4, 23.34375], "uv_size": [0.15625, -0.34375]}
							}
						},
						{
							"origin": [0.63479, -0.57964, 1.97939],
							"size": [0.18747, 0.4243, 0.4243],
							"pivot": [1.16204, -0.14824, 2.41079],
							"rotation": [-45, 0, 0],
							"uv": {
								"north": {"uv": [23, 0], "uv_size": [0.15625, 0.34375]},
								"east": {"uv": [1, 20], "uv_size": [0.34375, 0.34375]},
								"south": {"uv": [1, 23], "uv_size": [0.15625, 0.34375]},
								"west": {"uv": [20, 1], "uv_size": [0.34375, 0.34375]},
								"up": {"uv": [23, 1], "uv_size": [0.15625, 0.34375]},
								"down": {"uv": [2, 23.34375], "uv_size": [0.15625, -0.34375]}
							}
						},
						{
							"origin": [-0.65404, -0.46247, 2.09656],
							"size": [1.28883, 0.18998, 0.18998],
							"pivot": [-0.00964, -0.14824, 2.41079],
							"rotation": [-45, 0, 0],
							"uv": {
								"north": {"uv": [9, 18], "uv_size": [1.09375, 0.15625]},
								"east": {"uv": [25, 7], "uv_size": [0.15625, 0.15625]},
								"south": {"uv": [18, 9], "uv_size": [1.09375, 0.15625]},
								"west": {"uv": [8, 25], "uv_size": [0.15625, 0.15625]},
								"up": {"uv": [18, 10], "uv_size": [1.09375, 0.15625]},
								"down": {"uv": [11, 18.15625], "uv_size": [1.09375, -0.15625]}
							}
						},
						{
							"origin": [-0.65404, -0.46247, -1.65278],
							"size": [1.28883, 0.18998, 0.18998],
							"pivot": [-0.00964, -0.14824, -1.33855],
							"rotation": [-45, 0, 0],
							"uv": {
								"north": {"uv": [18, 4], "uv_size": [1.09375, 0.15625]},
								"east": {"uv": [25, 6], "uv_size": [0.15625, 0.15625]},
								"south": {"uv": [18, 5], "uv_size": [1.09375, 0.15625]},
								"west": {"uv": [7, 25], "uv_size": [0.15625, 0.15625]},
								"up": {"uv": [18, 6], "uv_size": [1.09375, 0.15625]},
								"down": {"uv": [7, 18.15625], "uv_size": [1.09375, -0.15625]}
							}
						},
						{
							"origin": [-0.59546, -0.32399, -1.98296],
							"size": [1.17167, 0.3515, 0.70301],
							"uv": {
								"north": {"uv": [15, 5], "uv_size": [1, 0.28125]},
								"east": {"uv": [18, 11], "uv_size": [0.59375, 0.28125]},
								"south": {"uv": [15, 7], "uv_size": [1, 0.28125]},
								"west": {"uv": [18, 12], "uv_size": [0.59375, 0.28125]},
								"up": {"uv": [3, 12], "uv_size": [1, 0.59375]},
								"down": {"uv": [12, 3.59375], "uv_size": [1, -0.59375]}
							}
						}
					]
				},
				{
					"name": "ocular",
					"pivot": [-0.01201, 1.77615, -2.84075],
					"cubes": [
						{
							"origin": [-0.13414, 1.23813, -2.66075],
							"size": [0.24427, 1.22803, 0],
							"pivot": [-0.01201, 1.85215, -2.66075],
							"rotation": [0, 0, -45],
							"uv": {
								"south": {"uv": [17, 1], "uv_size": [0.21875, 1.03125]}
							}
						},
						{
							"origin": [-0.13414, 1.23813, -2.66075],
							"size": [0.24427, 1.22803, 0],
							"pivot": [-0.01201, 1.85215, -2.66075],
							"rotation": [0, 0, -22.5],
							"uv": {
								"south": {"uv": [17, 3], "uv_size": [0.21875, 1.03125]}
							}
						},
						{
							"origin": [-0.13414, 1.23813, -2.66075],
							"size": [0.24427, 1.22803, 0],
							"uv": {
								"south": {"uv": [5, 17], "uv_size": [0.21875, 1.03125]}
							}
						},
						{
							"origin": [-0.13414, 1.23813, -2.66075],
							"size": [0.24427, 1.22803, 0],
							"pivot": [-0.01201, 1.85215, -2.66075],
							"rotation": [0, 0, 22.5],
							"uv": {
								"south": {"uv": [17, 5], "uv_size": [0.21875, 1.03125]}
							}
						},
						{
							"origin": [-0.13414, 1.23813, -2.66075],
							"size": [0.24427, 1.22803, 0],
							"pivot": [-0.01201, 1.85215, -2.66075],
							"rotation": [0, 0, 45],
							"uv": {
								"south": {"uv": [6, 17], "uv_size": [0.21875, 1.03125]}
							}
						},
						{
							"origin": [-0.62602, 1.73, -2.66075],
							"size": [1.22803, 0.24427, 0],
							"pivot": [-0.01201, 1.85215, -2.66075],
							"rotation": [0, 0, -22.5],
							"uv": {
								"south": {"uv": [7, 17], "uv_size": [1.03125, 0.21875]}
							}
						},
						{
							"origin": [-0.62602, 1.73, -2.66075],
							"size": [1.22803, 0.24427, 0],
							"uv": {
								"south": {"uv": [17, 7], "uv_size": [1.03125, 0.21875]}
							}
						},
						{
							"origin": [-0.62602, 1.73, -2.66075],
							"size": [1.22803, 0.24427, 0],
							"pivot": [-0.01201, 1.85215, -2.66075],
							"rotation": [0, 0, 22.5],
							"uv": {
								"south": {"uv": [17, 8], "uv_size": [1.03125, 0.21875]}
							}
						}
					]
				},
				{
					"name": "scope_view",
					"pivot": [-0.01201, 1.8062, 10.1366]
				},
				{
					"name": "division",
					"pivot": [-0.01201, -2.43494, -468.88465]
				},
				{
					"name": "division_illuminated",
					"parent": "division",
					"pivot": [-0.01201, 1.23162, -469.44278],
					"cubes": [
						{
							"origin": [-0.26721, -0.05149, -468.8359],
							"size": [0.51047, 2.56603, 0],
							"pivot": [-0.01201, 1.23155, -469.4775],
							"rotation": [0, 0, -67.5],
							"uv": {
								"south": {"uv": [25, 16], "uv_size": [0.0625, 0.34375]}
							}
						},
						{
							"origin": [-0.26721, -0.05149, -468.8359],
							"size": [0.51047, 2.56603, 0],
							"pivot": [-0.01201, 1.23155, -469.4775],
							"rotation": [0, 0, -135],
							"uv": {
								"south": {"uv": [17, 25], "uv_size": [0.0625, 0.34375]}
							}
						},
						{
							"origin": [-0.26721, -0.05149, -468.8359],
							"size": [0.51047, 2.56603, 0],
							"pivot": [-0.01201, 1.23155, -469.4775],
							"rotation": [0, 0, -157.5],
							"uv": {
								"south": {"uv": [25, 17], "uv_size": [0.0625, 0.34375]}
							}
						},
						{
							"origin": [-0.26721, -0.05149, -468.8359],
							"size": [0.51047, 2.56603, 0],
							"pivot": [-0.01201, 1.23155, -469.4775],
							"rotation": [0, 0, -90],
							"uv": {
								"south": {"uv": [18, 25], "uv_size": [0.0625, 0.34375]}
							}
						},
						{
							"origin": [-0.26721, -0.05149, -468.8359],
							"size": [0.51047, 2.56603, 0],
							"pivot": [-0.01201, 1.23155, -469.4775],
							"rotation": [0, 0, -112.5],
							"uv": {
								"south": {"uv": [25, 18], "uv_size": [0.0625, 0.34375]}
							}
						},
						{
							"origin": [-0.26721, -0.05149, -468.8359],
							"size": [0.51047, 2.56603, 0],
							"pivot": [-0.01201, 1.23155, -469.4775],
							"rotation": [0, 0, -45],
							"uv": {
								"south": {"uv": [19, 25], "uv_size": [0.0625, 0.34375]}
							}
						},
						{
							"origin": [-0.26721, -0.05149, -468.8359],
							"size": [0.51047, 2.56603, 0],
							"pivot": [-0.01201, 1.23155, -469.4775],
							"rotation": [0, 0, -22.5],
							"uv": {
								"south": {"uv": [25, 19], "uv_size": [0.0625, 0.34375]}
							}
						},
						{
							"origin": [-0.26721, -0.05149, -468.8359],
							"size": [0.51047, 2.56603, 0],
							"uv": {
								"south": {"uv": [20, 25], "uv_size": [0.0625, 0.34375]}
							}
						},
						{
							"origin": [-0.63177, -5.30396, -468.88465],
							"size": [1.23959, 4.16834, 0],
							"pivot": [-0.01201, -1.75544, -474.55138],
							"rotation": [0, 0, -45],
							"uv": {
								"south": {"uv": [19, 18], "uv_size": [0.1875, 0.65625]}
							}
						},
						{
							"origin": [-1.66721, -4.87506, -468.88465],
							"size": [1.23959, 4.16834, 0],
							"pivot": [-1.04745, -2.79089, -468.88465],
							"rotation": [0, 0, 45],
							"uv": {
								"south": {"uv": [19, 19], "uv_size": [0.1875, 0.65625]}
							}
						}
					]
				}
			]
		}
	]
}