{
	"format_version": "1.12.0",
	"minecraft:geometry": [
		{
			"description": {
				"identifier": "geometry.stock_carbon_bone_c5",
				"texture_width": 128,
				"texture_height": 128,
				"visible_bounds_width": 3,
				"visible_bounds_height": 1.5,
				"visible_bounds_offset": [0, 0.25, 0]
			},
			"bones": [
				{
					"name": "stock",
					"pivot": [0.1173, 7.53698, 10.34661],
					"cubes": [
						{
							"origin": [-0.31011, -0.26763, -0.26136],
							"size": [0.62283, 1.22611, 8.28325],
							"uv": {
								"north": {"uv": [45, 65], "uv_size": [3, 5]},
								"up": {"uv": [23, 12], "uv_size": [3, 35]}
							}
						},
						{
							"origin": [-0.36759, 0.24966, 8.01532],
							"size": [0.73778, 0.70882, 0.69629],
							"uv": {
								"south": {"uv": [17, 72], "uv_size": [3, 3]},
								"up": {"uv": [0, 73], "uv_size": [3, 3]}
							}
						},
						{
							"origin": [0.22461, -0.00129, 8.01532],
							"size": [0.39292, 0.84677, 0.69629],
							"pivot": [0.30612, 0.49106, 8.36347],
							"rotation": [0, 0, -33.5],
							"uv": {
								"east": {"uv": [0, 68], "uv_size": [3, 4]},
								"south": {"uv": [73, 46], "uv_size": [2, 4]},
								"west": {"uv": [69, 43], "uv_size": [3, 4]}
							}
						},
						{
							"origin": [-0.653, 0.01017, 8.01532],
							"size": [0.39292, 0.84677, 0.69629],
							"pivot": [-0.34159, 0.43355, 8.36347],
							"rotation": [0, 0, 33.5],
							"uv": {
								"east": {"uv": [69, 48], "uv_size": [3, 4]},
								"south": {"uv": [59, 73], "uv_size": [2, 4]},
								"west": {"uv": [49, 69], "uv_size": [3, 4]}
							}
						},
						{
							"origin": [-0.83495, -3.25644, 8.01532],
							"size": [1.6725, 3.50881, 0.69629],
							"uv": {
								"north": {"uv": [27, 12], "uv_size": [7, 15]},
								"east": {"uv": [22, 52], "uv_size": [3, 15]},
								"south": {"uv": [27, 28], "uv_size": [7, 15]},
								"west": {"uv": [26, 52], "uv_size": [3, 15]},
								"up": {"uv": [27, 44], "uv_size": [7, 3]},
								"down": {"uv": [30, 65], "uv_size": [7, -3]}
							}
						},
						{
							"origin": [-0.54757, -5.19991, 7.50388],
							"size": [1.09773, 2.12937, 0.69628],
							"pivot": [0.0013, -4.82495, 7.85202],
							"rotation": [-17.5, 0, 0],
							"uv": {
								"north": {"uv": [50, 37], "uv_size": [5, 9]},
								"east": {"uv": [56, 37], "uv_size": [3, 9]},
								"south": {"uv": [30, 52], "uv_size": [5, 9]},
								"west": {"uv": [56, 47], "uv_size": [3, 9]},
								"up": {"uv": [66, 23], "uv_size": [5, 3]},
								"down": {"uv": [30, 69], "uv_size": [5, -3]}
							}
						},
						{
							"origin": [-0.54757, -5.36507, 7.33317],
							"size": [1.09773, 0.52001, 0.17899],
							"pivot": [0.0013, -5.22002, 7.39393],
							"rotation": [-45, 0, 0],
							"uv": {
								"north": {"uv": [21, 71], "uv_size": [5, 2]},
								"east": {"uv": [15, 69], "uv_size": [1, 2]},
								"south": {"uv": [67, 71], "uv_size": [5, 2]},
								"west": {"uv": [38, 79], "uv_size": [1, 2]},
								"up": {"uv": [50, 47], "uv_size": [5, 1]},
								"down": {"uv": [77, 69], "uv_size": [5, -1]}
							}
						},
						{
							"origin": [-0.54757, -5.22957, 6.85779],
							"size": [1.09773, 0.33608, 0.17899],
							"pivot": [0.0013, -5.08452, 6.97603],
							"rotation": [25, 0, 0],
							"uv": {
								"north": {"uv": [17, 79], "uv_size": [5, 1]},
								"east": {"uv": [8, 64], "uv_size": [1, 1]},
								"south": {"uv": [79, 20], "uv_size": [5, 1]},
								"west": {"uv": [28, 68], "uv_size": [1, 1]},
								"up": {"uv": [23, 79], "uv_size": [5, 1]},
								"down": {"uv": [29, 80], "uv_size": [5, -1]}
							}
						},
						{
							"origin": [-0.54757, -5.37735, 6.95768],
							"size": [1.09773, 0.20963, 0.46638],
							"pivot": [0.0013, -5.2323, 7.30582],
							"rotation": [-17.5, 0, 0],
							"uv": {
								"north": {"uv": [42, 79], "uv_size": [5, 1]},
								"east": {"uv": [45, 77], "uv_size": [2, 1]},
								"south": {"uv": [79, 43], "uv_size": [5, 1]},
								"west": {"uv": [4, 80], "uv_size": [2, 1]},
								"up": {"uv": [72, 0], "uv_size": [5, 2]},
								"down": {"uv": [72, 5], "uv_size": [5, -2]}
							}
						},
						{
							"origin": [0.39883, -5.2229, 7.71772],
							"size": [0.29306, 2.15235, 0.69629],
							"pivot": [0.54536, -4.14673, 8.06586],
							"rotation": [-17.35932, 2.24944, 7.15656],
							"uv": {
								"north": {"uv": [40, 70], "uv_size": [1, 9]},
								"east": {"uv": [56, 57], "uv_size": [3, 9]},
								"south": {"uv": [53, 73], "uv_size": [1, 9]},
								"west": {"uv": [4, 60], "uv_size": [3, 9]},
								"up": {"uv": [8, 60], "uv_size": [1, 3]},
								"down": {"uv": [36, 69], "uv_size": [1, -3]}
							}
						},
						{
							"origin": [-0.68929, -5.2229, 7.71772],
							"size": [0.29306, 2.15235, 0.69628],
							"pivot": [-0.54276, -4.14673, 8.06586],
							"rotation": [-17.35932, -2.24944, -7.15656],
							"uv": {
								"north": {"uv": [55, 73], "uv_size": [1, 9]},
								"east": {"uv": [60, 37], "uv_size": [3, 9]},
								"south": {"uv": [57, 73], "uv_size": [1, 9]},
								"west": {"uv": [60, 47], "uv_size": [3, 9]},
								"up": {"uv": [51, 74], "uv_size": [1, 3]},
								"down": {"uv": [51, 81], "uv_size": [1, -3]}
							}
						},
						{
							"origin": [-0.31011, 1.13091, 6.17606],
							"size": [0.62283, 0.19153, 1.55844],
							"uv": {
								"east": {"uv": [72, 26], "uv_size": [7, 1]},
								"west": {"uv": [73, 51], "uv_size": [7, 1]},
								"up": {"uv": [38, 62], "uv_size": [3, 7]},
								"down": {"uv": [64, 44], "uv_size": [3, -7]}
							}
						},
						{
							"origin": [-0.31011, 0.50991, 7.31152],
							"size": [0.62283, 0.19153, 0.45488],
							"pivot": [0.0013, 0.60567, 8.11948],
							"rotation": [-55, 0, 0],
							"uv": {
								"east": {"uv": [80, 12], "uv_size": [2, 1]},
								"west": {"uv": [80, 14], "uv_size": [2, 1]},
								"up": {"uv": [75, 20], "uv_size": [3, 2]},
								"down": {"uv": [76, 14], "uv_size": [3, -2]}
							}
						},
						{
							"origin": [-0.31011, 0.98073, 5.89906],
							"size": [0.62283, 0.19153, 0.45488],
							"pivot": [0.0013, 1.0765, 6.12076],
							"rotation": [55, 0, 0],
							"uv": {
								"east": {"uv": [80, 16], "uv_size": [2, 1]},
								"west": {"uv": [80, 26], "uv_size": [2, 1]},
								"up": {"uv": [76, 15], "uv_size": [3, 2]},
								"down": {"uv": [17, 78], "uv_size": [3, -2]}
							}
						},
						{
							"origin": [-1.45271, -0.9671, 0.19845],
							"size": [2.90802, 0.47072, 7.82343],
							"uv": {
								"north": {"uv": [59, 0], "uv_size": [12, 2]},
								"east": {"uv": [44, 6], "uv_size": [33, 2]},
								"south": {"uv": [59, 3], "uv_size": [12, 2]},
								"west": {"uv": [44, 9], "uv_size": [33, 2]}
							}
						},
						{
							"origin": [-1.03857, -1.38124, 0.19845],
							"size": [2.07975, 0.47072, 7.82343],
							"uv": {
								"north": {"uv": [64, 57], "uv_size": [9, 2]},
								"south": {"uv": [64, 60], "uv_size": [9, 2]},
								"down": {"uv": [0, 33], "uv_size": [9, -33]}
							}
						},
						{
							"origin": [-0.17642, -2.07096, 1.06061],
							"size": [0.35544, 0.70063, 6.96128],
							"uv": {
								"north": {"uv": [76, 46], "uv_size": [2, 3]},
								"east": {"uv": [35, 20], "uv_size": [30, 3]},
								"west": {"uv": [35, 24], "uv_size": [30, 3]}
							}
						},
						{
							"origin": [-0.2339, -1.91002, 1.16407],
							"size": [0.47039, 0.37935, 0.37935],
							"pivot": [0.0013, -1.76058, 1.37098],
							"rotation": [-45, 0, 0],
							"uv": {
								"north": {"uv": [35, 79], "uv_size": [2, 2]},
								"east": {"uv": [79, 45], "uv_size": [2, 2]},
								"south": {"uv": [48, 79], "uv_size": [2, 2]},
								"west": {"uv": [79, 48], "uv_size": [2, 2]},
								"up": {"uv": [63, 79], "uv_size": [2, 2]},
								"down": {"uv": [66, 81], "uv_size": [2, -2]}
							}
						},
						{
							"origin": [-0.7031, -2.55517, 6.38392],
							"size": [1.40879, 0.37935, 0.37935],
							"pivot": [0.0013, -2.40573, 6.59083],
							"rotation": [-45, 0, 0],
							"uv": {
								"north": {"uv": [35, 79], "uv_size": [2, 2]},
								"east": {"uv": [79, 45], "uv_size": [2, 2]},
								"south": {"uv": [48, 79], "uv_size": [2, 2]},
								"west": {"uv": [79, 48], "uv_size": [2, 2]},
								"up": {"uv": [63, 79], "uv_size": [2, 2]},
								"down": {"uv": [66, 81], "uv_size": [2, -2]}
							}
						},
						{
							"origin": [-0.17642, -3.12795, 4.80811],
							"size": [0.35544, 1.05699, 3.21378],
							"uv": {
								"north": {"uv": [45, 71], "uv_size": [2, 5]},
								"east": {"uv": [35, 43], "uv_size": [14, 5]},
								"south": {"uv": [8, 72], "uv_size": [2, 5]},
								"west": {"uv": [44, 0], "uv_size": [14, 5]},
								"up": {"uv": [50, 52], "uv_size": [2, 14]},
								"down": {"uv": [53, 66], "uv_size": [2, -14]}
							}
						},
						{
							"origin": [-0.40633, -2.09336, 5.26792],
							"size": [0.81525, 0.13736, 2.75396],
							"uv": {
								"east": {"uv": [69, 53], "uv_size": [12, 1]},
								"west": {"uv": [69, 55], "uv_size": [12, 1]},
								"up": {"uv": [42, 52], "uv_size": [3, 12]},
								"down": {"uv": [46, 64], "uv_size": [3, -12]}
							}
						},
						{
							"origin": [-0.40633, -3.22292, 5.5081],
							"size": [0.81525, 0.13736, 0.45488],
							"pivot": [0.0013, -3.15424, 4.586],
							"rotation": [57.5, 0, 0],
							"uv": {
								"east": {"uv": [80, 70], "uv_size": [2, 1]},
								"west": {"uv": [80, 72], "uv_size": [2, 1]},
								"up": {"uv": [76, 70], "uv_size": [3, 2]},
								"down": {"uv": [71, 78], "uv_size": [3, -2]}
							}
						},
						{
							"origin": [-0.57876, -4.32709, 4.8529],
							"size": [1.16012, 2.03077, 0.45021],
							"pivot": [0.0013, -3.31004, 5.17231],
							"rotation": [-5, 0, 0],
							"uv": {
								"north": {"uv": [36, 52], "uv_size": [5, 9]},
								"east": {"uv": [64, 63], "uv_size": [2, 9]},
								"west": {"uv": [42, 65], "uv_size": [2, 9]},
								"up": {"uv": [11, 72], "uv_size": [5, 2]}
							}
						},
						{
							"origin": [-0.5852, -4.75931, 5.01423],
							"size": [1.173, 2.08008, 2.76546],
							"pivot": [0.0013, -3.71927, 6.39695],
							"rotation": [-17.5, 0, 0],
							"uv": {
								"east": {"uv": [10, 12], "uv_size": [12, 9]},
								"west": {"uv": [10, 22], "uv_size": [12, 9]},
								"up": {"uv": [4, 34], "uv_size": [5, 12]},
								"down": {"uv": [4, 59], "uv_size": [5, -12]}
							}
						},
						{
							"origin": [-0.69371, -2.30087, 1.52042],
							"size": [1.39002, 0.24082, 3.28275],
							"uv": {
								"north": {"uv": [75, 41], "uv_size": [6, 1]},
								"east": {"uv": [49, 67], "uv_size": [14, 1]},
								"south": {"uv": [76, 18], "uv_size": [6, 1]},
								"west": {"uv": [67, 63], "uv_size": [14, 1]},
								"up": {"uv": [35, 28], "uv_size": [6, 14]},
								"down": {"uv": [42, 42], "uv_size": [6, -14]}
							}
						},
						{
							"origin": [-0.40869, -2.07096, 1.75033],
							"size": [0.81995, 0.41325, 1.9033],
							"uv": {
								"east": {"uv": [8, 66], "uv_size": [8, 2]},
								"west": {"uv": [66, 20], "uv_size": [8, 2]},
								"up": {"uv": [60, 57], "uv_size": [3, 8]}
							}
						},
						{
							"origin": [-0.27988, -2.07096, 2.17566],
							"size": [0.56235, 0.87306, 0.52879],
							"pivot": [0.0013, -1.86434, 2.44006],
							"rotation": [0, -45, 0],
							"uv": {
								"north": {"uv": [62, 73], "uv_size": [2, 4]},
								"east": {"uv": [73, 71], "uv_size": [2, 4]},
								"south": {"uv": [21, 74], "uv_size": [2, 4]},
								"west": {"uv": [24, 74], "uv_size": [2, 4]},
								"up": {"uv": [69, 79], "uv_size": [2, 2]},
								"down": {"uv": [72, 81], "uv_size": [2, -2]}
							}
						},
						{
							"origin": [-0.19941, -2.64573, 2.25613],
							"size": [0.40142, 0.87306, 0.36785],
							"pivot": [0.0013, -2.43911, 2.44006],
							"rotation": [0, -45, 0],
							"uv": {
								"north": {"uv": [48, 74], "uv_size": [2, 4]},
								"east": {"uv": [74, 57], "uv_size": [2, 4]},
								"south": {"uv": [65, 74], "uv_size": [2, 4]},
								"west": {"uv": [74, 65], "uv_size": [2, 4]},
								"down": {"uv": [75, 81], "uv_size": [2, -2]}
							}
						},
						{
							"origin": [-0.40633, -2.24904, 3.58635],
							"size": [0.81525, 0.39025, 1.19059],
							"pivot": [0.0013, -2.06541, 4.538],
							"rotation": [-12.5, 0, 0],
							"uv": {
								"east": {"uv": [72, 23], "uv_size": [5, 2]},
								"south": {"uv": [76, 73], "uv_size": [3, 2]},
								"west": {"uv": [73, 43], "uv_size": [5, 2]},
								"up": {"uv": [17, 66], "uv_size": [3, 5]}
							}
						},
						{
							"origin": [-0.40633, -2.40697, 1.62227],
							"size": [0.81525, 0.43624, 0.156],
							"pivot": [0.0013, -2.17736, 2.57392],
							"rotation": [-20, 0, 0],
							"uv": {
								"north": {"uv": [75, 76], "uv_size": [3, 2]},
								"east": {"uv": [15, 80], "uv_size": [1, 2]},
								"west": {"uv": [40, 80], "uv_size": [1, 2]}
							}
						},
						{
							"origin": [1.06517, -0.43886, 0.19845],
							"size": [0.60894, 0.58568, 7.82343],
							"pivot": [0.2201, -0.14603, 3.88026],
							"rotation": [0, 0, 45],
							"uv": {
								"north": {"uv": [0, 77], "uv_size": [3, 2]},
								"east": {"uv": [22, 49], "uv_size": [33, 2]},
								"south": {"uv": [77, 57], "uv_size": [3, 2]},
								"west": {"uv": [49, 28], "uv_size": [33, 2]},
								"up": {"uv": [10, 32], "uv_size": [3, 33]},
								"down": {"uv": [14, 65], "uv_size": [3, -33]}
							}
						},
						{
							"origin": [-1.33482, -1.25171, 0.19845],
							"size": [0.60894, 0.58568, 7.82343],
							"pivot": [-1.03035, -0.95887, 3.88026],
							"rotation": [0, 0, -45],
							"uv": {
								"north": {"uv": [77, 60], "uv_size": [3, 2]},
								"east": {"uv": [49, 31], "uv_size": [33, 2]},
								"south": {"uv": [77, 65], "uv_size": [3, 2]},
								"west": {"uv": [49, 34], "uv_size": [33, 2]},
								"up": {"uv": [18, 32], "uv_size": [3, 33]},
								"down": {"uv": [0, 67], "uv_size": [3, -33]}
							}
						},
						{
							"origin": [-0.95258, 0.04053, -0.26136],
							"size": [0.96769, 0.7663, 8.28325],
							"pivot": [-0.46873, 0.19377, 3.88026],
							"rotation": [0, 0, 50],
							"uv": {
								"north": {"uv": [53, 69], "uv_size": [4, 3]},
								"east": {"uv": [35, 12], "uv_size": [35, 3]},
								"south": {"uv": [58, 69], "uv_size": [4, 3]}
							}
						},
						{
							"origin": [-1.15353, -0.83583, 0.19845],
							"size": [0.96769, 1.11116, 7.82343],
							"pivot": [-0.66968, -0.10782, 3.88026],
							"rotation": [0, 0, 30],
							"uv": {
								"east": {"uv": [10, 0], "uv_size": [33, 5]},
								"south": {"uv": [64, 45], "uv_size": [4, 5]}
							}
						},
						{
							"origin": [0.18844, -0.83583, 0.19845],
							"size": [0.96769, 1.11116, 7.82343],
							"pivot": [0.67228, -0.10782, 3.88026],
							"rotation": [0, 0, -30],
							"uv": {
								"south": {"uv": [64, 51], "uv_size": [4, 5]},
								"west": {"uv": [10, 6], "uv_size": [33, 5]}
							}
						},
						{
							"origin": [0.41835, -0.03322, -0.26494],
							"size": [0.73778, 0.30855, 0.46339],
							"pivot": [0.67228, -0.10782, 3.42044],
							"rotation": [0, 0, -30],
							"uv": {
								"north": {"uv": [79, 76], "uv_size": [3, 1]},
								"east": {"uv": [80, 74], "uv_size": [2, 1]},
								"south": {"uv": [78, 79], "uv_size": [3, 1]},
								"west": {"uv": [7, 81], "uv_size": [2, 1]},
								"up": {"uv": [78, 0], "uv_size": [3, 2]},
								"down": {"uv": [78, 5], "uv_size": [3, -2]}
							}
						},
						{
							"origin": [-1.15353, -0.03322, -0.26494],
							"size": [0.73778, 0.30854, 0.46339],
							"pivot": [-0.66968, -0.10782, 3.42044],
							"rotation": [0, 0, 30],
							"uv": {
								"north": {"uv": [0, 80], "uv_size": [3, 1]},
								"east": {"uv": [17, 81], "uv_size": [2, 1]},
								"south": {"uv": [11, 80], "uv_size": [3, 1]},
								"west": {"uv": [20, 81], "uv_size": [2, 1]},
								"up": {"uv": [78, 6], "uv_size": [3, 2]},
								"down": {"uv": [7, 80], "uv_size": [3, -2]}
							}
						},
						{
							"origin": [-1.23871, -0.70618, -0.06124],
							"size": [0.72726, 0.92678, 0.41796],
							"pivot": [-0.88034, -0.24279, 0.14774],
							"rotation": [30, 0, 30],
							"uv": {
								"north": {"uv": [4, 70], "uv_size": [3, 4]},
								"east": {"uv": [68, 74], "uv_size": [2, 4]},
								"south": {"uv": [28, 70], "uv_size": [3, 4]},
								"west": {"uv": [4, 75], "uv_size": [2, 4]},
								"up": {"uv": [78, 9], "uv_size": [3, 2]},
								"down": {"uv": [78, 25], "uv_size": [3, -2]}
							}
						},
						{
							"origin": [0.53086, -0.76892, -0.06124],
							"size": [0.72726, 0.92678, 0.41796],
							"pivot": [0.77428, -0.30552, 0.14774],
							"rotation": [30, 0, -30],
							"uv": {
								"north": {"uv": [32, 70], "uv_size": [3, 4]},
								"east": {"uv": [11, 75], "uv_size": [2, 4]},
								"south": {"uv": [36, 70], "uv_size": [3, 4]},
								"west": {"uv": [14, 75], "uv_size": [2, 4]},
								"up": {"uv": [78, 37], "uv_size": [3, 2]},
								"down": {"uv": [59, 80], "uv_size": [3, -2]}
							}
						},
						{
							"origin": [-0.01251, 0.04053, -0.26136],
							"size": [0.96769, 0.7663, 8.28325],
							"pivot": [0.47133, 0.19377, 3.88026],
							"rotation": [0, 0, -50],
							"uv": {
								"north": {"uv": [71, 12], "uv_size": [4, 3]},
								"south": {"uv": [71, 16], "uv_size": [4, 3]},
								"west": {"uv": [35, 16], "uv_size": [35, 3]}
							}
						}
					]
				},
				{
					"name": "bone2",
					"parent": "stock",
					"pivot": [0.1173, 6.62338, 12.12191],
					"cubes": [
						{
							"origin": [-0.64938, -2.76803, 6.39593],
							"size": [1.30136, 0.78282, 0.45196],
							"uv": {
								"east": {"uv": [27, 75], "uv_size": [2, 3]},
								"west": {"uv": [30, 75], "uv_size": [2, 3]},
								"up": {"uv": [67, 65], "uv_size": [6, 2]},
								"down": {"uv": [21, 70], "uv_size": [6, -2]}
							}
						},
						{
							"origin": [-0.64938, -2.78933, 6.43283],
							"size": [1.30136, 0.78282, 0.45196],
							"pivot": [0.0013, -2.35532, 6.65881],
							"rotation": [-60, 0, 0],
							"uv": {
								"east": {"uv": [33, 75], "uv_size": [2, 3]},
								"west": {"uv": [36, 75], "uv_size": [2, 3]},
								"up": {"uv": [68, 37], "uv_size": [6, 2]},
								"down": {"uv": [68, 42], "uv_size": [6, -2]}
							}
						},
						{
							"origin": [-0.64938, -2.78933, 6.35904],
							"size": [1.30136, 0.78282, 0.45196],
							"pivot": [0.0013, -2.35532, 6.58502],
							"rotation": [60, 0, 0],
							"uv": {
								"east": {"uv": [75, 37], "uv_size": [2, 3]},
								"west": {"uv": [42, 75], "uv_size": [2, 3]},
								"up": {"uv": [67, 68], "uv_size": [6, 2]},
								"down": {"uv": [8, 71], "uv_size": [6, -2]}
							}
						}
					]
				}
			]
		}
	]
}