{
	"format_version": "1.12.0",
	"minecraft:geometry": [
		{
			"description": {
				"identifier": "geometry.stock_carbon_bone_c5",
				"texture_width": 128,
				"texture_height": 128,
				"visible_bounds_width": 3,
				"visible_bounds_height": 1.5,
				"visible_bounds_offset": [0, 0.25, 0]
			},
			"bones": [
				{
					"name": "stock",
					"pivot": [0.0013, 0.10435, 3.27931],
					"cubes": [
						{
							"origin": [-0.6996, -0.22683, -0.21468],
							"size": [1.43068, 0.59261, 6.988],
							"pivot": [-0.03357, 0.06948, -0.35845],
							"rotation": [0, 0, -45],
							"uv": {
								"north": {"uv": [12, 71], "uv_size": [6, 3]},
								"east": {"uv": [21, 31], "uv_size": [30, 3]},
								"south": {"uv": [43, 71], "uv_size": [6, 3]},
								"west": {"uv": [35, 0], "uv_size": [30, 3]},
								"up": {"uv": [0, 0], "uv_size": [6, 30]},
								"down": {"uv": [7, 30], "uv_size": [6, -30]}
							}
						},
						{
							"origin": [-0.47517, -0.95366, 4.30137],
							"size": [0.25768, 0.82721, 0.12595],
							"pivot": [-0.34633, -0.56938, 4.39366],
							"rotation": [0, 0, -17.5],
							"uv": {
								"north": {"uv": [25, 83], "uv_size": [1, 4]},
								"east": {"uv": [27, 83], "uv_size": [1, 4]},
								"south": {"uv": [83, 39], "uv_size": [1, 4]},
								"west": {"uv": [41, 83], "uv_size": [1, 4]},
								"up": {"uv": [63, 40], "uv_size": [1, 1]},
								"down": {"uv": [53, 74], "uv_size": [1, -1]}
							}
						},
						{
							"origin": [0.22009, -0.95366, 4.30137],
							"size": [0.25768, 0.82721, 0.12595],
							"pivot": [0.34893, -0.56938, 4.39366],
							"rotation": [0, 0, 17.5],
							"uv": {
								"north": {"uv": [43, 83], "uv_size": [1, 4]},
								"east": {"uv": [45, 83], "uv_size": [1, 4]},
								"south": {"uv": [47, 83], "uv_size": [1, 4]},
								"west": {"uv": [62, 83], "uv_size": [1, 4]},
								"up": {"uv": [39, 84], "uv_size": [1, 1]},
								"down": {"uv": [23, 86], "uv_size": [1, -1]}
							}
						},
						{
							"origin": [0.22009, -0.95366, 1.72077],
							"size": [0.25768, 0.82721, 0.12595],
							"pivot": [0.34893, -0.56938, 1.81306],
							"rotation": [0, 0, 17.5],
							"uv": {
								"north": {"uv": [64, 83], "uv_size": [1, 4]},
								"east": {"uv": [66, 83], "uv_size": [1, 4]},
								"south": {"uv": [68, 83], "uv_size": [1, 4]},
								"west": {"uv": [70, 83], "uv_size": [1, 4]},
								"up": {"uv": [89, 36], "uv_size": [1, 1]},
								"down": {"uv": [89, 39], "uv_size": [1, -1]}
							}
						},
						{
							"origin": [-0.47517, -0.95366, 1.72077],
							"size": [0.25768, 0.82721, 0.12595],
							"pivot": [-0.34633, -0.56938, 1.81306],
							"rotation": [0, 0, -17.5],
							"uv": {
								"north": {"uv": [72, 83], "uv_size": [1, 4]},
								"east": {"uv": [74, 83], "uv_size": [1, 4]},
								"south": {"uv": [76, 83], "uv_size": [1, 4]},
								"west": {"uv": [78, 83], "uv_size": [1, 4]},
								"up": {"uv": [89, 40], "uv_size": [1, 1]},
								"down": {"uv": [89, 46], "uv_size": [1, -1]}
							}
						},
						{
							"origin": [-0.71404, -0.19195, -0.21468],
							"size": [1.43068, 0.59261, 6.988],
							"uv": {
								"north": {"uv": [63, 71], "uv_size": [6, 3]},
								"east": {"uv": [35, 4], "uv_size": [30, 3]},
								"south": {"uv": [29, 72], "uv_size": [6, 3]},
								"west": {"uv": [35, 8], "uv_size": [30, 3]},
								"up": {"uv": [14, 0], "uv_size": [6, 30]},
								"down": {"uv": [21, 30], "uv_size": [6, -30]}
							}
						},
						{
							"origin": [-0.30349, 0.8051, 6.08433],
							"size": [0.60958, 0.17595, 0.17595],
							"uv": {
								"north": {"uv": [19, 85], "uv_size": [3, 1]},
								"east": {"uv": [57, 89], "uv_size": [1, 1]},
								"south": {"uv": [85, 39], "uv_size": [3, 1]},
								"west": {"uv": [59, 89], "uv_size": [1, 1]},
								"up": {"uv": [85, 41], "uv_size": [3, 1]},
								"down": {"uv": [2, 87], "uv_size": [3, -1]}
							}
						},
						{
							"origin": [-0.40839, -1.38376, 6.08433],
							"size": [0.81938, 0.17595, 0.17595],
							"uv": {
								"north": {"uv": [86, 13], "uv_size": [3, 1]},
								"east": {"uv": [89, 72], "uv_size": [1, 1]},
								"south": {"uv": [86, 15], "uv_size": [3, 1]},
								"west": {"uv": [89, 74], "uv_size": [1, 1]},
								"up": {"uv": [86, 17], "uv_size": [3, 1]},
								"down": {"uv": [86, 23], "uv_size": [3, -1]}
							}
						},
						{
							"origin": [0.15461, 0.61534, 6.08433],
							"size": [0.72688, 0.17595, 0.17595],
							"pivot": [0.4594, 0.70332, 6.1723],
							"rotation": [0, 0, 45],
							"uv": {
								"north": {"uv": [29, 86], "uv_size": [3, 1]},
								"east": {"uv": [89, 78], "uv_size": [1, 1]},
								"south": {"uv": [33, 86], "uv_size": [3, 1]},
								"west": {"uv": [89, 88], "uv_size": [1, 1]},
								"up": {"uv": [37, 86], "uv_size": [3, 1]},
								"down": {"uv": [49, 87], "uv_size": [3, -1]}
							}
						},
						{
							"origin": [-0.93535, -0.60411, 6.08433],
							"size": [1.19608, 0.17595, 0.17595],
							"pivot": [-0.63056, -0.51614, 6.1723],
							"rotation": [0, 0, 70],
							"uv": {
								"north": {"uv": [82, 24], "uv_size": [5, 1]},
								"east": {"uv": [0, 90], "uv_size": [1, 1]},
								"south": {"uv": [82, 26], "uv_size": [5, 1]},
								"west": {"uv": [2, 90], "uv_size": [1, 1]},
								"up": {"uv": [29, 82], "uv_size": [5, 1]},
								"down": {"uv": [35, 83], "uv_size": [5, -1]}
							}
						},
						{
							"origin": [-0.87889, 0.61534, 6.08433],
							"size": [0.72688, 0.17595, 0.17595],
							"pivot": [-0.4568, 0.70332, 6.1723],
							"rotation": [0, 0, -45],
							"uv": {
								"north": {"uv": [53, 86], "uv_size": [3, 1]},
								"east": {"uv": [4, 90], "uv_size": [1, 1]},
								"south": {"uv": [83, 86], "uv_size": [3, 1]},
								"west": {"uv": [90, 4], "uv_size": [1, 1]},
								"up": {"uv": [19, 87], "uv_size": [3, 1]},
								"down": {"uv": [57, 88], "uv_size": [3, -1]}
							}
						},
						{
							"origin": [-0.25813, -0.60411, 6.08433],
							"size": [1.19608, 0.17595, 0.17595],
							"pivot": [0.63316, -0.51614, 6.1723],
							"rotation": [0, 0, -70],
							"uv": {
								"north": {"uv": [50, 82], "uv_size": [5, 1]},
								"east": {"uv": [6, 90], "uv_size": [1, 1]},
								"south": {"uv": [82, 50], "uv_size": [5, 1]},
								"west": {"uv": [90, 6], "uv_size": [1, 1]},
								"up": {"uv": [82, 52], "uv_size": [5, 1]},
								"down": {"uv": [82, 55], "uv_size": [5, -1]}
							}
						},
						{
							"origin": [-1.09294, 0.01565, 6.08433],
							"size": [0.72688, 1.63755, 0.17595],
							"pivot": [-0.7295, 0.10362, 6.1723],
							"rotation": [0, 0, 90],
							"uv": {
								"north": {"uv": [66, 9], "uv_size": [3, 7]},
								"east": {"uv": [13, 81], "uv_size": [1, 7]},
								"south": {"uv": [66, 17], "uv_size": [3, 7]},
								"west": {"uv": [15, 81], "uv_size": [1, 7]},
								"up": {"uv": [87, 86], "uv_size": [3, 1]},
								"down": {"uv": [2, 89], "uv_size": [3, -1]}
							}
						},
						{
							"origin": [-0.22381, -0.99075, 5.61513],
							"size": [1.19608, 0.17595, 0.17595],
							"pivot": [0.0013, -0.20136, 5.7031],
							"rotation": [1.71394, -4.69776, 69.92969],
							"uv": {
								"north": {"uv": [56, 82], "uv_size": [5, 1]},
								"east": {"uv": [90, 8], "uv_size": [1, 1]},
								"south": {"uv": [82, 56], "uv_size": [5, 1]},
								"west": {"uv": [10, 90], "uv_size": [1, 1]},
								"up": {"uv": [82, 58], "uv_size": [5, 1]},
								"down": {"uv": [82, 61], "uv_size": [5, -1]}
							}
						},
						{
							"origin": [-0.96967, -0.99075, 5.61513],
							"size": [1.19608, 0.17595, 0.17595],
							"pivot": [0.0013, -0.20136, 5.7031],
							"rotation": [1.71394, 4.69776, -69.92969],
							"uv": {
								"north": {"uv": [82, 62], "uv_size": [5, 1]},
								"east": {"uv": [90, 10], "uv_size": [1, 1]},
								"south": {"uv": [82, 64], "uv_size": [5, 1]},
								"west": {"uv": [90, 12], "uv_size": [1, 1]},
								"up": {"uv": [82, 66], "uv_size": [5, 1]},
								"down": {"uv": [82, 69], "uv_size": [5, -1]}
							}
						},
						{
							"origin": [-0.40839, -1.38376, 5.61513],
							"size": [0.81938, 0.17595, 0.17595],
							"pivot": [0.0013, -0.20136, 5.7031],
							"rotation": [5, 0, 0],
							"uv": {
								"north": {"uv": [88, 2], "uv_size": [3, 1]},
								"east": {"uv": [90, 14], "uv_size": [1, 1]},
								"south": {"uv": [23, 88], "uv_size": [3, 1]},
								"west": {"uv": [90, 16], "uv_size": [1, 1]},
								"up": {"uv": [88, 24], "uv_size": [3, 1]},
								"down": {"uv": [88, 27], "uv_size": [3, -1]}
							}
						},
						{
							"origin": [-0.66712, -1.02013, 5.61513],
							"size": [0.72688, 1.63754, 0.17595],
							"pivot": [0.0013, -0.20136, 5.7031],
							"rotation": [0, -5, 90],
							"uv": {
								"north": {"uv": [66, 55], "uv_size": [3, 7]},
								"east": {"uv": [17, 81], "uv_size": [1, 7]},
								"south": {"uv": [66, 63], "uv_size": [3, 7]},
								"west": {"uv": [81, 37], "uv_size": [1, 7]},
								"up": {"uv": [27, 88], "uv_size": [3, 1]},
								"down": {"uv": [88, 29], "uv_size": [3, -1]}
							}
						},
						{
							"origin": [-0.61927, 0.6743, 5.61513],
							"size": [0.72688, 0.17595, 0.17595],
							"pivot": [0.0013, -0.20136, 5.7031],
							"rotation": [3.54002, -3.53329, 44.89078],
							"uv": {
								"north": {"uv": [31, 88], "uv_size": [3, 1]},
								"east": {"uv": [90, 18], "uv_size": [1, 1]},
								"south": {"uv": [35, 88], "uv_size": [3, 1]},
								"west": {"uv": [90, 20], "uv_size": [1, 1]},
								"up": {"uv": [39, 88], "uv_size": [3, 1]},
								"down": {"uv": [43, 89], "uv_size": [3, -1]}
							}
						},
						{
							"origin": [-0.10501, 0.6743, 5.61513],
							"size": [0.72688, 0.17595, 0.17595],
							"pivot": [0.0013, -0.20136, 5.7031],
							"rotation": [3.54002, 3.53329, -44.89078],
							"uv": {
								"north": {"uv": [88, 43], "uv_size": [3, 1]},
								"east": {"uv": [22, 90], "uv_size": [1, 1]},
								"south": {"uv": [47, 88], "uv_size": [3, 1]},
								"west": {"uv": [90, 22], "uv_size": [1, 1]},
								"up": {"uv": [88, 48], "uv_size": [3, 1]},
								"down": {"uv": [88, 51], "uv_size": [3, -1]}
							}
						},
						{
							"origin": [-0.30349, 0.8051, 5.61513],
							"size": [0.60958, 0.17595, 0.17595],
							"pivot": [0.0013, -0.20136, 5.7031],
							"rotation": [5, 0, 0],
							"uv": {
								"north": {"uv": [51, 88], "uv_size": [3, 1]},
								"east": {"uv": [24, 90], "uv_size": [1, 1]},
								"south": {"uv": [88, 52], "uv_size": [3, 1]},
								"west": {"uv": [26, 90], "uv_size": [1, 1]},
								"up": {"uv": [88, 54], "uv_size": [3, 1]},
								"down": {"uv": [88, 57], "uv_size": [3, -1]}
							}
						},
						{
							"origin": [-0.79591, -2.52846, 6.77331],
							"size": [0.55093, 1.82426, 1.23165],
							"pivot": [0.03674, -1.14713, 6.86129],
							"rotation": [0, 0, -5],
							"uv": {
								"north": {"uv": [18, 62], "uv_size": [2, 8]},
								"east": {"uv": [56, 59], "uv_size": [5, 8]},
								"south": {"uv": [50, 73], "uv_size": [2, 8]},
								"west": {"uv": [0, 62], "uv_size": [5, 8]},
								"up": {"uv": [16, 75], "uv_size": [2, 5]},
								"down": {"uv": [47, 80], "uv_size": [2, -5]}
							}
						},
						{
							"origin": [-0.32092, -3.24257, 6.77331],
							"size": [0.37498, 0.88586, 1.23165],
							"pivot": [0.04253, -3.26884, 6.86129],
							"rotation": [0, 0, -25],
							"uv": {
								"north": {"uv": [19, 78], "uv_size": [2, 4]},
								"east": {"uv": [70, 20], "uv_size": [5, 4]},
								"south": {"uv": [22, 78], "uv_size": [2, 4]},
								"west": {"uv": [70, 48], "uv_size": [5, 4]},
								"up": {"uv": [33, 76], "uv_size": [2, 5]},
								"down": {"uv": [36, 81], "uv_size": [2, -5]}
							}
						},
						{
							"origin": [-0.29797, -3.39863, 6.77331],
							"size": [0.59853, 2.64536, 1.234],
							"uv": {
								"north": {"uv": [62, 55], "uv_size": [3, 11]},
								"east": {"uv": [39, 43], "uv_size": [5, 11]},
								"south": {"uv": [63, 28], "uv_size": [3, 11]},
								"west": {"uv": [45, 43], "uv_size": [5, 11]},
								"up": {"uv": [12, 75], "uv_size": [3, 5]},
								"down": {"uv": [75, 30], "uv_size": [3, -5]}
							}
						},
						{
							"origin": [0.244, -2.61024, 6.77331],
							"size": [0.55093, 1.82426, 1.23165],
							"pivot": [0.90069, -1.22891, 6.86129],
							"rotation": [0, 0, 5],
							"uv": {
								"north": {"uv": [26, 74], "uv_size": [2, 8]},
								"east": {"uv": [6, 62], "uv_size": [5, 8]},
								"south": {"uv": [74, 37], "uv_size": [2, 8]},
								"west": {"uv": [12, 62], "uv_size": [5, 8]},
								"up": {"uv": [39, 76], "uv_size": [2, 5]},
								"down": {"uv": [76, 53], "uv_size": [2, -5]}
							}
						},
						{
							"origin": [-0.05147, -3.24257, 6.77331],
							"size": [0.37498, 0.88586, 1.23165],
							"pivot": [-0.03993, -3.26884, 6.86129],
							"rotation": [0, 0, 25],
							"uv": {
								"north": {"uv": [78, 78], "uv_size": [2, 4]},
								"east": {"uv": [70, 53], "uv_size": [5, 4]},
								"south": {"uv": [79, 24], "uv_size": [2, 4]},
								"west": {"uv": [70, 58], "uv_size": [5, 4]},
								"up": {"uv": [53, 76], "uv_size": [2, 5]},
								"down": {"uv": [76, 59], "uv_size": [2, -5]}
							}
						},
						{
							"origin": [-0.83134, -0.77845, 6.77331],
							"size": [1.66528, 1.35506, 1.234],
							"uv": {
								"north": {"uv": [48, 57], "uv_size": [7, 6]},
								"east": {"uv": [45, 64], "uv_size": [5, 6]},
								"south": {"uv": [29, 58], "uv_size": [7, 6]},
								"west": {"uv": [29, 65], "uv_size": [5, 6]},
								"up": {"uv": [37, 62], "uv_size": [7, 5]},
								"down": {"uv": [62, 54], "uv_size": [7, -5]}
							}
						},
						{
							"origin": [-0.88999, -1.38841, 6.71466],
							"size": [1.78258, 0.28763, 1.34895],
							"uv": {
								"north": {"uv": [79, 29], "uv_size": [8, 1]},
								"east": {"uv": [67, 37], "uv_size": [6, 1]},
								"south": {"uv": [79, 48], "uv_size": [8, 1]},
								"west": {"uv": [82, 0], "uv_size": [6, 1]},
								"up": {"uv": [39, 55], "uv_size": [8, 6]},
								"down": {"uv": [56, 48], "uv_size": [8, -6]}
							}
						},
						{
							"origin": [-0.69972, -1.38841, 6.32224],
							"size": [0.96148, 0.28763, 0.1173],
							"pivot": [0.19157, -1.25633, 6.99672],
							"rotation": [0, 22.5, 0],
							"uv": {
								"north": {"uv": [83, 44], "uv_size": [4, 1]},
								"east": {"uv": [28, 90], "uv_size": [1, 1]},
								"south": {"uv": [83, 80], "uv_size": [4, 1]},
								"west": {"uv": [30, 90], "uv_size": [1, 1]},
								"up": {"uv": [83, 82], "uv_size": [4, 1]},
								"down": {"uv": [29, 85], "uv_size": [4, -1]}
							}
						},
						{
							"origin": [-0.02349, -1.38841, 6.36912],
							"size": [0.96148, 0.28763, 0.1173],
							"pivot": [0.0467, -1.25633, 6.42777],
							"rotation": [0, -22.5, 0],
							"uv": {
								"north": {"uv": [34, 84], "uv_size": [4, 1]},
								"east": {"uv": [32, 90], "uv_size": [1, 1]},
								"south": {"uv": [49, 84], "uv_size": [4, 1]},
								"west": {"uv": [34, 90], "uv_size": [1, 1]},
								"up": {"uv": [54, 84], "uv_size": [4, 1]},
								"down": {"uv": [83, 85], "uv_size": [4, -1]}
							}
						},
						{
							"origin": [-0.63042, 0.34129, 6.77331],
							"size": [0.43363, 0.85067, 1.23165],
							"pivot": [-0.38428, 0.7549, 6.86129],
							"rotation": [0, 0, 37.5],
							"uv": {
								"north": {"uv": [79, 50], "uv_size": [2, 4]},
								"east": {"uv": [70, 63], "uv_size": [5, 4]},
								"south": {"uv": [79, 55], "uv_size": [2, 4]},
								"west": {"uv": [70, 68], "uv_size": [5, 4]},
								"up": {"uv": [56, 76], "uv_size": [2, 5]},
								"down": {"uv": [59, 81], "uv_size": [2, -5]}
							}
						},
						{
							"origin": [0.19939, 0.34129, 6.77331],
							"size": [0.43363, 0.85067, 1.23165],
							"pivot": [0.38688, 0.7549, 6.86129],
							"rotation": [0, 0, -37.5],
							"uv": {
								"north": {"uv": [79, 60], "uv_size": [2, 4]},
								"east": {"uv": [0, 71], "uv_size": [5, 4]},
								"south": {"uv": [79, 65], "uv_size": [2, 4]},
								"west": {"uv": [6, 71], "uv_size": [5, 4]},
								"up": {"uv": [76, 60], "uv_size": [2, 5]},
								"down": {"uv": [76, 71], "uv_size": [2, -5]}
							}
						},
						{
							"origin": [-0.31349, 0.5766, 6.77331],
							"size": [0.62957, 0.67488, 1.234],
							"uv": {
								"north": {"uv": [77, 37], "uv_size": [3, 3]},
								"east": {"uv": [57, 38], "uv_size": [5, 3]},
								"south": {"uv": [77, 41], "uv_size": [3, 3]},
								"west": {"uv": [75, 31], "uv_size": [5, 3]},
								"up": {"uv": [43, 75], "uv_size": [3, 5]},
								"down": {"uv": [62, 80], "uv_size": [3, -5]}
							}
						},
						{
							"origin": [-0.2406, -1.59955, 2.14453],
							"size": [0.48379, 0.59261, 0.48379],
							"pivot": [0.0013, -1.30325, 2.38643],
							"rotation": [0, -45, 0],
							"uv": {
								"north": {"uv": [63, 67], "uv_size": [2, 3]},
								"east": {"uv": [2, 82], "uv_size": [2, 3]},
								"south": {"uv": [82, 2], "uv_size": [2, 3]},
								"west": {"uv": [5, 82], "uv_size": [2, 3]},
								"up": {"uv": [59, 84], "uv_size": [2, 2]},
								"down": {"uv": [85, 4], "uv_size": [2, -2]}
							}
						},
						{
							"origin": [-0.1233, -2.62006, 2.26183],
							"size": [0.27265, 0.59261, 0.27265],
							"pivot": [0.0013, -2.32376, 2.38643],
							"rotation": [0, -45, 0],
							"uv": {
								"north": {"uv": [37, 58], "uv_size": [1, 3]},
								"east": {"uv": [6, 86], "uv_size": [1, 3]},
								"south": {"uv": [55, 88], "uv_size": [1, 3]},
								"west": {"uv": [88, 58], "uv_size": [1, 3]},
								"up": {"uv": [36, 90], "uv_size": [1, 1]},
								"down": {"uv": [38, 91], "uv_size": [1, -1]}
							}
						},
						{
							"origin": [-0.0604, 1.05429, 4.95516],
							"size": [0.12341, 0.19092, 1.81815],
							"uv": {
								"north": {"uv": [40, 90], "uv_size": [1, 1]},
								"east": {"uv": [79, 70], "uv_size": [8, 1]},
								"south": {"uv": [42, 90], "uv_size": [1, 1]},
								"west": {"uv": [0, 80], "uv_size": [8, 1]},
								"up": {"uv": [9, 80], "uv_size": [1, 8]},
								"down": {"uv": [11, 89], "uv_size": [1, -8]}
							}
						},
						{
							"origin": [-0.0604, 0.81969, 4.68846],
							"size": [0.12341, 0.42552, 0.26671],
							"uv": {
								"north": {"uv": [50, 28], "uv_size": [1, 2]},
								"east": {"uv": [35, 65], "uv_size": [1, 2]},
								"south": {"uv": [43, 68], "uv_size": [1, 2]},
								"west": {"uv": [19, 71], "uv_size": [1, 2]},
								"up": {"uv": [44, 90], "uv_size": [1, 1]},
								"down": {"uv": [46, 91], "uv_size": [1, -1]}
							}
						},
						{
							"origin": [-0.72848, -0.22683, -0.21468],
							"size": [1.43068, 0.59261, 6.988],
							"pivot": [0.03617, 0.06948, -0.35845],
							"rotation": [0, 0, 45],
							"uv": {
								"north": {"uv": [36, 72], "uv_size": [6, 3]},
								"east": {"uv": [35, 12], "uv_size": [30, 3]},
								"south": {"uv": [55, 72], "uv_size": [6, 3]},
								"west": {"uv": [35, 16], "uv_size": [30, 3]},
								"up": {"uv": [28, 0], "uv_size": [6, 30]},
								"down": {"uv": [0, 61], "uv_size": [6, -30]}
							}
						},
						{
							"origin": [-0.76336, -0.24127, -0.21468],
							"size": [1.43068, 0.59261, 6.988],
							"pivot": [0.0013, 0.05503, -0.35845],
							"rotation": [0, 0, 90],
							"uv": {
								"north": {"uv": [70, 73], "uv_size": [6, 3]},
								"east": {"uv": [35, 20], "uv_size": [30, 3]},
								"south": {"uv": [19, 74], "uv_size": [6, 3]},
								"west": {"uv": [21, 35], "uv_size": [30, 3]},
								"up": {"uv": [7, 31], "uv_size": [6, 30]},
								"down": {"uv": [14, 61], "uv_size": [6, -30]}
							}
						},
						{
							"origin": [-0.76336, -1.47292, -0.21468],
							"size": [0.73861, 0.70991, 6.988],
							"pivot": [0.0013, -1.11797, -0.35845],
							"rotation": [0, 0, 90],
							"uv": {
								"north": {"uv": [70, 77], "uv_size": [3, 3]},
								"east": {"uv": [35, 24], "uv_size": [30, 3]},
								"south": {"uv": [77, 72], "uv_size": [3, 3]},
								"west": {"uv": [21, 39], "uv_size": [30, 3]},
								"up": {"uv": [21, 43], "uv_size": [3, 30]},
								"down": {"uv": [25, 73], "uv_size": [3, -30]}
							}
						},
						{
							"origin": [-0.4853, -1.6664, 1.34541],
							"size": [0.97321, 0.24539, 3.29305],
							"pivot": [0.0013, -1.54372, 2.99193],
							"rotation": [0, 0, 90],
							"uv": {
								"north": {"uv": [85, 5], "uv_size": [4, 1]},
								"east": {"uv": [35, 28], "uv_size": [14, 1]},
								"south": {"uv": [85, 7], "uv_size": [4, 1]},
								"west": {"uv": [74, 46], "uv_size": [14, 1]},
								"up": {"uv": [29, 43], "uv_size": [4, 14]},
								"down": {"uv": [34, 57], "uv_size": [4, -14]}
							}
						},
						{
							"origin": [-0.52876, -2.35267, 1.46271],
							"size": [0.73861, 0.70991, 1.8268],
							"pivot": [0.0013, -1.99772, -0.47575],
							"rotation": [0, 0, 90],
							"uv": {
								"north": {"uv": [74, 77], "uv_size": [3, 3]},
								"east": {"uv": [65, 40], "uv_size": [8, 3]},
								"south": {"uv": [78, 0], "uv_size": [3, 3]},
								"west": {"uv": [65, 44], "uv_size": [8, 3]},
								"up": {"uv": [51, 64], "uv_size": [3, 8]},
								"down": {"uv": [66, 8], "uv_size": [3, -8]}
							}
						},
						{
							"origin": [-0.35281, -2.35267, 1.28676],
							"size": [0.56266, 0.70991, 0.17595],
							"pivot": [0.0013, -1.99772, -0.47575],
							"rotation": [0, 0, 90],
							"uv": {
								"north": {"uv": [82, 6], "uv_size": [2, 3]},
								"east": {"uv": [73, 88], "uv_size": [1, 3]},
								"south": {"uv": [82, 10], "uv_size": [2, 3]},
								"west": {"uv": [75, 88], "uv_size": [1, 3]},
								"up": {"uv": [48, 55], "uv_size": [2, 1]},
								"down": {"uv": [45, 63], "uv_size": [2, -1]}
							}
						},
						{
							"origin": [-1.14796, -2.37293, 1.91689],
							"size": [0.14365, 0.71459, 0.24883],
							"pivot": [0.0013, -2.01563, 2.54003],
							"rotation": [0, -45, 90],
							"uv": {
								"north": {"uv": [77, 88], "uv_size": [1, 3]},
								"east": {"uv": [79, 88], "uv_size": [1, 3]},
								"south": {"uv": [88, 80], "uv_size": [1, 3]},
								"west": {"uv": [81, 88], "uv_size": [1, 3]},
								"up": {"uv": [48, 90], "uv_size": [1, 1]},
								"down": {"uv": [50, 91], "uv_size": [1, -1]}
							}
						},
						{
							"origin": [-0.26149, -2.37293, 2.91511],
							"size": [0.15211, 0.71459, 1.53355],
							"pivot": [0.0013, -2.01563, 2.54003],
							"rotation": [0, 30, 90],
							"uv": {
								"north": {"uv": [83, 88], "uv_size": [1, 3]},
								"east": {"uv": [70, 12], "uv_size": [7, 3]},
								"south": {"uv": [85, 88], "uv_size": [1, 3]},
								"west": {"uv": [70, 16], "uv_size": [7, 3]},
								"up": {"uv": [81, 80], "uv_size": [1, 7]},
								"down": {"uv": [0, 89], "uv_size": [1, -7]}
							}
						},
						{
							"origin": [-0.84799, -2.37293, 2.91511],
							"size": [0.5865, 0.71459, 1.18165],
							"pivot": [0.0013, -2.01563, 2.54003],
							"rotation": [0, 30, 90],
							"uv": {
								"north": {"uv": [78, 4], "uv_size": [3, 3]},
								"east": {"uv": [0, 76], "uv_size": [5, 3]},
								"south": {"uv": [78, 8], "uv_size": [3, 3]},
								"west": {"uv": [6, 76], "uv_size": [5, 3]},
								"up": {"uv": [66, 75], "uv_size": [3, 5]},
								"down": {"uv": [29, 81], "uv_size": [3, -5]}
							}
						},
						{
							"origin": [-0.29195, -2.70669, 4.02267],
							"size": [0.68034, 0.70991, 0.29017],
							"pivot": [0.0013, -2.35173, 3.72202],
							"rotation": [0, 0, 90],
							"uv": {
								"north": {"uv": [78, 12], "uv_size": [3, 3]},
								"east": {"uv": [87, 88], "uv_size": [1, 3]},
								"south": {"uv": [78, 16], "uv_size": [3, 3]},
								"west": {"uv": [8, 89], "uv_size": [1, 3]},
								"up": {"uv": [88, 70], "uv_size": [3, 1]},
								"down": {"uv": [88, 77], "uv_size": [3, -1]}
							}
						},
						{
							"origin": [-0.53809, -2.04763, 4.63845],
							"size": [1.07878, 0.24539, 2.13178],
							"pivot": [0.0013, -1.92494, 5.70434],
							"rotation": [0, 0, 90],
							"uv": {
								"north": {"uv": [19, 83], "uv_size": [5, 1]},
								"east": {"uv": [76, 22], "uv_size": [9, 1]},
								"south": {"uv": [83, 37], "uv_size": [5, 1]},
								"west": {"uv": [78, 76], "uv_size": [9, 1]},
								"up": {"uv": [56, 49], "uv_size": [5, 9]},
								"down": {"uv": [57, 37], "uv_size": [5, -9]}
							}
						},
						{
							"origin": [-0.46184, -2.60247, 3.70005],
							"size": [0.90283, 0.24071, 3.14056],
							"pivot": [0.0013, -2.48212, 5.70434],
							"rotation": [0, 25, 90],
							"uv": {
								"north": {"uv": [85, 9], "uv_size": [4, 1]},
								"east": {"uv": [75, 35], "uv_size": [13, 1]},
								"south": {"uv": [85, 11], "uv_size": [4, 1]},
								"west": {"uv": [76, 20], "uv_size": [13, 1]},
								"up": {"uv": [51, 43], "uv_size": [4, 13]},
								"down": {"uv": [52, 41], "uv_size": [4, -13]}
							}
						},
						{
							"origin": [0.58213, -2.40842, 6.54833],
							"size": [0.49192, 0.24071, 0.3379],
							"pivot": [0.0013, -2.28806, 5.31595],
							"rotation": [0, 0, 90],
							"uv": {
								"north": {"uv": [13, 89], "uv_size": [2, 1]},
								"east": {"uv": [52, 90], "uv_size": [1, 1]},
								"south": {"uv": [16, 89], "uv_size": [2, 1]},
								"west": {"uv": [90, 58], "uv_size": [1, 1]},
								"up": {"uv": [19, 89], "uv_size": [2, 1]},
								"down": {"uv": [89, 31], "uv_size": [2, -1]}
							}
						},
						{
							"origin": [-0.43492, -1.29735, 6.39795],
							"size": [0.64477, 0.24071, 0.37228],
							"pivot": [0.0013, -1.17699, 2.9346],
							"rotation": [0, 0, 90],
							"uv": {
								"north": {"uv": [88, 84], "uv_size": [3, 1]},
								"east": {"uv": [89, 32], "uv_size": [2, 1]},
								"south": {"uv": [89, 0], "uv_size": [3, 1]},
								"west": {"uv": [89, 34], "uv_size": [2, 1]},
								"up": {"uv": [82, 14], "uv_size": [3, 2]},
								"down": {"uv": [82, 19], "uv_size": [3, -2]}
							}
						}
					]
				},
				{
					"name": "bone2",
					"parent": "stock",
					"pivot": [0.0013, 0.10435, -0.11066],
					"cubes": [
						{
							"origin": [-0.76268, -0.25663, -0.21126],
							"size": [1.55944, 0.64594, 0.14256],
							"pivot": [-0.03671, 0.06634, -0.36796],
							"rotation": [0, 0, -45],
							"uv": {
								"north": {"uv": [67, 25], "uv_size": [7, 3]},
								"east": {"uv": [61, 88], "uv_size": [1, 3]},
								"south": {"uv": [67, 29], "uv_size": [7, 3]},
								"west": {"uv": [88, 62], "uv_size": [1, 3]},
								"up": {"uv": [81, 31], "uv_size": [7, 1]},
								"down": {"uv": [81, 34], "uv_size": [7, -1]}
							}
						},
						{
							"origin": [-0.77842, -0.21862, -0.21126],
							"size": [1.55944, 0.64594, 0.14256],
							"uv": {
								"north": {"uv": [67, 33], "uv_size": [7, 3]},
								"east": {"uv": [63, 88], "uv_size": [1, 3]},
								"south": {"uv": [35, 68], "uv_size": [7, 3]},
								"west": {"uv": [65, 88], "uv_size": [1, 3]},
								"up": {"uv": [42, 81], "uv_size": [7, 1]},
								"down": {"uv": [62, 82], "uv_size": [7, -1]}
							}
						},
						{
							"origin": [-0.79417, -0.25663, -0.21126],
							"size": [1.55944, 0.64594, 0.14256],
							"pivot": [0.03931, 0.06634, -0.36796],
							"rotation": [0, 0, 45],
							"uv": {
								"north": {"uv": [55, 68], "uv_size": [7, 3]},
								"east": {"uv": [88, 66], "uv_size": [1, 3]},
								"south": {"uv": [70, 0], "uv_size": [7, 3]},
								"west": {"uv": [67, 88], "uv_size": [1, 3]},
								"up": {"uv": [70, 81], "uv_size": [7, 1]},
								"down": {"uv": [81, 73], "uv_size": [7, -1]}
							}
						},
						{
							"origin": [-0.83218, -0.27237, -0.21126],
							"size": [1.55944, 0.64594, 0.14256],
							"pivot": [0.0013, 0.0506, -0.36796],
							"rotation": [0, 0, 90],
							"uv": {
								"north": {"uv": [70, 4], "uv_size": [7, 3]},
								"east": {"uv": [69, 88], "uv_size": [1, 3]},
								"south": {"uv": [70, 8], "uv_size": [7, 3]},
								"west": {"uv": [71, 88], "uv_size": [1, 3]},
								"up": {"uv": [81, 74], "uv_size": [7, 1]},
								"down": {"uv": [81, 79], "uv_size": [7, -1]}
							}
						}
					]
				}
			]
		}
	]
}