{
	"format_version": "1.12.0",
	"minecraft:geometry": [
		{
			"description": {
				"identifier": "geometry.stock_carbon_bone_c5",
				"texture_width": 128,
				"texture_height": 128,
				"visible_bounds_width": 3,
				"visible_bounds_height": 1.5,
				"visible_bounds_offset": [0, 0.25, 0]
			},
			"bones": [
				{
					"name": "stock",
					"pivot": [-0.02483, -0.00837, 0.06921],
					"cubes": [
						{
							"origin": [-1.22058, -1.91604, 0.5765],
							"size": [2.05367, 0.42228, 0.42228],
							"pivot": [-0.02483, -1.76351, 0.90947],
							"rotation": [45, 0, 0],
							"uv": {
								"north": {"uv": [13, 50], "uv_size": [7, 2]},
								"east": {"uv": [67, 18], "uv_size": [2, 2]},
								"south": {"uv": [35, 51], "uv_size": [7, 2]},
								"west": {"uv": [34, 67], "uv_size": [2, 2]},
								"up": {"uv": [43, 51], "uv_size": [7, 2]},
								"down": {"uv": [51, 53], "uv_size": [7, -2]}
							}
						}
					]
				},
				{
					"name": "bone11",
					"parent": "stock",
					"pivot": [-1.10164, -1.79714, 0.78188],
					"cubes": [
						{
							"origin": [-1.1577, -2.49201, 0.49406],
							"size": [0.14026, 1.38975, 0.57565],
							"uv": {
								"north": {"uv": [21, 50], "uv_size": [1, 5]},
								"east": {"uv": [34, 57], "uv_size": [2, 5]},
								"south": {"uv": [25, 66], "uv_size": [1, 5]},
								"west": {"uv": [37, 57], "uv_size": [2, 5]},
								"up": {"uv": [70, 18], "uv_size": [1, 2]},
								"down": {"uv": [36, 72], "uv_size": [1, -2]}
							}
						},
						{
							"origin": [-1.1577, -2.49883, 0.51052],
							"size": [0.14026, 1.38975, 0.57565],
							"pivot": [-1.35163, -1.78068, 0.79834],
							"rotation": [-45, 0, 0],
							"uv": {
								"north": {"uv": [3, 67], "uv_size": [1, 5]},
								"east": {"uv": [40, 57], "uv_size": [2, 5]},
								"south": {"uv": [5, 67], "uv_size": [1, 5]},
								"west": {"uv": [43, 57], "uv_size": [2, 5]},
								"up": {"uv": [38, 70], "uv_size": [1, 2]},
								"down": {"uv": [70, 41], "uv_size": [1, -2]}
							}
						},
						{
							"origin": [-1.1577, -2.49883, 0.47759],
							"size": [0.14026, 1.38975, 0.57565],
							"pivot": [-1.35163, -1.78068, 0.76542],
							"rotation": [45, 0, 0],
							"uv": {
								"north": {"uv": [7, 67], "uv_size": [1, 5]},
								"east": {"uv": [46, 57], "uv_size": [2, 5]},
								"south": {"uv": [67, 12], "uv_size": [1, 5]},
								"west": {"uv": [49, 57], "uv_size": [2, 5]},
								"up": {"uv": [40, 70], "uv_size": [1, 2]},
								"down": {"uv": [42, 72], "uv_size": [1, -2]}
							}
						},
						{
							"origin": [-1.1577, -2.46873, 0.47078],
							"size": [0.14026, 1.38975, 0.57565],
							"pivot": [-1.35163, -1.79714, 0.7586],
							"rotation": [-90, 0, 0],
							"uv": {
								"north": {"uv": [67, 27], "uv_size": [1, 5]},
								"east": {"uv": [52, 57], "uv_size": [2, 5]},
								"south": {"uv": [67, 33], "uv_size": [1, 5]},
								"west": {"uv": [6, 58], "uv_size": [2, 5]},
								"up": {"uv": [70, 42], "uv_size": [1, 2]},
								"down": {"uv": [44, 72], "uv_size": [1, -2]}
							}
						}
					]
				},
				{
					"name": "bone12",
					"parent": "stock",
					"pivot": [-1.36205, -1.79714, 0.78188],
					"cubes": [
						{
							"origin": [-1.65269, -2.52096, 0.48206],
							"size": [0.60944, 0.18081, 0.59964],
							"uv": {
								"north": {"uv": [45, 30], "uv_size": [2, 1]},
								"east": {"uv": [52, 6], "uv_size": [2, 1]},
								"south": {"uv": [57, 12], "uv_size": [2, 1]},
								"west": {"uv": [65, 4], "uv_size": [2, 1]},
								"up": {"uv": [37, 67], "uv_size": [2, 2]},
								"down": {"uv": [67, 41], "uv_size": [2, -2]}
							}
						},
						{
							"origin": [-1.65269, -2.52807, 0.49921],
							"size": [0.60944, 0.18081, 0.59964],
							"pivot": [-1.36205, -1.77999, 0.79903],
							"rotation": [-45, 0, 0],
							"uv": {
								"north": {"uv": [69, 58], "uv_size": [2, 1]},
								"east": {"uv": [70, 45], "uv_size": [2, 1]},
								"south": {"uv": [46, 70], "uv_size": [2, 1]},
								"west": {"uv": [70, 47], "uv_size": [2, 1]},
								"up": {"uv": [40, 67], "uv_size": [2, 2]},
								"down": {"uv": [67, 44], "uv_size": [2, -2]}
							}
						},
						{
							"origin": [-1.65269, -2.52807, 0.46492],
							"size": [0.60944, 0.18081, 0.59964],
							"pivot": [-1.36205, -1.77999, 0.76473],
							"rotation": [45, 0, 0],
							"uv": {
								"north": {"uv": [49, 70], "uv_size": [2, 1]},
								"east": {"uv": [70, 49], "uv_size": [2, 1]},
								"south": {"uv": [52, 70], "uv_size": [2, 1]},
								"west": {"uv": [55, 70], "uv_size": [2, 1]},
								"up": {"uv": [43, 67], "uv_size": [2, 2]},
								"down": {"uv": [67, 47], "uv_size": [2, -2]}
							}
						},
						{
							"origin": [-1.65269, -1.22987, 0.45781],
							"size": [0.60944, 0.18081, 0.59964],
							"pivot": [-1.36205, -1.79714, 0.75763],
							"rotation": [-90, 0, 0],
							"uv": {
								"north": {"uv": [58, 70], "uv_size": [2, 1]},
								"east": {"uv": [70, 60], "uv_size": [2, 1]},
								"south": {"uv": [61, 70], "uv_size": [2, 1]},
								"west": {"uv": [70, 62], "uv_size": [2, 1]},
								"up": {"uv": [46, 67], "uv_size": [2, 2]},
								"down": {"uv": [49, 69], "uv_size": [2, -2]}
							}
						},
						{
							"origin": [-1.65269, -1.26123, 0.49921],
							"size": [0.60944, 0.18081, 0.59964],
							"pivot": [-1.36205, -1.77999, 0.79903],
							"rotation": [-45, 0, 0],
							"uv": {
								"north": {"uv": [64, 70], "uv_size": [2, 1]},
								"east": {"uv": [70, 64], "uv_size": [2, 1]},
								"south": {"uv": [70, 66], "uv_size": [2, 1]},
								"west": {"uv": [70, 68], "uv_size": [2, 1]},
								"up": {"uv": [52, 67], "uv_size": [2, 2]},
								"down": {"uv": [67, 62], "uv_size": [2, -2]}
							}
						},
						{
							"origin": [-1.65269, -1.26123, 0.46492],
							"size": [0.60944, 0.18081, 0.59964],
							"pivot": [-1.36205, -1.77999, 0.76473],
							"rotation": [45, 0, 0],
							"uv": {
								"north": {"uv": [70, 70], "uv_size": [2, 1]},
								"east": {"uv": [0, 71], "uv_size": [2, 1]},
								"south": {"uv": [71, 0], "uv_size": [2, 1]},
								"west": {"uv": [71, 2], "uv_size": [2, 1]},
								"up": {"uv": [67, 63], "uv_size": [2, 2]},
								"down": {"uv": [67, 68], "uv_size": [2, -2]}
							}
						},
						{
							"origin": [-1.65269, -2.49671, 0.45781],
							"size": [0.60944, 0.18081, 0.59964],
							"pivot": [-1.36205, -1.79714, 0.75763],
							"rotation": [-90, 0, 0],
							"uv": {
								"north": {"uv": [71, 4], "uv_size": [2, 1]},
								"east": {"uv": [9, 71], "uv_size": [2, 1]},
								"south": {"uv": [12, 71], "uv_size": [2, 1]},
								"west": {"uv": [15, 71], "uv_size": [2, 1]},
								"up": {"uv": [68, 0], "uv_size": [2, 2]},
								"down": {"uv": [68, 5], "uv_size": [2, -2]}
							}
						},
						{
							"origin": [-1.65269, -1.25412, 0.48206],
							"size": [0.60944, 0.18081, 0.59964],
							"uv": {
								"north": {"uv": [18, 71], "uv_size": [2, 1]},
								"east": {"uv": [72, 6], "uv_size": [2, 1]},
								"south": {"uv": [72, 8], "uv_size": [2, 1]},
								"west": {"uv": [72, 10], "uv_size": [2, 1]},
								"up": {"uv": [69, 6], "uv_size": [2, 2]},
								"down": {"uv": [69, 11], "uv_size": [2, -2]}
							}
						}
					]
				},
				{
					"name": "bone13",
					"parent": "stock",
					"pivot": [0.01885, -0.05205, -2.14392],
					"cubes": [
						{
							"origin": [-0.90279, -0.42321, -0.24765],
							"size": [1.79212, 0.74232, 0.43664],
							"pivot": [-0.06851, -0.05205, -2.14392],
							"rotation": [0, 0, -45],
							"uv": {
								"north": {"uv": [32, 10], "uv_size": [6, 3]},
								"east": {"uv": [21, 62], "uv_size": [2, 3]},
								"south": {"uv": [35, 32], "uv_size": [6, 3]},
								"west": {"uv": [24, 62], "uv_size": [2, 3]},
								"up": {"uv": [52, 0], "uv_size": [6, 2]},
								"down": {"uv": [52, 5], "uv_size": [6, -2]}
							}
						},
						{
							"origin": [-0.92088, -0.37953, -0.24765],
							"size": [1.79212, 0.74232, 0.43664],
							"uv": {
								"north": {"uv": [35, 36], "uv_size": [6, 3]},
								"east": {"uv": [31, 62], "uv_size": [2, 3]},
								"south": {"uv": [38, 0], "uv_size": [6, 3]},
								"west": {"uv": [62, 36], "uv_size": [2, 3]},
								"up": {"uv": [13, 53], "uv_size": [6, 2]},
								"down": {"uv": [53, 50], "uv_size": [6, -2]}
							}
						},
						{
							"origin": [-0.92088, -0.61882, 0.10425],
							"size": [1.79212, 0.44672, 0.2255],
							"pivot": [-0.02483, -0.28989, 0.11143],
							"rotation": [45, 0, 0],
							"uv": {
								"north": {"uv": [54, 24], "uv_size": [6, 2]},
								"east": {"uv": [72, 12], "uv_size": [1, 2]},
								"south": {"uv": [54, 27], "uv_size": [6, 2]},
								"west": {"uv": [72, 15], "uv_size": [1, 2]},
								"up": {"uv": [62, 6], "uv_size": [6, 1]},
								"down": {"uv": [62, 22], "uv_size": [6, -1]}
							}
						},
						{
							"origin": [-0.98266, -0.4413, -0.24765],
							"size": [1.79212, 0.74232, 0.43664],
							"pivot": [-0.02483, -0.07014, -2.14392],
							"rotation": [0, 0, 90],
							"uv": {
								"north": {"uv": [38, 4], "uv_size": [6, 3]},
								"east": {"uv": [62, 40], "uv_size": [2, 3]},
								"south": {"uv": [38, 24], "uv_size": [6, 3]},
								"west": {"uv": [62, 44], "uv_size": [2, 3]},
								"up": {"uv": [35, 54], "uv_size": [6, 2]},
								"down": {"uv": [42, 56], "uv_size": [6, -2]}
							}
						},
						{
							"origin": [-0.93898, -0.42321, -0.24765],
							"size": [1.79212, 0.74232, 0.43664],
							"pivot": [0.01885, -0.05205, -2.14392],
							"rotation": [0, 0, 45],
							"uv": {
								"north": {"uv": [38, 28], "uv_size": [6, 3]},
								"east": {"uv": [63, 8], "uv_size": [2, 3]},
								"south": {"uv": [39, 8], "uv_size": [6, 3]},
								"west": {"uv": [34, 63], "uv_size": [2, 3]},
								"up": {"uv": [49, 54], "uv_size": [6, 2]},
								"down": {"uv": [55, 8], "uv_size": [6, -2]}
							}
						}
					]
				},
				{
					"name": "bone14",
					"parent": "stock",
					"pivot": [0.01885, -0.05205, -0.42665],
					"cubes": [
						{
							"origin": [-0.90279, -0.42321, 1.46962],
							"size": [1.79212, 0.74232, 0.43664],
							"pivot": [-0.06851, -0.05205, -0.42665],
							"rotation": [0, 0, -45],
							"uv": {
								"north": {"uv": [35, 40], "uv_size": [6, 3]},
								"east": {"uv": [37, 63], "uv_size": [2, 3]},
								"south": {"uv": [42, 32], "uv_size": [6, 3]},
								"west": {"uv": [40, 63], "uv_size": [2, 3]},
								"up": {"uv": [55, 14], "uv_size": [6, 2]},
								"down": {"uv": [55, 19], "uv_size": [6, -2]}
							}
						},
						{
							"origin": [-0.92088, -0.37953, 1.46962],
							"size": [1.79212, 0.74232, 0.43664],
							"uv": {
								"north": {"uv": [42, 36], "uv_size": [6, 3]},
								"east": {"uv": [43, 63], "uv_size": [2, 3]},
								"south": {"uv": [42, 40], "uv_size": [6, 3]},
								"west": {"uv": [46, 63], "uv_size": [2, 3]},
								"up": {"uv": [55, 20], "uv_size": [6, 2]},
								"down": {"uv": [55, 38], "uv_size": [6, -2]}
							}
						},
						{
							"origin": [-0.92088, -0.61882, 1.32886],
							"size": [1.79212, 0.44672, 0.2255],
							"pivot": [-0.02483, -0.28989, 1.54719],
							"rotation": [-45, 0, 0],
							"uv": {
								"north": {"uv": [55, 39], "uv_size": [6, 2]},
								"east": {"uv": [72, 18], "uv_size": [1, 2]},
								"south": {"uv": [55, 42], "uv_size": [6, 2]},
								"west": {"uv": [72, 21], "uv_size": [1, 2]},
								"up": {"uv": [63, 48], "uv_size": [6, 1]},
								"down": {"uv": [63, 51], "uv_size": [6, -1]}
							}
						},
						{
							"origin": [-0.98266, -0.4413, 1.46962],
							"size": [1.79212, 0.74232, 0.43664],
							"pivot": [-0.02483, -0.07014, -0.42665],
							"rotation": [0, 0, 90],
							"uv": {
								"north": {"uv": [35, 44], "uv_size": [6, 3]},
								"east": {"uv": [49, 63], "uv_size": [2, 3]},
								"south": {"uv": [42, 44], "uv_size": [6, 3]},
								"west": {"uv": [52, 63], "uv_size": [2, 3]},
								"up": {"uv": [55, 45], "uv_size": [6, 2]},
								"down": {"uv": [10, 58], "uv_size": [6, -2]}
							}
						},
						{
							"origin": [-0.93898, -0.42321, 1.46962],
							"size": [1.79212, 0.74232, 0.43664],
							"pivot": [0.01885, -0.05205, -0.42665],
							"rotation": [0, 0, 45],
							"uv": {
								"north": {"uv": [45, 0], "uv_size": [6, 3]},
								"east": {"uv": [63, 52], "uv_size": [2, 3]},
								"south": {"uv": [45, 4], "uv_size": [6, 3]},
								"west": {"uv": [63, 56], "uv_size": [2, 3]},
								"up": {"uv": [17, 56], "uv_size": [6, 2]},
								"down": {"uv": [24, 58], "uv_size": [6, -2]}
							}
						}
					]
				},
				{
					"name": "bone15",
					"parent": "stock",
					"pivot": [-0.72863, -0.95553, 2.81403],
					"cubes": [
						{
							"origin": [-0.88436, -1.22526, 1.79262],
							"size": [0.31146, 0.53946, 6.2656],
							"uv": {
								"north": {"uv": [72, 24], "uv_size": [1, 2]},
								"east": {"uv": [9, 0], "uv_size": [22, 2]},
								"south": {"uv": [25, 72], "uv_size": [1, 2]},
								"west": {"uv": [9, 3], "uv_size": [22, 2]},
								"up": {"uv": [15, 27], "uv_size": [1, 22]},
								"down": {"uv": [17, 49], "uv_size": [1, -22]}
							}
						},
						{
							"origin": [-0.91112, -1.20981, 1.79262],
							"size": [0.31146, 0.53946, 6.2656],
							"pivot": [-0.7554, -0.97099, 2.81403],
							"rotation": [0, 0, 60],
							"uv": {
								"north": {"uv": [27, 72], "uv_size": [1, 2]},
								"east": {"uv": [9, 6], "uv_size": [22, 2]},
								"south": {"uv": [72, 27], "uv_size": [1, 2]},
								"west": {"uv": [9, 9], "uv_size": [22, 2]},
								"up": {"uv": [19, 27], "uv_size": [1, 22]},
								"down": {"uv": [21, 49], "uv_size": [1, -22]}
							}
						},
						{
							"origin": [-0.85759, -1.20981, 1.79262],
							"size": [0.31146, 0.53946, 6.2656],
							"pivot": [-0.70186, -0.97099, 2.81403],
							"rotation": [0, 0, -60],
							"uv": {
								"north": {"uv": [72, 30], "uv_size": [1, 2]},
								"east": {"uv": [9, 12], "uv_size": [22, 2]},
								"south": {"uv": [72, 33], "uv_size": [1, 2]},
								"west": {"uv": [0, 15], "uv_size": [22, 2]},
								"up": {"uv": [29, 32], "uv_size": [1, 22]},
								"down": {"uv": [31, 54], "uv_size": [1, -22]}
							}
						}
					]
				},
				{
					"name": "bone16",
					"parent": "stock",
					"pivot": [-0.72863, -0.95553, 0.77301],
					"cubes": [
						{
							"origin": [-0.9264, -1.29809, -0.24265],
							"size": [0.39555, 0.93848, 2.17208],
							"uv": {
								"north": {"uv": [13, 45], "uv_size": [1, 3]},
								"east": {"uv": [6, 27], "uv_size": [8, 3]},
								"south": {"uv": [30, 70], "uv_size": [1, 3]},
								"west": {"uv": [29, 24], "uv_size": [8, 3]},
								"up": {"uv": [61, 48], "uv_size": [1, 8]},
								"down": {"uv": [55, 69], "uv_size": [1, -8]}
							}
						},
						{
							"origin": [-0.9604, -1.27846, -0.24265],
							"size": [0.39555, 0.68511, 2.17208],
							"pivot": [-0.76262, -0.97516, 0.77301],
							"rotation": [0, 0, 60],
							"uv": {
								"north": {"uv": [72, 36], "uv_size": [1, 2]},
								"east": {"uv": [39, 12], "uv_size": [8, 2]},
								"south": {"uv": [72, 39], "uv_size": [1, 2]},
								"west": {"uv": [45, 24], "uv_size": [8, 2]},
								"up": {"uv": [57, 61], "uv_size": [1, 8]},
								"down": {"uv": [61, 65], "uv_size": [1, -8]}
							}
						},
						{
							"origin": [-0.89241, -1.27846, -0.24265],
							"size": [0.39555, 0.68511, 2.17208],
							"pivot": [-0.69463, -0.97516, 0.77301],
							"rotation": [0, 0, -60],
							"uv": {
								"north": {"uv": [72, 42], "uv_size": [1, 2]},
								"east": {"uv": [45, 27], "uv_size": [8, 2]},
								"south": {"uv": [46, 72], "uv_size": [1, 2]},
								"west": {"uv": [46, 8], "uv_size": [8, 2]},
								"up": {"uv": [59, 61], "uv_size": [1, 8]},
								"down": {"uv": [9, 70], "uv_size": [1, -8]}
							}
						}
					]
				},
				{
					"name": "bone17",
					"parent": "stock",
					"pivot": [0.67897, -0.95553, 2.81403],
					"cubes": [
						{
							"origin": [0.52324, -1.22526, 1.79262],
							"size": [0.31146, 0.53946, 6.2656],
							"uv": {
								"north": {"uv": [48, 72], "uv_size": [1, 2]},
								"east": {"uv": [0, 18], "uv_size": [22, 2]},
								"south": {"uv": [50, 72], "uv_size": [1, 2]},
								"west": {"uv": [0, 21], "uv_size": [22, 2]},
								"up": {"uv": [23, 33], "uv_size": [1, 22]},
								"down": {"uv": [25, 55], "uv_size": [1, -22]}
							}
						},
						{
							"origin": [0.49648, -1.20981, 1.79262],
							"size": [0.31146, 0.53946, 6.2656],
							"pivot": [0.6522, -0.97099, 2.81403],
							"rotation": [0, 0, 60],
							"uv": {
								"north": {"uv": [72, 51], "uv_size": [1, 2]},
								"east": {"uv": [23, 15], "uv_size": [22, 2]},
								"south": {"uv": [52, 72], "uv_size": [1, 2]},
								"west": {"uv": [23, 18], "uv_size": [22, 2]},
								"up": {"uv": [27, 33], "uv_size": [1, 22]},
								"down": {"uv": [33, 54], "uv_size": [1, -22]}
							}
						},
						{
							"origin": [0.55001, -1.20981, 1.79262],
							"size": [0.31146, 0.53946, 6.2656],
							"pivot": [0.70574, -0.97099, 2.81403],
							"rotation": [0, 0, -60],
							"uv": {
								"north": {"uv": [54, 72], "uv_size": [1, 2]},
								"east": {"uv": [23, 21], "uv_size": [22, 2]},
								"south": {"uv": [72, 54], "uv_size": [1, 2]},
								"west": {"uv": [0, 24], "uv_size": [22, 2]},
								"up": {"uv": [6, 35], "uv_size": [1, 22]},
								"down": {"uv": [8, 57], "uv_size": [1, -22]}
							}
						}
					]
				},
				{
					"name": "bone18",
					"parent": "stock",
					"pivot": [0.67897, -0.95553, 0.77301],
					"cubes": [
						{
							"origin": [0.4812, -1.29809, -0.24265],
							"size": [0.39555, 0.93848, 2.17208],
							"uv": {
								"north": {"uv": [32, 70], "uv_size": [1, 3]},
								"east": {"uv": [29, 28], "uv_size": [8, 3]},
								"south": {"uv": [34, 70], "uv_size": [1, 3]},
								"west": {"uv": [6, 31], "uv_size": [8, 3]},
								"up": {"uv": [11, 62], "uv_size": [1, 8]},
								"down": {"uv": [62, 20], "uv_size": [1, -8]}
							}
						},
						{
							"origin": [-0.74199, -1.57961, -0.24265],
							"size": [1.43433, 0.44582, 2.14393],
							"uv": {
								"north": {"uv": [57, 9], "uv_size": [5, 2]},
								"east": {"uv": [46, 15], "uv_size": [8, 2]},
								"south": {"uv": [58, 30], "uv_size": [5, 2]},
								"west": {"uv": [46, 18], "uv_size": [8, 2]},
								"up": {"uv": [23, 24], "uv_size": [5, 8]},
								"down": {"uv": [0, 35], "uv_size": [5, -8]}
							}
						},
						{
							"origin": [-0.74199, -2.40289, 1.25092],
							"size": [1.43433, 0.44582, 0.80671],
							"pivot": [-0.02483, -2.17998, 0.98566],
							"rotation": [45, 0, 0],
							"uv": {
								"north": {"uv": [58, 33], "uv_size": [5, 2]},
								"east": {"uv": [63, 60], "uv_size": [3, 2]},
								"south": {"uv": [59, 0], "uv_size": [5, 2]},
								"west": {"uv": [63, 63], "uv_size": [3, 2]},
								"up": {"uv": [0, 46], "uv_size": [5, 3]},
								"down": {"uv": [49, 39], "uv_size": [5, -3]}
							}
						},
						{
							"origin": [-0.74199, -1.93011, -0.20317],
							"size": [1.43433, 0.44582, 0.80671],
							"pivot": [-0.02483, -1.7072, 0.20018],
							"rotation": [-45, 0, 0],
							"uv": {
								"north": {"uv": [59, 3], "uv_size": [5, 2]},
								"east": {"uv": [0, 64], "uv_size": [3, 2]},
								"south": {"uv": [9, 59], "uv_size": [5, 2]},
								"west": {"uv": [4, 64], "uv_size": [3, 2]},
								"up": {"uv": [49, 40], "uv_size": [5, 3]},
								"down": {"uv": [49, 47], "uv_size": [5, -3]}
							}
						},
						{
							"origin": [-0.74762, -2.15004, 0.32777],
							"size": [1.45264, 0.57043, 1.00307],
							"uv": {
								"north": {"uv": [15, 59], "uv_size": [5, 2]},
								"east": {"uv": [61, 23], "uv_size": [4, 2]},
								"south": {"uv": [21, 59], "uv_size": [5, 2]},
								"west": {"uv": [61, 26], "uv_size": [4, 2]},
								"up": {"uv": [32, 0], "uv_size": [5, 4]},
								"down": {"uv": [32, 9], "uv_size": [5, -4]}
							}
						},
						{
							"origin": [0.4472, -1.27846, -0.24265],
							"size": [0.39555, 0.68511, 2.17208],
							"pivot": [0.64498, -0.97516, 0.77301],
							"rotation": [0, 0, 60],
							"uv": {
								"north": {"uv": [56, 72], "uv_size": [1, 2]},
								"east": {"uv": [46, 21], "uv_size": [8, 2]},
								"south": {"uv": [72, 57], "uv_size": [1, 2]},
								"west": {"uv": [48, 11], "uv_size": [8, 2]},
								"up": {"uv": [13, 62], "uv_size": [1, 8]},
								"down": {"uv": [15, 70], "uv_size": [1, -8]}
							}
						},
						{
							"origin": [0.51519, -1.27846, -0.24265],
							"size": [0.39555, 0.68511, 2.17208],
							"pivot": [0.71297, -0.97516, 0.77301],
							"rotation": [0, 0, -60],
							"uv": {
								"north": {"uv": [58, 72], "uv_size": [1, 2]},
								"east": {"uv": [35, 48], "uv_size": [8, 2]},
								"south": {"uv": [60, 72], "uv_size": [1, 2]},
								"west": {"uv": [44, 48], "uv_size": [8, 2]},
								"up": {"uv": [17, 62], "uv_size": [1, 8]},
								"down": {"uv": [19, 70], "uv_size": [1, -8]}
							}
						}
					]
				},
				{
					"name": "bone19",
					"parent": "stock",
					"pivot": [-0.02483, -0.00837, 8.16291],
					"cubes": [
						{
							"origin": [0.49073, -0.52274, 7.88828],
							"size": [0.46797, 0.94138, 0.69001],
							"pivot": [0.1004, -0.05205, 6.04831],
							"rotation": [0, 0, -45],
							"uv": {
								"north": {"uv": [64, 12], "uv_size": [2, 3]},
								"east": {"uv": [64, 16], "uv_size": [2, 3]},
								"south": {"uv": [64, 29], "uv_size": [2, 3]},
								"west": {"uv": [65, 0], "uv_size": [2, 3]},
								"up": {"uv": [69, 12], "uv_size": [2, 2]},
								"down": {"uv": [69, 17], "uv_size": [2, -2]}
							}
						},
						{
							"origin": [-1.0898, -1.43523, 7.88828],
							"size": [2.12994, 1.65726, 0.69001],
							"uv": {
								"north": {"uv": [0, 0], "uv_size": [8, 6]},
								"east": {"uv": [0, 50], "uv_size": [2, 6]},
								"south": {"uv": [0, 7], "uv_size": [8, 6]},
								"west": {"uv": [3, 50], "uv_size": [2, 6]},
								"up": {"uv": [49, 30], "uv_size": [8, 2]},
								"down": {"uv": [49, 35], "uv_size": [8, -2]}
							}
						},
						{
							"origin": [0.6687, -3.07013, 7.88828],
							"size": [0.30006, 1.65726, 0.69001],
							"pivot": [0.74835, -2.2415, 8.23329],
							"rotation": [0, 0, 5],
							"uv": {
								"north": {"uv": [65, 33], "uv_size": [1, 6]},
								"east": {"uv": [31, 55], "uv_size": [2, 6]},
								"south": {"uv": [65, 40], "uv_size": [1, 6]},
								"west": {"uv": [56, 54], "uv_size": [2, 6]},
								"up": {"uv": [62, 72], "uv_size": [1, 2]},
								"down": {"uv": [64, 74], "uv_size": [1, -2]}
							}
						},
						{
							"origin": [-1.01842, -3.07013, 7.88828],
							"size": [0.30006, 1.65726, 0.69001],
							"pivot": [-0.79801, -2.2415, 8.23329],
							"rotation": [0, 0, -5],
							"uv": {
								"north": {"uv": [21, 66], "uv_size": [1, 6]},
								"east": {"uv": [0, 57], "uv_size": [2, 6]},
								"south": {"uv": [23, 66], "uv_size": [1, 6]},
								"west": {"uv": [3, 57], "uv_size": [2, 6]},
								"up": {"uv": [66, 72], "uv_size": [1, 2]},
								"down": {"uv": [68, 74], "uv_size": [1, -2]}
							}
						},
						{
							"origin": [-0.7384, -5.50272, 7.88828],
							"size": [0.30006, 2.50182, 0.69001],
							"pivot": [-0.51799, -3.82953, 8.23329],
							"rotation": [0, 0, -15],
							"uv": {
								"north": {"uv": [13, 35], "uv_size": [1, 9]},
								"east": {"uv": [10, 35], "uv_size": [2, 9]},
								"south": {"uv": [27, 59], "uv_size": [1, 9]},
								"west": {"uv": [0, 36], "uv_size": [2, 9]},
								"up": {"uv": [70, 72], "uv_size": [1, 2]},
								"down": {"uv": [72, 74], "uv_size": [1, -2]}
							}
						},
						{
							"origin": [0.38869, -5.50272, 7.88828],
							"size": [0.30006, 2.50182, 0.69001],
							"pivot": [0.46834, -3.82953, 8.23329],
							"rotation": [0, 0, 15],
							"uv": {
								"north": {"uv": [29, 59], "uv_size": [1, 9]},
								"east": {"uv": [3, 36], "uv_size": [2, 9]},
								"south": {"uv": [59, 51], "uv_size": [1, 9]},
								"west": {"uv": [10, 45], "uv_size": [2, 9]},
								"up": {"uv": [0, 73], "uv_size": [1, 2]},
								"down": {"uv": [2, 75], "uv_size": [1, -2]}
							}
						},
						{
							"origin": [-0.29784, -5.50275, 7.88828],
							"size": [0.54602, 0.53118, 0.69001],
							"uv": {
								"north": {"uv": [69, 21], "uv_size": [2, 2]},
								"east": {"uv": [69, 24], "uv_size": [2, 2]},
								"south": {"uv": [27, 69], "uv_size": [2, 2]},
								"west": {"uv": [69, 27], "uv_size": [2, 2]},
								"up": {"uv": [69, 30], "uv_size": [2, 2]},
								"down": {"uv": [69, 35], "uv_size": [2, -2]}
							}
						},
						{
							"origin": [-0.35784, 0.15536, 7.88575],
							"size": [0.66604, 0.79862, 0.69817],
							"pivot": [-0.02483, 0.55467, 8.23076],
							"rotation": [0, 0, 90],
							"uv": {
								"north": {"uv": [66, 8], "uv_size": [2, 3]},
								"east": {"uv": [66, 23], "uv_size": [2, 3]},
								"south": {"uv": [31, 66], "uv_size": [2, 3]},
								"west": {"uv": [66, 52], "uv_size": [2, 3]},
								"up": {"uv": [69, 36], "uv_size": [2, 2]},
								"down": {"uv": [69, 54], "uv_size": [2, -2]}
							}
						},
						{
							"origin": [-1.00836, -0.52274, 7.88828],
							"size": [0.46797, 0.94138, 0.69001],
							"pivot": [-0.15006, -0.05205, 6.04831],
							"rotation": [0, 0, 45],
							"uv": {
								"north": {"uv": [66, 56], "uv_size": [2, 3]},
								"east": {"uv": [61, 66], "uv_size": [2, 3]},
								"south": {"uv": [64, 66], "uv_size": [2, 3]},
								"west": {"uv": [0, 67], "uv_size": [2, 3]},
								"up": {"uv": [69, 55], "uv_size": [2, 2]},
								"down": {"uv": [67, 71], "uv_size": [2, -2]}
							}
						}
					]
				}
			]
		}
	]
}