{
	"format_version": "1.12.0",
	"minecraft:geometry": [
		{
			"description": {
				"identifier": "geometry.stock_carbon_bone_c5",
				"texture_width": 128,
				"texture_height": 128,
				"visible_bounds_width": 3,
				"visible_bounds_height": 1.5,
				"visible_bounds_offset": [0, 0.25, 0]
			},
			"bones": [
				{
					"name": "bone41",
					"pivot": [0.02413, -1.66073, 4.40296],
					"cubes": [
						{
							"origin": [-0.89094, -0.32064, -0.17767],
							"size": [1.82686, 0.74904, 6.84146],
							"uv": {
								"north": {"uv": [67, 0], "uv_size": [8, 3]},
								"east": {"uv": [30, 23], "uv_size": [29, 3]},
								"south": {"uv": [67, 4], "uv_size": [8, 3]},
								"west": {"uv": [30, 27], "uv_size": [29, 3]},
								"up": {"uv": [0, 0], "uv_size": [8, 29]},
								"down": {"uv": [9, 29], "uv_size": [8, -29]}
							}
						},
						{
							"origin": [-0.89094, 0.14803, 6.66378],
							"size": [1.82686, 0.28038, 0.46866],
							"uv": {
								"north": {"uv": [83, 27], "uv_size": [8, 1]},
								"east": {"uv": [27, 93], "uv_size": [2, 1]},
								"south": {"uv": [83, 72], "uv_size": [8, 1]},
								"west": {"uv": [45, 93], "uv_size": [2, 1]},
								"up": {"uv": [4, 75], "uv_size": [8, 2]},
								"down": {"uv": [76, 4], "uv_size": [8, -2]}
							}
						},
						{
							"origin": [-0.29808, -1.02364, 6.66378],
							"size": [0.64582, 1.21771, 0.46866],
							"uv": {
								"north": {"uv": [69, 76], "uv_size": [3, 5]},
								"east": {"uv": [72, 82], "uv_size": [2, 5]},
								"south": {"uv": [73, 76], "uv_size": [3, 5]},
								"west": {"uv": [35, 83], "uv_size": [2, 5]},
								"up": {"uv": [4, 90], "uv_size": [3, 2]},
								"down": {"uv": [22, 92], "uv_size": [3, -2]}
							}
						},
						{
							"origin": [-0.88391, -0.18957, 6.46088],
							"size": [1.81749, 0.28038, 0.60926],
							"pivot": [0.02483, -0.04938, 6.69521],
							"rotation": [52.5, 0, 0],
							"uv": {
								"north": {"uv": [85, 14], "uv_size": [8, 1]},
								"east": {"uv": [98, 72], "uv_size": [3, 1]},
								"south": {"uv": [87, 53], "uv_size": [8, 1]},
								"west": {"uv": [98, 87], "uv_size": [3, 1]},
								"up": {"uv": [67, 8], "uv_size": [8, 3]},
								"down": {"uv": [67, 15], "uv_size": [8, -3]}
							}
						},
						{
							"origin": [0.10508, -0.42184, 6.80876],
							"size": [0.88016, 0.28038, 0.66785],
							"pivot": [0.07649, -0.28165, 7.11339],
							"rotation": [48.458, 23.37058, -19.36497],
							"uv": {
								"north": {"uv": [92, 91], "uv_size": [4, 1]},
								"east": {"uv": [99, 24], "uv_size": [3, 1]},
								"south": {"uv": [93, 2], "uv_size": [4, 1]},
								"west": {"uv": [99, 37], "uv_size": [3, 1]},
								"up": {"uv": [7, 78], "uv_size": [4, 3]},
								"down": {"uv": [78, 27], "uv_size": [4, -3]}
							}
						},
						{
							"origin": [-0.93556, -0.47761, 6.83626],
							"size": [0.88016, 0.28038, 0.66785],
							"pivot": [-0.02682, -0.33742, 7.0706],
							"rotation": [48.458, -23.37058, 19.36497],
							"uv": {
								"north": {"uv": [93, 4], "uv_size": [4, 1]},
								"east": {"uv": [99, 39], "uv_size": [3, 1]},
								"south": {"uv": [93, 6], "uv_size": [4, 1]},
								"west": {"uv": [99, 41], "uv_size": [3, 1]},
								"up": {"uv": [55, 78], "uv_size": [4, 3]},
								"down": {"uv": [78, 72], "uv_size": [4, -3]}
							}
						},
						{
							"origin": [-0.39568, -0.91349, 1.81415],
							"size": [0.84103, 0.10463, 5.20113],
							"uv": {
								"north": {"uv": [93, 8], "uv_size": [4, 1]},
								"east": {"uv": [35, 21], "uv_size": [22, 1]},
								"south": {"uv": [93, 18], "uv_size": [4, 1]},
								"west": {"uv": [67, 16], "uv_size": [22, 1]},
								"up": {"uv": [0, 30], "uv_size": [4, 22]},
								"down": {"uv": [30, 22], "uv_size": [4, -22]}
							}
						},
						{
							"origin": [-0.39568, -1.70015, 2.28282],
							"size": [0.84103, 0.18829, 4.73247],
							"uv": {
								"north": {"uv": [22, 93], "uv_size": [4, 1]},
								"east": {"uv": [69, 74], "uv_size": [20, 1]},
								"south": {"uv": [40, 93], "uv_size": [4, 1]},
								"west": {"uv": [76, 0], "uv_size": [20, 1]},
								"up": {"uv": [13, 30], "uv_size": [4, 20]},
								"down": {"uv": [30, 51], "uv_size": [4, -20]}
							}
						},
						{
							"origin": [-0.39568, -1.51186, 2.28282],
							"size": [0.84103, 0.16321, 3.15072],
							"uv": {
								"north": {"uv": [69, 93], "uv_size": [4, 1]},
								"east": {"uv": [78, 20], "uv_size": [13, 1]},
								"south": {"uv": [74, 93], "uv_size": [4, 1]},
								"west": {"uv": [78, 22], "uv_size": [13, 1]},
								"up": {"uv": [59, 55], "uv_size": [4, 13]},
								"down": {"uv": [5, 73], "uv_size": [4, -13]}
							}
						},
						{
							"origin": [-0.39568, -1.34865, 2.28282],
							"size": [0.84103, 0.27195, 0.8777],
							"uv": {
								"north": {"uv": [93, 76], "uv_size": [4, 1]},
								"east": {"uv": [93, 78], "uv_size": [4, 1]},
								"south": {"uv": [79, 93], "uv_size": [4, 1]},
								"west": {"uv": [93, 80], "uv_size": [4, 1]},
								"up": {"uv": [76, 5], "uv_size": [4, 4]},
								"down": {"uv": [76, 14], "uv_size": [4, -4]}
							}
						},
						{
							"origin": [-0.39568, -1.70015, 1.88445],
							"size": [0.84103, 0.4921, 0.15127],
							"uv": {
								"north": {"uv": [87, 86], "uv_size": [4, 2]},
								"east": {"uv": [75, 82], "uv_size": [1, 2]},
								"south": {"uv": [88, 2], "uv_size": [4, 2]},
								"west": {"uv": [17, 86], "uv_size": [1, 2]},
								"up": {"uv": [92, 93], "uv_size": [4, 1]},
								"down": {"uv": [94, 14], "uv_size": [4, -1]}
							}
						},
						{
							"origin": [-0.39568, -1.31707, 1.91105],
							"size": [0.84103, 0.16403, 0.08097],
							"pivot": [0.02483, -1.39908, 1.98669],
							"rotation": [25, 0, 0],
							"uv": {
								"north": {"uv": [14, 94], "uv_size": [4, 1]},
								"east": {"uv": [58, 21], "uv_size": [1, 1]},
								"south": {"uv": [94, 24], "uv_size": [4, 1]},
								"west": {"uv": [33, 80], "uv_size": [1, 1]},
								"up": {"uv": [94, 31], "uv_size": [4, 1]},
								"down": {"uv": [94, 34], "uv_size": [4, -1]}
							}
						},
						{
							"origin": [-0.39568, -1.69073, 1.84194],
							"size": [0.84103, 0.18747, 0.08097],
							"pivot": [0.02483, -1.60871, 1.88242],
							"rotation": [-25, 0, 0],
							"uv": {
								"north": {"uv": [94, 35], "uv_size": [4, 1]},
								"east": {"uv": [53, 85], "uv_size": [1, 1]},
								"south": {"uv": [94, 37], "uv_size": [4, 1]},
								"west": {"uv": [57, 87], "uv_size": [1, 1]},
								"up": {"uv": [94, 39], "uv_size": [4, 1]},
								"down": {"uv": [94, 42], "uv_size": [4, -1]}
							}
						},
						{
							"origin": [-0.39568, -1.70015, 2.03572],
							"size": [0.84103, 0.10791, 0.2471],
							"uv": {
								"north": {"uv": [94, 43], "uv_size": [4, 1]},
								"east": {"uv": [8, 90], "uv_size": [1, 1]},
								"south": {"uv": [94, 45], "uv_size": [4, 1]},
								"west": {"uv": [30, 90], "uv_size": [1, 1]},
								"up": {"uv": [94, 47], "uv_size": [4, 1]},
								"down": {"uv": [94, 56], "uv_size": [4, -1]}
							}
						},
						{
							"origin": [-0.45426, -1.74701, 2.0943],
							"size": [0.95819, 0.11717, 0.11717],
							"pivot": [0.02483, -1.69306, 2.15927],
							"rotation": [-45, 0, 0],
							"uv": {
								"north": {"uv": [57, 94], "uv_size": [4, 1]},
								"east": {"uv": [84, 93], "uv_size": [1, 1]},
								"south": {"uv": [62, 94], "uv_size": [4, 1]},
								"west": {"uv": [40, 106], "uv_size": [1, 1]},
								"up": {"uv": [94, 68], "uv_size": [4, 1]},
								"down": {"uv": [94, 71], "uv_size": [4, -1]}
							}
						},
						{
							"origin": [-0.45426, -1.63799, 3.92138],
							"size": [0.95819, 0.17575, 0.17575],
							"pivot": [0.02483, -1.55012, 4.00926],
							"rotation": [-45, 0, 0],
							"uv": {
								"north": {"uv": [19, 95], "uv_size": [4, 1]},
								"east": {"uv": [42, 106], "uv_size": [1, 1]},
								"south": {"uv": [95, 20], "uv_size": [4, 1]},
								"west": {"uv": [44, 106], "uv_size": [1, 1]},
								"up": {"uv": [95, 22], "uv_size": [4, 1]},
								"down": {"uv": [24, 96], "uv_size": [4, -1]}
							}
						},
						{
							"origin": [-0.39568, -1.20805, 1.81415],
							"size": [0.84103, 0.13135, 0.22157],
							"uv": {
								"north": {"uv": [40, 95], "uv_size": [4, 1]},
								"east": {"uv": [46, 106], "uv_size": [1, 1]},
								"south": {"uv": [45, 95], "uv_size": [4, 1]},
								"west": {"uv": [106, 55], "uv_size": [1, 1]},
								"up": {"uv": [95, 49], "uv_size": [4, 1]},
								"down": {"uv": [50, 96], "uv_size": [4, -1]}
							}
						},
						{
							"origin": [-0.39568, -1.49775, 3.14075],
							"size": [0.84103, 0.29538, 0.08097],
							"pivot": [0.02483, -1.33835, 2.78286],
							"rotation": [17.5, 0, 0],
							"uv": {
								"north": {"uv": [95, 51], "uv_size": [4, 1]},
								"east": {"uv": [106, 57], "uv_size": [1, 1]},
								"south": {"uv": [95, 59], "uv_size": [4, 1]},
								"west": {"uv": [106, 61], "uv_size": [1, 1]},
								"up": {"uv": [67, 95], "uv_size": [4, 1]},
								"down": {"uv": [72, 96], "uv_size": [4, -1]}
							}
						},
						{
							"origin": [-0.39568, -1.07671, 1.81415],
							"size": [0.84103, 0.16321, 3.61939],
							"uv": {
								"north": {"uv": [77, 95], "uv_size": [4, 1]},
								"east": {"uv": [76, 67], "uv_size": [15, 1]},
								"south": {"uv": [82, 95], "uv_size": [4, 1]},
								"west": {"uv": [77, 76], "uv_size": [15, 1]},
								"up": {"uv": [35, 31], "uv_size": [4, 15]},
								"down": {"uv": [40, 46], "uv_size": [4, -15]}
							}
						},
						{
							"origin": [-0.3371, -1.56881, 3.03268],
							"size": [0.72386, 0.65531, 3.97089],
							"uv": {
								"north": {"uv": [87, 45], "uv_size": [3, 3]},
								"east": {"uv": [60, 21], "uv_size": [17, 3]},
								"south": {"uv": [87, 49], "uv_size": [3, 3]},
								"west": {"uv": [60, 25], "uv_size": [17, 3]},
								"up": {"uv": [44, 61], "uv_size": [3, 17]},
								"down": {"uv": [48, 78], "uv_size": [3, -17]}
							}
						},
						{
							"origin": [-0.39568, -1.45164, 6.54767],
							"size": [0.84103, 0.36239, 0.1044],
							"uv": {
								"north": {"uv": [88, 5], "uv_size": [4, 2]},
								"east": {"uv": [50, 102], "uv_size": [1, 2]},
								"south": {"uv": [88, 8], "uv_size": [4, 2]},
								"west": {"uv": [54, 102], "uv_size": [1, 2]},
								"up": {"uv": [95, 82], "uv_size": [4, 1]},
								"down": {"uv": [87, 96], "uv_size": [4, -1]}
							}
						},
						{
							"origin": [-0.33944, -1.51023, -0.17767],
							"size": [0.72854, 0.70135, 0.30359],
							"uv": {
								"north": {"uv": [53, 87], "uv_size": [3, 3]},
								"east": {"uv": [30, 99], "uv_size": [1, 3]},
								"south": {"uv": [87, 82], "uv_size": [3, 3]},
								"west": {"uv": [99, 43], "uv_size": [1, 3]},
								"up": {"uv": [99, 47], "uv_size": [3, 1]},
								"down": {"uv": [99, 56], "uv_size": [3, -1]}
							}
						},
						{
							"origin": [-0.33944, -1.14701, 0.06733],
							"size": [0.72854, 0.33814, 1.7916],
							"uv": {
								"north": {"uv": [57, 99], "uv_size": [3, 1]},
								"east": {"uv": [88, 11], "uv_size": [8, 1]},
								"south": {"uv": [61, 99], "uv_size": [3, 1]},
								"west": {"uv": [88, 57], "uv_size": [8, 1]},
								"up": {"uv": [52, 68], "uv_size": [3, 8]},
								"down": {"uv": [56, 77], "uv_size": [3, -8]}
							}
						},
						{
							"origin": [-0.21993, -1.66254, 0.84062],
							"size": [0.48953, 0.54904, 1.06517],
							"uv": {
								"north": {"uv": [27, 79], "uv_size": [2, 2]},
								"east": {"uv": [83, 24], "uv_size": [5, 2]},
								"south": {"uv": [4, 93], "uv_size": [2, 2]},
								"west": {"uv": [83, 69], "uv_size": [5, 2]},
								"up": {"uv": [38, 83], "uv_size": [2, 5]},
								"down": {"uv": [23, 89], "uv_size": [2, -5]}
							}
						},
						{
							"origin": [-0.24336, -1.48679, 1.36787],
							"size": [0.5364, 0.19754, 0.36217],
							"uv": {
								"north": {"uv": [103, 55], "uv_size": [2, 1]},
								"east": {"uv": [63, 103], "uv_size": [2, 1]},
								"south": {"uv": [66, 103], "uv_size": [2, 1]},
								"west": {"uv": [103, 67], "uv_size": [2, 1]},
								"up": {"uv": [35, 94], "uv_size": [2, 2]},
								"down": {"uv": [92, 97], "uv_size": [2, -2]}
							}
						},
						{
							"origin": [-0.33944, -1.63911, 0.60734],
							"size": [0.72854, 0.50217, 0.245],
							"uv": {
								"north": {"uv": [26, 90], "uv_size": [3, 2]},
								"east": {"uv": [32, 103], "uv_size": [1, 2]},
								"south": {"uv": [40, 90], "uv_size": [3, 2]},
								"west": {"uv": [69, 103], "uv_size": [1, 2]},
								"up": {"uv": [65, 99], "uv_size": [3, 1]},
								"down": {"uv": [99, 69], "uv_size": [3, -1]}
							}
						},
						{
							"origin": [-0.3371, -1.65489, -0.13116],
							"size": [0.72386, 0.17411, 0.44418],
							"pivot": [0.02483, -1.56783, 0.06164],
							"rotation": [-45, 0, 0],
							"uv": {
								"north": {"uv": [69, 99], "uv_size": [3, 1]},
								"east": {"uv": [103, 69], "uv_size": [2, 1]},
								"south": {"uv": [99, 70], "uv_size": [3, 1]},
								"west": {"uv": [71, 103], "uv_size": [2, 1]},
								"up": {"uv": [44, 90], "uv_size": [3, 2]},
								"down": {"uv": [78, 92], "uv_size": [3, -2]}
							}
						},
						{
							"origin": [-0.3371, -1.27996, 0.06802],
							"size": [0.72386, 0.08037, 0.15127],
							"pivot": [0.02483, -1.1929, 0.06164],
							"rotation": [45, 0, 0],
							"uv": {
								"north": {"uv": [73, 99], "uv_size": [3, 1]},
								"east": {"uv": [106, 63], "uv_size": [1, 1]},
								"south": {"uv": [77, 99], "uv_size": [3, 1]},
								"west": {"uv": [106, 67], "uv_size": [1, 1]},
								"up": {"uv": [81, 99], "uv_size": [3, 1]},
								"down": {"uv": [100, 3], "uv_size": [3, -1]}
							}
						},
						{
							"origin": [-0.3371, -1.27996, 0.77102],
							"size": [0.72386, 0.10381, 0.19814],
							"pivot": [0.02483, -1.1929, 0.81151],
							"rotation": [45, 0, 0],
							"uv": {
								"north": {"uv": [100, 4], "uv_size": [3, 1]},
								"east": {"uv": [68, 106], "uv_size": [1, 1]},
								"south": {"uv": [100, 15], "uv_size": [3, 1]},
								"west": {"uv": [106, 69], "uv_size": [1, 1]},
								"up": {"uv": [100, 17], "uv_size": [3, 1]},
								"down": {"uv": [100, 20], "uv_size": [3, -1]}
							}
						},
						{
							"origin": [-0.3371, -1.58459, 0.77102],
							"size": [0.72386, 0.10381, 0.22157],
							"pivot": [0.02483, -1.56783, 0.81151],
							"rotation": [-45, 0, 0],
							"uv": {
								"north": {"uv": [100, 21], "uv_size": [3, 1]},
								"east": {"uv": [106, 71], "uv_size": [1, 1]},
								"south": {"uv": [40, 100], "uv_size": [3, 1]},
								"west": {"uv": [106, 73], "uv_size": [1, 1]},
								"up": {"uv": [44, 100], "uv_size": [3, 1]},
								"down": {"uv": [48, 101], "uv_size": [3, -1]}
							}
						},
						{
							"origin": [-0.3371, -1.26079, 0.49727],
							"size": [0.72386, 0.12724, 0.29187],
							"pivot": [0.02483, -1.17374, 0.64321],
							"rotation": [-45, 0, 0],
							"uv": {
								"north": {"uv": [100, 49], "uv_size": [3, 1]},
								"east": {"uv": [80, 106], "uv_size": [1, 1]},
								"south": {"uv": [100, 51], "uv_size": [3, 1]},
								"west": {"uv": [82, 106], "uv_size": [1, 1]},
								"up": {"uv": [100, 59], "uv_size": [3, 1]},
								"down": {"uv": [100, 83], "uv_size": [3, -1]}
							}
						},
						{
							"origin": [-0.3371, -1.65489, 0.46638],
							"size": [0.72386, 0.20926, 0.33874],
							"pivot": [0.02483, -1.56783, 0.71777],
							"rotation": [45, 0, 0],
							"uv": {
								"north": {"uv": [100, 89], "uv_size": [3, 1]},
								"east": {"uv": [84, 106], "uv_size": [1, 1]},
								"south": {"uv": [100, 91], "uv_size": [3, 1]},
								"west": {"uv": [86, 106], "uv_size": [1, 1]},
								"up": {"uv": [98, 100], "uv_size": [3, 1]},
								"down": {"uv": [101, 7], "uv_size": [3, -1]}
							}
						},
						{
							"origin": [-0.33944, -1.80715, 0.17783],
							"size": [0.72854, 0.17411, 6.78288],
							"uv": {
								"north": {"uv": [101, 8], "uv_size": [3, 1]},
								"east": {"uv": [60, 29], "uv_size": [29, 1]},
								"south": {"uv": [101, 26], "uv_size": [3, 1]},
								"west": {"uv": [63, 18], "uv_size": [29, 1]},
								"up": {"uv": [5, 30], "uv_size": [3, 29]},
								"down": {"uv": [9, 59], "uv_size": [3, -29]}
							}
						},
						{
							"origin": [-0.21993, -1.92432, 5.21598],
							"size": [0.48953, 0.17411, 1.74473],
							"uv": {
								"north": {"uv": [74, 103], "uv_size": [2, 1]},
								"east": {"uv": [87, 89], "uv_size": [7, 1]},
								"south": {"uv": [77, 103], "uv_size": [2, 1]},
								"west": {"uv": [90, 16], "uv_size": [7, 1]},
								"up": {"uv": [52, 77], "uv_size": [2, 7]},
								"down": {"uv": [4, 85], "uv_size": [2, -7]}
							}
						},
						{
							"origin": [-0.10276, -2.15865, 5.23941],
							"size": [0.2552, 0.29127, 0.63165],
							"uv": {
								"north": {"uv": [106, 86], "uv_size": [1, 1]},
								"east": {"uv": [101, 43], "uv_size": [3, 1]},
								"south": {"uv": [88, 106], "uv_size": [1, 1]},
								"west": {"uv": [101, 45], "uv_size": [3, 1]},
								"up": {"uv": [52, 100], "uv_size": [1, 3]},
								"down": {"uv": [57, 104], "uv_size": [1, -3]}
							}
						},
						{
							"origin": [-0.10276, -2.15865, 5.82524],
							"size": [0.2552, 0.39672, 0.61993],
							"pivot": [0.02483, -2.01301, 5.80715],
							"rotation": [-22.5, 0, 0],
							"uv": {
								"north": {"uv": [80, 103], "uv_size": [1, 2]},
								"east": {"uv": [82, 90], "uv_size": [3, 2]},
								"south": {"uv": [91, 103], "uv_size": [1, 2]},
								"west": {"uv": [18, 91], "uv_size": [3, 2]},
								"up": {"uv": [59, 101], "uv_size": [1, 3]},
								"down": {"uv": [61, 104], "uv_size": [1, -3]}
							}
						},
						{
							"origin": [-0.21993, -1.92432, 6.20018],
							"size": [0.48953, 0.30299, 0.7371],
							"pivot": [0.02483, -1.83726, 6.18208],
							"rotation": [-35, 0, 0],
							"uv": {
								"north": {"uv": [93, 103], "uv_size": [2, 1]},
								"east": {"uv": [101, 53], "uv_size": [3, 1]},
								"south": {"uv": [0, 104], "uv_size": [2, 1]},
								"west": {"uv": [63, 101], "uv_size": [3, 1]},
								"up": {"uv": [91, 45], "uv_size": [2, 3]},
								"down": {"uv": [48, 94], "uv_size": [2, -3]}
							}
						},
						{
							"origin": [-0.21993, -2.69476, 6.05543],
							"size": [0.48953, 0.18583, 1.46353],
							"pivot": [0.02483, -2.60185, 6.51186],
							"rotation": [-97.5, 0, 0],
							"uv": {
								"north": {"uv": [104, 2], "uv_size": [2, 1]},
								"east": {"uv": [90, 29], "uv_size": [6, 1]},
								"south": {"uv": [3, 104], "uv_size": [2, 1]},
								"west": {"uv": [90, 74], "uv_size": [6, 1]},
								"up": {"uv": [77, 78], "uv_size": [2, 6]},
								"down": {"uv": [16, 85], "uv_size": [2, -6]}
							}
						},
						{
							"origin": [-0.21993, -3.23733, 6.55413],
							"size": [0.48953, 0.20926, 0.53792],
							"pivot": [0.02483, -3.14442, 6.47745],
							"rotation": [-132.5, 0, 0],
							"uv": {
								"north": {"uv": [104, 4], "uv_size": [2, 1]},
								"east": {"uv": [6, 104], "uv_size": [2, 1]},
								"south": {"uv": [9, 104], "uv_size": [2, 1]},
								"west": {"uv": [12, 104], "uv_size": [2, 1]},
								"up": {"uv": [95, 95], "uv_size": [2, 2]},
								"down": {"uv": [0, 98], "uv_size": [2, -2]}
							}
						},
						{
							"origin": [-0.21993, -3.81094, 5.32929],
							"size": [0.48953, 0.44359, 0.36217],
							"pivot": [0.02483, -3.46027, 5.96733],
							"rotation": [-12, 0, 0],
							"uv": {
								"north": {"uv": [3, 96], "uv_size": [2, 2]},
								"east": {"uv": [6, 96], "uv_size": [2, 2]},
								"south": {"uv": [9, 96], "uv_size": [2, 2]},
								"west": {"uv": [12, 96], "uv_size": [2, 2]},
								"up": {"uv": [15, 96], "uv_size": [2, 2]},
								"down": {"uv": [29, 98], "uv_size": [2, -2]}
							}
						},
						{
							"origin": [-0.21993, -3.65191, 5.68354],
							"size": [0.48953, 0.20926, 0.43247],
							"pivot": [0.02483, -3.53557, 6.32158],
							"rotation": [-12, 0, 0],
							"uv": {
								"north": {"uv": [104, 14], "uv_size": [2, 1]},
								"east": {"uv": [15, 104], "uv_size": [2, 1]},
								"south": {"uv": [104, 16], "uv_size": [2, 1]},
								"west": {"uv": [18, 104], "uv_size": [2, 1]},
								"up": {"uv": [57, 96], "uv_size": [2, 2]},
								"down": {"uv": [60, 98], "uv_size": [2, -2]}
							}
						},
						{
							"origin": [-0.21993, -2.95613, 4.36312],
							"size": [0.48953, 0.18582, 2.76408],
							"pivot": [0.02483, -2.86322, 5.21205],
							"rotation": [-80, 0, 0],
							"uv": {
								"north": {"uv": [104, 18], "uv_size": [2, 1]},
								"east": {"uv": [80, 78], "uv_size": [12, 1]},
								"south": {"uv": [104, 20], "uv_size": [2, 1]},
								"west": {"uv": [80, 80], "uv_size": [12, 1]},
								"up": {"uv": [69, 57], "uv_size": [2, 12]},
								"down": {"uv": [60, 81], "uv_size": [2, -12]}
							}
						},
						{
							"origin": [-0.21993, -4.7654, 5.45312],
							"size": [0.48953, 0.18583, 0.86598],
							"uv": {
								"north": {"uv": [21, 104], "uv_size": [2, 1]},
								"east": {"uv": [95, 89], "uv_size": [4, 1]},
								"south": {"uv": [24, 104], "uv_size": [2, 1]},
								"west": {"uv": [96, 53], "uv_size": [4, 1]},
								"up": {"uv": [32, 87], "uv_size": [2, 4]},
								"down": {"uv": [88, 63], "uv_size": [2, -4]}
							}
						},
						{
							"origin": [-0.21993, -4.3436, 5.45312],
							"size": [0.48953, 0.18583, 0.86598],
							"uv": {
								"north": {"uv": [34, 104], "uv_size": [2, 1]},
								"east": {"uv": [97, 0], "uv_size": [4, 1]},
								"south": {"uv": [37, 104], "uv_size": [2, 1]},
								"west": {"uv": [97, 10], "uv_size": [4, 1]},
								"up": {"uv": [72, 88], "uv_size": [2, 4]},
								"down": {"uv": [75, 92], "uv_size": [2, -4]}
							}
						},
						{
							"origin": [-0.31366, -4.28502, 5.62886],
							"size": [0.677, 0.18583, 0.8777],
							"uv": {
								"north": {"uv": [101, 65], "uv_size": [3, 1]},
								"east": {"uv": [18, 97], "uv_size": [4, 1]},
								"south": {"uv": [67, 101], "uv_size": [3, 1]},
								"west": {"uv": [23, 97], "uv_size": [4, 1]},
								"up": {"uv": [23, 79], "uv_size": [3, 4]},
								"down": {"uv": [43, 83], "uv_size": [3, -4]}
							}
						},
						{
							"origin": [-0.31366, -3.69919, 5.62886],
							"size": [0.677, 0.18583, 0.8777],
							"uv": {
								"north": {"uv": [71, 101], "uv_size": [3, 1]},
								"east": {"uv": [97, 29], "uv_size": [4, 1]},
								"south": {"uv": [75, 101], "uv_size": [3, 1]},
								"west": {"uv": [35, 97], "uv_size": [4, 1]},
								"up": {"uv": [47, 79], "uv_size": [3, 4]},
								"down": {"uv": [19, 84], "uv_size": [3, -4]}
							}
						},
						{
							"origin": [-0.31366, -4.07078, 5.41462],
							"size": [0.677, 0.34316, 0.21425],
							"uv": {
								"north": {"uv": [101, 76], "uv_size": [3, 1]},
								"east": {"uv": [90, 106], "uv_size": [1, 1]},
								"south": {"uv": [101, 78], "uv_size": [3, 1]},
								"west": {"uv": [98, 106], "uv_size": [1, 1]},
								"up": {"uv": [79, 101], "uv_size": [3, 1]},
								"down": {"uv": [101, 81], "uv_size": [3, -1]}
							}
						},
						{
							"origin": [-0.31366, -4.0992, 6.05903],
							"size": [0.677, 0.4, 0.44753],
							"uv": {
								"north": {"uv": [91, 49], "uv_size": [3, 2]},
								"east": {"uv": [63, 96], "uv_size": [2, 2]},
								"south": {"uv": [51, 91], "uv_size": [3, 2]},
								"west": {"uv": [40, 97], "uv_size": [2, 2]},
								"up": {"uv": [91, 59], "uv_size": [3, 2]},
								"down": {"uv": [91, 84], "uv_size": [3, -2]}
							}
						},
						{
							"origin": [-0.31366, -3.81069, 5.31158],
							"size": [0.677, 0.303, 0.20985],
							"pivot": [0.02483, -3.89352, 5.46337],
							"rotation": [-45, 0, 0],
							"uv": {
								"north": {"uv": [101, 84], "uv_size": [3, 1]},
								"east": {"uv": [106, 99], "uv_size": [1, 1]},
								"south": {"uv": [92, 101], "uv_size": [3, 1]},
								"west": {"uv": [100, 106], "uv_size": [1, 1]},
								"up": {"uv": [101, 93], "uv_size": [3, 1]},
								"down": {"uv": [101, 96], "uv_size": [3, -1]}
							}
						},
						{
							"origin": [-0.31366, -4.2907, 5.31158],
							"size": [0.677, 0.303, 0.20985],
							"pivot": [0.02483, -3.90486, 5.46337],
							"rotation": [45, 0, 0],
							"uv": {
								"north": {"uv": [101, 97], "uv_size": [3, 1]},
								"east": {"uv": [102, 106], "uv_size": [1, 1]},
								"south": {"uv": [0, 102], "uv_size": [3, 1]},
								"west": {"uv": [107, 2], "uv_size": [1, 1]},
								"up": {"uv": [102, 0], "uv_size": [3, 1]},
								"down": {"uv": [4, 103], "uv_size": [3, -1]}
							}
						},
						{
							"origin": [-0.31366, -4.05636, 5.83883],
							"size": [0.677, 0.06867, 0.15127],
							"pivot": [0.02483, -3.90486, 6.04921],
							"rotation": [45, 0, 0],
							"uv": {
								"north": {"uv": [8, 102], "uv_size": [3, 1]},
								"east": {"uv": [107, 4], "uv_size": [1, 1]},
								"south": {"uv": [102, 10], "uv_size": [3, 1]},
								"west": {"uv": [107, 14], "uv_size": [1, 1]},
								"up": {"uv": [12, 102], "uv_size": [3, 1]},
								"down": {"uv": [102, 13], "uv_size": [3, -1]}
							}
						},
						{
							"origin": [-0.31366, -3.81069, 5.83883],
							"size": [0.677, 0.06867, 0.15127],
							"pivot": [0.02483, -3.89352, 6.04921],
							"rotation": [-45, 0, 0],
							"uv": {
								"north": {"uv": [16, 102], "uv_size": [3, 1]},
								"east": {"uv": [107, 16], "uv_size": [1, 1]},
								"south": {"uv": [20, 102], "uv_size": [3, 1]},
								"west": {"uv": [107, 18], "uv_size": [1, 1]},
								"up": {"uv": [24, 102], "uv_size": [3, 1]},
								"down": {"uv": [102, 29], "uv_size": [3, -1]}
							}
						},
						{
							"origin": [-0.21993, -4.49592, 5.52342],
							"size": [0.48953, 0.10381, 0.20985],
							"pivot": [0.02483, -4.48502, 5.48774],
							"rotation": [-45, 0, 0],
							"uv": {
								"north": {"uv": [40, 104], "uv_size": [2, 1]},
								"east": {"uv": [107, 20], "uv_size": [1, 1]},
								"south": {"uv": [43, 104], "uv_size": [2, 1]},
								"west": {"uv": [107, 22], "uv_size": [1, 1]},
								"up": {"uv": [46, 104], "uv_size": [2, 1]},
								"down": {"uv": [104, 50], "uv_size": [2, -1]}
							}
						},
						{
							"origin": [-0.21993, -4.51935, 5.52342],
							"size": [0.48953, 0.11553, 0.18642],
							"pivot": [0.02483, -4.42644, 5.48774],
							"rotation": [45, 0, 0],
							"uv": {
								"north": {"uv": [104, 51], "uv_size": [2, 1]},
								"east": {"uv": [26, 107], "uv_size": [1, 1]},
								"south": {"uv": [104, 59], "uv_size": [2, 1]},
								"west": {"uv": [28, 107], "uv_size": [1, 1]},
								"up": {"uv": [82, 104], "uv_size": [2, 1]},
								"down": {"uv": [104, 83], "uv_size": [2, -1]}
							}
						},
						{
							"origin": [-0.16135, -2.62223, 4.7602],
							"size": [0.37236, 0.23433, 0.245],
							"pivot": [0.02483, -2.65655, 4.82411],
							"rotation": [-80, 0, 0],
							"uv": {
								"north": {"uv": [85, 104], "uv_size": [2, 1]},
								"east": {"uv": [107, 36], "uv_size": [1, 1]},
								"south": {"uv": [88, 104], "uv_size": [2, 1]},
								"west": {"uv": [107, 38], "uv_size": [1, 1]},
								"up": {"uv": [104, 88], "uv_size": [2, 1]},
								"down": {"uv": [104, 91], "uv_size": [2, -1]}
							}
						},
						{
							"origin": [-0.04418, -2.62223, 4.99453],
							"size": [0.13803, 0.23433, 0.20985],
							"pivot": [0.02483, -2.65655, 4.82411],
							"rotation": [-80, 0, 0],
							"uv": {
								"north": {"uv": [107, 40], "uv_size": [1, 1]},
								"east": {"uv": [107, 46], "uv_size": [1, 1]},
								"south": {"uv": [48, 107], "uv_size": [1, 1]},
								"west": {"uv": [107, 48], "uv_size": [1, 1]},
								"up": {"uv": [50, 107], "uv_size": [1, 1]},
								"down": {"uv": [107, 51], "uv_size": [1, -1]}
							}
						},
						{
							"origin": [-0.04418, -4.66221, 5.28891],
							"size": [0.13803, 0.14468, 0.27787],
							"pivot": [0.02483, -4.47066, 5.29782],
							"rotation": [-25, 0, 0],
							"uv": {
								"north": {"uv": [52, 107], "uv_size": [1, 1]},
								"east": {"uv": [54, 107], "uv_size": [1, 1]},
								"south": {"uv": [56, 107], "uv_size": [1, 1]},
								"west": {"uv": [58, 107], "uv_size": [1, 1]},
								"up": {"uv": [107, 59], "uv_size": [1, 1]},
								"down": {"uv": [60, 108], "uv_size": [1, -1]}
							}
						},
						{
							"origin": [-0.04418, -4.56474, 5.14196],
							"size": [0.13803, 0.23433, 0.32702],
							"pivot": [0.02483, -4.44758, 5.29375],
							"rotation": [-80, 0, 0],
							"uv": {
								"north": {"uv": [62, 107], "uv_size": [1, 1]},
								"east": {"uv": [64, 107], "uv_size": [1, 1]},
								"south": {"uv": [70, 107], "uv_size": [1, 1]},
								"west": {"uv": [72, 107], "uv_size": [1, 1]},
								"up": {"uv": [107, 82], "uv_size": [1, 1]},
								"down": {"uv": [107, 89], "uv_size": [1, -1]}
							}
						},
						{
							"origin": [-0.16135, -2.79267, 4.8309],
							"size": [0.37236, 0.54904, 0.1747],
							"pivot": [0.02483, -2.61189, 4.87138],
							"rotation": [-30, 0, 0],
							"uv": {
								"north": {"uv": [43, 97], "uv_size": [2, 2]},
								"east": {"uv": [52, 104], "uv_size": [1, 2]},
								"south": {"uv": [46, 97], "uv_size": [2, 2]},
								"west": {"uv": [96, 104], "uv_size": [1, 2]},
								"up": {"uv": [98, 104], "uv_size": [2, 1]},
								"down": {"uv": [101, 105], "uv_size": [2, -1]}
							}
						},
						{
							"origin": [-0.16135, -2.95613, 4.72739],
							"size": [0.37236, 0.12724, 1.93115],
							"pivot": [0.02483, -2.86322, 4.86055],
							"rotation": [-80, 0, 0],
							"uv": {
								"north": {"uv": [104, 101], "uv_size": [2, 1]},
								"east": {"uv": [88, 64], "uv_size": [8, 1]},
								"south": {"uv": [104, 103], "uv_size": [2, 1]},
								"west": {"uv": [78, 88], "uv_size": [8, 1]},
								"up": {"uv": [20, 71], "uv_size": [2, 8]},
								"down": {"uv": [63, 80], "uv_size": [2, -8]}
							}
						},
						{
							"origin": [-0.21993, -1.92432, 4.30208],
							"size": [0.48953, 0.38501, 0.92457],
							"pivot": [0.02483, -1.83726, 4.61206],
							"rotation": [-22.5, 0, 0],
							"uv": {
								"north": {"uv": [49, 97], "uv_size": [2, 2]},
								"east": {"uv": [10, 89], "uv_size": [4, 2]},
								"south": {"uv": [52, 97], "uv_size": [2, 2]},
								"west": {"uv": [89, 24], "uv_size": [4, 2]},
								"up": {"uv": [15, 89], "uv_size": [2, 4]},
								"down": {"uv": [35, 93], "uv_size": [2, -4]}
							}
						},
						{
							"origin": [-0.3371, -1.98126, 6.68056],
							"size": [0.72386, 0.17411, 0.28015],
							"uv": {
								"north": {"uv": [102, 30], "uv_size": [3, 1]},
								"east": {"uv": [107, 90], "uv_size": [1, 1]},
								"south": {"uv": [102, 32], "uv_size": [3, 1]},
								"west": {"uv": [92, 107], "uv_size": [1, 1]},
								"up": {"uv": [34, 102], "uv_size": [3, 1]},
								"down": {"uv": [102, 35], "uv_size": [3, -1]}
							}
						},
						{
							"origin": [-0.3371, -3.63607, 6.6704],
							"size": [0.72386, 1.67384, 0.28015],
							"pivot": [0.02483, -2.04929, 6.81047],
							"rotation": [-7.5, 0, 0],
							"uv": {
								"north": {"uv": [16, 71], "uv_size": [3, 7]},
								"east": {"uv": [16, 51], "uv_size": [1, 7]},
								"south": {"uv": [72, 61], "uv_size": [3, 7]},
								"west": {"uv": [38, 89], "uv_size": [1, 7]},
								"up": {"uv": [38, 102], "uv_size": [3, 1]},
								"down": {"uv": [42, 103], "uv_size": [3, -1]}
							}
						},
						{
							"origin": [-0.3371, -4.7998, 6.44238],
							"size": [0.72386, 1.20518, 0.28015],
							"pivot": [0.02483, -3.68168, 6.58246],
							"rotation": [-17.5, 0, 0],
							"uv": {
								"north": {"uv": [35, 77], "uv_size": [3, 5]},
								"east": {"uv": [55, 91], "uv_size": [1, 5]},
								"south": {"uv": [39, 77], "uv_size": [3, 5]},
								"west": {"uv": [33, 92], "uv_size": [1, 5]},
								"up": {"uv": [46, 102], "uv_size": [3, 1]},
								"down": {"uv": [102, 58], "uv_size": [3, -1]}
							}
						},
						{
							"origin": [-0.3371, -1.84066, 6.68056],
							"size": [0.72386, 0.20926, 0.11612],
							"pivot": [0.02483, -1.89421, 6.82063],
							"rotation": [45, 0, 0],
							"uv": {
								"north": {"uv": [102, 61], "uv_size": [3, 1]},
								"east": {"uv": [107, 92], "uv_size": [1, 1]},
								"south": {"uv": [102, 63], "uv_size": [3, 1]},
								"west": {"uv": [94, 107], "uv_size": [1, 1]},
								"up": {"uv": [102, 72], "uv_size": [3, 1]},
								"down": {"uv": [102, 75], "uv_size": [3, -1]}
							}
						},
						{
							"origin": [-0.05831, -1.52573, 0.82225],
							"size": [0.48953, 0.17411, 1.1589],
							"pivot": [0.06928, -1.43867, 3.56928],
							"rotation": [0, 0, 45],
							"uv": {
								"north": {"uv": [105, 6], "uv_size": [2, 1]},
								"east": {"uv": [91, 62], "uv_size": [5, 1]},
								"south": {"uv": [105, 8], "uv_size": [2, 1]},
								"west": {"uv": [92, 27], "uv_size": [5, 1]},
								"up": {"uv": [41, 84], "uv_size": [2, 5]},
								"down": {"uv": [44, 89], "uv_size": [2, -5]}
							}
						},
						{
							"origin": [-0.09263, -1.34558, 0.77032],
							"size": [0.48953, 0.17411, 1.21748],
							"pivot": [0.15213, -1.25852, 1.29119],
							"rotation": [0, 0, -45],
							"uv": {
								"north": {"uv": [105, 25], "uv_size": [2, 1]},
								"east": {"uv": [57, 92], "uv_size": [5, 1]},
								"south": {"uv": [27, 105], "uv_size": [2, 1]},
								"west": {"uv": [63, 92], "uv_size": [5, 1]},
								"up": {"uv": [47, 84], "uv_size": [2, 5]},
								"down": {"uv": [85, 7], "uv_size": [2, -5]}
							}
						},
						{
							"origin": [-0.38155, -1.52573, 0.82225],
							"size": [0.48953, 0.17411, 1.1589],
							"pivot": [-0.01962, -1.43867, 3.56928],
							"rotation": [0, 0, -45],
							"uv": {
								"north": {"uv": [105, 42], "uv_size": [2, 1]},
								"east": {"uv": [92, 66], "uv_size": [5, 1]},
								"south": {"uv": [105, 44], "uv_size": [2, 1]},
								"west": {"uv": [92, 72], "uv_size": [5, 1]},
								"up": {"uv": [85, 8], "uv_size": [2, 5]},
								"down": {"uv": [19, 90], "uv_size": [2, -5]}
							}
						},
						{
							"origin": [-0.34723, -1.34558, 0.77032],
							"size": [0.48953, 0.17411, 1.21748],
							"pivot": [-0.10247, -1.25852, 1.29119],
							"rotation": [0, 0, 45],
							"uv": {
								"north": {"uv": [49, 105], "uv_size": [2, 1]},
								"east": {"uv": [92, 85], "uv_size": [5, 1]},
								"south": {"uv": [105, 53], "uv_size": [2, 1]},
								"west": {"uv": [92, 87], "uv_size": [5, 1]},
								"up": {"uv": [50, 85], "uv_size": [2, 5]},
								"down": {"uv": [85, 65], "uv_size": [2, -5]}
							}
						},
						{
							"origin": [-0.39568, -1.55458, 5.34825],
							"size": [0.84103, 0.13978, 0.245],
							"pivot": [0.02483, -1.48469, 5.47074],
							"rotation": [-45, 0, 0],
							"uv": {
								"north": {"uv": [97, 57], "uv_size": [4, 1]},
								"east": {"uv": [96, 107], "uv_size": [1, 1]},
								"south": {"uv": [97, 61], "uv_size": [4, 1]},
								"west": {"uv": [107, 101], "uv_size": [1, 1]},
								"up": {"uv": [97, 63], "uv_size": [4, 1]},
								"down": {"uv": [66, 98], "uv_size": [4, -1]}
							}
						},
						{
							"origin": [-0.39568, -1.01056, 5.34825],
							"size": [0.84103, 0.13978, 0.245],
							"pivot": [0.02483, -0.94067, 5.47074],
							"rotation": [45, 0, 0],
							"uv": {
								"north": {"uv": [71, 97], "uv_size": [4, 1]},
								"east": {"uv": [107, 103], "uv_size": [1, 1]},
								"south": {"uv": [97, 74], "uv_size": [4, 1]},
								"west": {"uv": [104, 107], "uv_size": [1, 1]},
								"up": {"uv": [76, 97], "uv_size": [4, 1]},
								"down": {"uv": [81, 98], "uv_size": [4, -1]}
							}
						},
						{
							"origin": [-0.85093, 0.12699, -0.17767],
							"size": [0.41149, 0.22179, 6.84146],
							"pivot": [-0.05935, -0.02573, 3.47739],
							"rotation": [0, 0, -45],
							"uv": {
								"north": {"uv": [54, 105], "uv_size": [2, 1]},
								"east": {"uv": [64, 31], "uv_size": [29, 1]},
								"south": {"uv": [57, 105], "uv_size": [2, 1]},
								"west": {"uv": [64, 33], "uv_size": [29, 1]},
								"up": {"uv": [45, 31], "uv_size": [2, 29]},
								"down": {"uv": [35, 76], "uv_size": [2, -29]}
							}
						},
						{
							"origin": [-0.83661, -1.15519, 6.43001],
							"size": [0.64582, 0.98337, 0.28015],
							"pivot": [-0.63087, -0.28272, 6.57008],
							"rotation": [20, 0, -45],
							"uv": {
								"north": {"uv": [81, 5], "uv_size": [3, 4]},
								"east": {"uv": [16, 59], "uv_size": [1, 4]},
								"south": {"uv": [81, 10], "uv_size": [3, 4]},
								"west": {"uv": [55, 97], "uv_size": [1, 4]},
								"up": {"uv": [83, 102], "uv_size": [3, 1]},
								"down": {"uv": [102, 87], "uv_size": [3, -1]}
							}
						},
						{
							"origin": [-0.64256, -0.88205, 6.72961],
							"size": [0.64582, 0.98337, 0.28015],
							"pivot": [-0.31965, -0.39037, 6.86967],
							"rotation": [22.79588, -28.02432, -56.17023],
							"uv": {
								"north": {"uv": [12, 81], "uv_size": [3, 4]},
								"east": {"uv": [86, 97], "uv_size": [1, 4]},
								"south": {"uv": [63, 81], "uv_size": [3, 4]},
								"west": {"uv": [88, 97], "uv_size": [1, 4]},
								"up": {"uv": [87, 102], "uv_size": [3, 1]},
								"down": {"uv": [96, 103], "uv_size": [3, -1]}
							}
						},
						{
							"origin": [-0.01257, -1.02743, 6.56025],
							"size": [0.64582, 0.98337, 0.28015],
							"pivot": [0.4275, -0.53573, 6.70033],
							"rotation": [20, 0, 45],
							"uv": {
								"north": {"uv": [7, 82], "uv_size": [3, 4]},
								"east": {"uv": [90, 97], "uv_size": [1, 4]},
								"south": {"uv": [27, 82], "uv_size": [3, 4]},
								"west": {"uv": [98, 2], "uv_size": [1, 4]},
								"up": {"uv": [102, 99], "uv_size": [3, 1]},
								"down": {"uv": [100, 103], "uv_size": [3, -1]}
							}
						},
						{
							"origin": [0.0464, -0.88205, 6.72961],
							"size": [0.64582, 0.98337, 0.28015],
							"pivot": [0.36931, -0.39037, 6.86967],
							"rotation": [22.79588, 28.02432, 56.17023],
							"uv": {
								"north": {"uv": [31, 82], "uv_size": [3, 4]},
								"east": {"uv": [98, 15], "uv_size": [1, 4]},
								"south": {"uv": [55, 82], "uv_size": [3, 4]},
								"west": {"uv": [32, 98], "uv_size": [1, 4]},
								"up": {"uv": [103, 23], "uv_size": [3, 1]},
								"down": {"uv": [28, 104], "uv_size": [3, -1]}
							}
						},
						{
							"origin": [-0.85093, -0.76081, -0.17767],
							"size": [0.91478, 0.58235, 6.84146],
							"pivot": [-0.05935, -0.02573, 3.47739],
							"rotation": [0, 0, -45],
							"uv": {
								"north": {"uv": [60, 105], "uv_size": [2, 1]},
								"east": {"uv": [64, 35], "uv_size": [29, 1]},
								"south": {"uv": [63, 105], "uv_size": [2, 1]},
								"west": {"uv": [64, 37], "uv_size": [29, 1]},
								"up": {"uv": [38, 47], "uv_size": [2, 29]},
								"down": {"uv": [41, 76], "uv_size": [2, -29]}
							}
						},
						{
							"origin": [-0.84917, -0.22626, 0.05666],
							"size": [0.29432, 0.39754, 6.37279],
							"pivot": [-0.17476, 0.08968, 3.47739],
							"rotation": [0, 0, -45],
							"uv": {
								"north": {"uv": [30, 105], "uv_size": [1, 2]},
								"east": {"uv": [35, 18], "uv_size": [27, 2]},
								"south": {"uv": [66, 105], "uv_size": [1, 2]},
								"west": {"uv": [59, 46], "uv_size": [27, 2]},
								"up": {"uv": [33, 52], "uv_size": [1, 27]},
								"down": {"uv": [67, 84], "uv_size": [1, -27]}
							}
						},
						{
							"origin": [-1.02549, -0.25077, -0.17767],
							"size": [0.41149, 0.30545, 0.74882],
							"pivot": [-0.23392, 0.14883, 3.47739],
							"rotation": [0, 0, -45],
							"uv": {
								"north": {"uv": [105, 65], "uv_size": [2, 1]},
								"east": {"uv": [103, 36], "uv_size": [3, 1]},
								"south": {"uv": [71, 105], "uv_size": [2, 1]},
								"west": {"uv": [103, 38], "uv_size": [3, 1]},
								"up": {"uv": [86, 91], "uv_size": [2, 3]},
								"down": {"uv": [89, 94], "uv_size": [2, -3]}
							}
						},
						{
							"origin": [-0.71109, -0.56096, 6.30596],
							"size": [0.41149, 0.35232, 0.13955],
							"pivot": [-0.50534, -0.40824, 6.44604],
							"rotation": [25, 0, -45],
							"uv": {
								"north": {"uv": [97, 91], "uv_size": [2, 2]},
								"east": {"uv": [74, 105], "uv_size": [1, 2]},
								"south": {"uv": [98, 7], "uv_size": [2, 2]},
								"west": {"uv": [76, 105], "uv_size": [1, 2]},
								"up": {"uv": [105, 76], "uv_size": [2, 1]},
								"down": {"uv": [105, 79], "uv_size": [2, -1]}
							}
						},
						{
							"origin": [-0.65958, -0.61247, 0.51589],
							"size": [0.41149, 0.35232, 0.13955],
							"pivot": [-0.45384, -0.45974, 0.65597],
							"rotation": [25, 0, -45],
							"uv": {
								"north": {"uv": [98, 26], "uv_size": [2, 2]},
								"east": {"uv": [78, 105], "uv_size": [1, 2]},
								"south": {"uv": [98, 65], "uv_size": [2, 2]},
								"west": {"uv": [105, 92], "uv_size": [1, 2]},
								"up": {"uv": [105, 80], "uv_size": [2, 1]},
								"down": {"uv": [105, 85], "uv_size": [2, -1]}
							}
						},
						{
							"origin": [-0.67934, -0.59271, 6.38363],
							"size": [0.41149, 0.30545, 0.28015],
							"pivot": [-0.4736, -0.43998, 6.52371],
							"rotation": [0, 0, -45],
							"uv": {
								"north": {"uv": [93, 105], "uv_size": [2, 1]},
								"east": {"uv": [107, 105], "uv_size": [1, 1]},
								"south": {"uv": [105, 95], "uv_size": [2, 1]},
								"west": {"uv": [106, 107], "uv_size": [1, 1]},
								"up": {"uv": [105, 97], "uv_size": [2, 1]},
								"down": {"uv": [104, 106], "uv_size": [2, -1]}
							}
						},
						{
							"origin": [0.32788, -0.59699, -0.17767],
							"size": [0.41149, 0.30545, 0.74882],
							"pivot": [0.53362, -0.42962, 3.36022],
							"rotation": [0, 0, 45],
							"uv": {
								"north": {"uv": [0, 106], "uv_size": [2, 1]},
								"east": {"uv": [103, 40], "uv_size": [3, 1]},
								"south": {"uv": [106, 0], "uv_size": [2, 1]},
								"west": {"uv": [103, 47], "uv_size": [3, 1]},
								"up": {"uv": [8, 92], "uv_size": [2, 3]},
								"down": {"uv": [11, 95], "uv_size": [2, -3]}
							}
						},
						{
							"origin": [0.32788, 0.52192, 0.75126],
							"size": [0.41149, 0.35232, 0.13955],
							"pivot": [0.53362, -0.42962, 3.36022],
							"rotation": [25, 0, 45],
							"uv": {
								"north": {"uv": [98, 76], "uv_size": [2, 2]},
								"east": {"uv": [3, 106], "uv_size": [1, 2]},
								"south": {"uv": [98, 79], "uv_size": [2, 2]},
								"west": {"uv": [5, 106], "uv_size": [1, 2]},
								"up": {"uv": [7, 106], "uv_size": [2, 1]},
								"down": {"uv": [10, 107], "uv_size": [2, -1]}
							}
						},
						{
							"origin": [-0.17541, -1.30014, -0.17767],
							"size": [0.91478, 0.70314, 6.84146],
							"pivot": [0.53362, -0.42962, 3.36022],
							"rotation": [0, 0, 45],
							"uv": {
								"north": {"uv": [106, 10], "uv_size": [2, 1]},
								"east": {"uv": [64, 39], "uv_size": [29, 1]},
								"south": {"uv": [106, 12], "uv_size": [2, 1]},
								"west": {"uv": [64, 41], "uv_size": [29, 1]},
								"up": {"uv": [48, 31], "uv_size": [2, 29]},
								"down": {"uv": [13, 80], "uv_size": [2, -29]}
							}
						},
						{
							"origin": [0.32788, -0.29154, -0.17767],
							"size": [0.41149, 0.22179, 6.84146],
							"pivot": [0.53362, -0.42962, 3.36022],
							"rotation": [0, 0, 45],
							"uv": {
								"north": {"uv": [13, 106], "uv_size": [2, 1]},
								"east": {"uv": [64, 43], "uv_size": [29, 1]},
								"south": {"uv": [16, 106], "uv_size": [2, 1]},
								"west": {"uv": [64, 55], "uv_size": [29, 1]},
								"up": {"uv": [51, 31], "uv_size": [2, 29]},
								"down": {"uv": [30, 81], "uv_size": [2, -29]}
							}
						},
						{
							"origin": [0.29707, -0.57927, 0.05666],
							"size": [0.29432, 0.39754, 6.37279],
							"pivot": [0.38565, -0.41189, 3.36022],
							"rotation": [0, 0, 45],
							"uv": {
								"north": {"uv": [19, 106], "uv_size": [1, 2]},
								"east": {"uv": [59, 49], "uv_size": [27, 2]},
								"south": {"uv": [21, 106], "uv_size": [1, 2]},
								"west": {"uv": [59, 52], "uv_size": [27, 2]},
								"up": {"uv": [0, 68], "uv_size": [1, 27]},
								"down": {"uv": [2, 95], "uv_size": [1, -27]}
							}
						},
						{
							"origin": [0.32788, -0.59699, 6.38363],
							"size": [0.41149, 0.30545, 0.28015],
							"pivot": [0.53362, -0.42962, 3.36022],
							"rotation": [0, 0, 45],
							"uv": {
								"north": {"uv": [23, 106], "uv_size": [2, 1]},
								"east": {"uv": [0, 108], "uv_size": [1, 1]},
								"south": {"uv": [106, 27], "uv_size": [2, 1]},
								"west": {"uv": [108, 6], "uv_size": [1, 1]},
								"up": {"uv": [106, 29], "uv_size": [2, 1]},
								"down": {"uv": [106, 32], "uv_size": [2, -1]}
							}
						},
						{
							"origin": [0.32788, -1.85907, 6.02963],
							"size": [0.41149, 0.35232, 0.13955],
							"pivot": [0.53362, -0.42962, 3.36022],
							"rotation": [25, 0, 45],
							"uv": {
								"north": {"uv": [98, 84], "uv_size": [2, 2]},
								"east": {"uv": [32, 106], "uv_size": [1, 2]},
								"south": {"uv": [92, 98], "uv_size": [2, 2]},
								"west": {"uv": [106, 33], "uv_size": [1, 2]},
								"up": {"uv": [34, 106], "uv_size": [2, 1]},
								"down": {"uv": [37, 107], "uv_size": [2, -1]}
							}
						},
						{
							"origin": [-0.72666, -0.29249, -0.17767],
							"size": [0.41149, 0.50299, 7.31012],
							"pivot": [0.06492, 0.25778, 3.47739],
							"rotation": [0, 0, 45],
							"uv": {
								"north": {"uv": [98, 94], "uv_size": [2, 2]},
								"east": {"uv": [35, 0], "uv_size": [31, 2]},
								"south": {"uv": [95, 98], "uv_size": [2, 2]},
								"west": {"uv": [35, 3], "uv_size": [31, 2]},
								"up": {"uv": [18, 32], "uv_size": [2, 31]},
								"down": {"uv": [21, 63], "uv_size": [2, -31]}
							}
						},
						{
							"origin": [0.40451, 0.20926, -0.17767],
							"size": [0.41149, 0.50299, 7.31012],
							"pivot": [0.61026, 0.46076, 3.47739],
							"rotation": [0, 0, -45],
							"uv": {
								"north": {"uv": [98, 97], "uv_size": [2, 2]},
								"east": {"uv": [35, 6], "uv_size": [31, 2]},
								"south": {"uv": [0, 99], "uv_size": [2, 2]},
								"west": {"uv": [35, 9], "uv_size": [31, 2]},
								"up": {"uv": [24, 32], "uv_size": [2, 31]},
								"down": {"uv": [27, 63], "uv_size": [2, -31]}
							}
						},
						{
							"origin": [-0.52824, 0.4284, -0.17767],
							"size": [1.10615, 0.35567, 7.31012],
							"uv": {
								"north": {"uv": [75, 85], "uv_size": [5, 2]},
								"east": {"uv": [35, 12], "uv_size": [31, 2]},
								"south": {"uv": [81, 85], "uv_size": [5, 2]},
								"west": {"uv": [35, 15], "uv_size": [31, 2]},
								"up": {"uv": [18, 0], "uv_size": [5, 31]},
								"down": {"uv": [24, 31], "uv_size": [5, -31]}
							}
						},
						{
							"origin": [-0.78524, -0.29249, 7.08558],
							"size": [0.41149, 0.56158, 0.39837],
							"pivot": [0.00633, 0.25778, 3.82889],
							"rotation": [0, 0, 45],
							"uv": {
								"north": {"uv": [3, 99], "uv_size": [2, 2]},
								"east": {"uv": [6, 99], "uv_size": [2, 2]},
								"south": {"uv": [9, 99], "uv_size": [2, 2]},
								"west": {"uv": [12, 99], "uv_size": [2, 2]},
								"up": {"uv": [99, 12], "uv_size": [2, 2]},
								"down": {"uv": [15, 101], "uv_size": [2, -2]}
							}
						},
						{
							"origin": [0.46309, 0.20926, 7.08558],
							"size": [0.41149, 0.56158, 0.39837],
							"pivot": [0.66884, 0.46076, 3.82889],
							"rotation": [0, 0, -45],
							"uv": {
								"north": {"uv": [18, 99], "uv_size": [2, 2]},
								"east": {"uv": [21, 99], "uv_size": [2, 2]},
								"south": {"uv": [24, 99], "uv_size": [2, 2]},
								"west": {"uv": [27, 99], "uv_size": [2, 2]},
								"up": {"uv": [99, 31], "uv_size": [2, 2]},
								"down": {"uv": [34, 101], "uv_size": [2, -2]}
							}
						},
						{
							"origin": [-0.5454, 0.4284, 7.08558],
							"size": [1.14047, 0.39709, 0.39837],
							"uv": {
								"north": {"uv": [11, 86], "uv_size": [5, 2]},
								"east": {"uv": [99, 34], "uv_size": [2, 2]},
								"south": {"uv": [62, 86], "uv_size": [5, 2]},
								"west": {"uv": [37, 99], "uv_size": [2, 2]},
								"up": {"uv": [4, 87], "uv_size": [5, 2]},
								"down": {"uv": [26, 89], "uv_size": [5, -2]}
							}
						},
						{
							"origin": [-0.9425, -0.32064, 7.08558],
							"size": [1.93465, 0.74904, 0.39837],
							"uv": {
								"north": {"uv": [69, 70], "uv_size": [8, 3]},
								"east": {"uv": [92, 20], "uv_size": [2, 3]},
								"south": {"uv": [72, 57], "uv_size": [8, 3]},
								"west": {"uv": [30, 92], "uv_size": [2, 3]},
								"up": {"uv": [76, 61], "uv_size": [8, 2]},
								"down": {"uv": [76, 66], "uv_size": [8, -2]}
							}
						},
						{
							"origin": [-0.03412, -3.53313, 7.0496],
							"size": [0.99732, 3.3267, 0.39837],
							"pivot": [-0.00413, -0.58096, 7.24878],
							"rotation": [-7.47178, 0.65182, 4.95744],
							"uv": {
								"north": {"uv": [0, 53], "uv_size": [4, 14]},
								"east": {"uv": [10, 60], "uv_size": [2, 14]},
								"south": {"uv": [54, 31], "uv_size": [4, 14]},
								"west": {"uv": [23, 64], "uv_size": [2, 14]},
								"up": {"uv": [57, 89], "uv_size": [4, 2]},
								"down": {"uv": [62, 91], "uv_size": [4, -2]}
							}
						},
						{
							"origin": [-0.8012, -3.51725, 6.88201],
							"size": [0.99732, 3.3267, 0.39837],
							"pivot": [0.16612, -1.8539, 7.08119],
							"rotation": [-7.47178, -0.65182, -4.95744],
							"uv": {
								"north": {"uv": [54, 46], "uv_size": [4, 14]},
								"east": {"uv": [26, 64], "uv_size": [2, 14]},
								"south": {"uv": [59, 31], "uv_size": [4, 14]},
								"west": {"uv": [64, 57], "uv_size": [2, 14]},
								"up": {"uv": [67, 89], "uv_size": [4, 2]},
								"down": {"uv": [89, 71], "uv_size": [4, -2]}
							}
						},
						{
							"origin": [-0.65255, -4.86963, 6.53869],
							"size": [1.35477, 1.41437, 0.4102],
							"pivot": [0.02483, -3.85069, 6.73787],
							"rotation": [-20, 0, 0],
							"uv": {
								"north": {"uv": [52, 61], "uv_size": [6, 6]},
								"east": {"uv": [59, 82], "uv_size": [2, 6]},
								"south": {"uv": [16, 64], "uv_size": [6, 6]},
								"west": {"uv": [69, 82], "uv_size": [2, 6]},
								"up": {"uv": [81, 57], "uv_size": [6, 2]},
								"down": {"uv": [80, 84], "uv_size": [6, -2]}
							}
						}
					]
				}
			]
		}
	]
}