{
	"format_version": "1.12.0",
	"minecraft:geometry": [
		{
			"description": {
				"identifier": "geometry.stock_carbon_bone_c5",
				"texture_width": 128,
				"texture_height": 128,
				"visible_bounds_width": 3,
				"visible_bounds_height": 1.5,
				"visible_bounds_offset": [0, 0.25, 0]
			},
			"bones": [
				{
					"name": "stock",
					"pivot": [0, 0.00797, 3.375],
					"cubes": [
						{
							"origin": [-0.79721, -2.62484, 6.869],
							"size": [0.55093, 1.82426, 0.17595],
							"pivot": [0.03544, -1.24351, 6.95697],
							"rotation": [0, 0, -5],
							"uv": {
								"north": {"uv": [16, 62], "uv_size": [2, 8]},
								"east": {"uv": [0, 70], "uv_size": [1, 8]},
								"south": {"uv": [66, 0], "uv_size": [2, 8]},
								"west": {"uv": [2, 70], "uv_size": [1, 8]},
								"up": {"uv": [78, 73], "uv_size": [2, 1]},
								"down": {"uv": [78, 76], "uv_size": [2, -1]}
							}
						},
						{
							"origin": [-0.32222, -3.33895, 6.869],
							"size": [0.37498, 0.88586, 0.17595],
							"pivot": [0.04123, -3.36522, 6.95697],
							"rotation": [0, 0, -25],
							"uv": {
								"north": {"uv": [52, 38], "uv_size": [2, 4]},
								"east": {"uv": [43, 73], "uv_size": [1, 4]},
								"south": {"uv": [4, 70], "uv_size": [2, 4]},
								"west": {"uv": [45, 73], "uv_size": [1, 4]},
								"up": {"uv": [78, 77], "uv_size": [2, 1]},
								"down": {"uv": [0, 80], "uv_size": [2, -1]}
							}
						},
						{
							"origin": [-0.29927, -3.49501, 6.869],
							"size": [0.59853, 2.64536, 0.17595],
							"uv": {
								"north": {"uv": [39, 57], "uv_size": [3, 11]},
								"east": {"uv": [37, 58], "uv_size": [1, 11]},
								"south": {"uv": [43, 57], "uv_size": [3, 11]},
								"west": {"uv": [19, 62], "uv_size": [1, 11]},
								"up": {"uv": [75, 60], "uv_size": [3, 1]},
								"down": {"uv": [75, 63], "uv_size": [3, -1]}
							}
						},
						{
							"origin": [0.2427, -2.70662, 6.869],
							"size": [0.55093, 1.82426, 0.17595],
							"pivot": [0.89939, -1.32529, 6.95697],
							"rotation": [0, 0, 5],
							"uv": {
								"north": {"uv": [7, 66], "uv_size": [2, 8]},
								"east": {"uv": [10, 70], "uv_size": [1, 8]},
								"south": {"uv": [66, 9], "uv_size": [2, 8]},
								"west": {"uv": [12, 70], "uv_size": [1, 8]},
								"up": {"uv": [79, 0], "uv_size": [2, 1]},
								"down": {"uv": [79, 3], "uv_size": [2, -1]}
							}
						},
						{
							"origin": [-0.05277, -3.33895, 6.869],
							"size": [0.37498, 0.88586, 0.17595],
							"pivot": [-0.04123, -3.36522, 6.95697],
							"rotation": [0, 0, 25],
							"uv": {
								"north": {"uv": [70, 22], "uv_size": [2, 4]},
								"east": {"uv": [73, 54], "uv_size": [1, 4]},
								"south": {"uv": [70, 27], "uv_size": [2, 4]},
								"west": {"uv": [58, 73], "uv_size": [1, 4]},
								"up": {"uv": [10, 79], "uv_size": [2, 1]},
								"down": {"uv": [13, 80], "uv_size": [2, -1]}
							}
						},
						{
							"origin": [-0.83264, -0.87483, 6.869],
							"size": [1.66528, 1.35506, 0.17595],
							"uv": {
								"north": {"uv": [49, 53], "uv_size": [7, 6]},
								"east": {"uv": [31, 72], "uv_size": [1, 6]},
								"south": {"uv": [55, 38], "uv_size": [7, 6]},
								"west": {"uv": [73, 0], "uv_size": [1, 6]},
								"up": {"uv": [71, 44], "uv_size": [7, 1]},
								"down": {"uv": [71, 47], "uv_size": [7, -1]}
							}
						},
						{
							"origin": [-0.63172, 0.24491, 6.869],
							"size": [0.43363, 0.85067, 0.17595],
							"pivot": [-0.38558, 0.65852, 6.95697],
							"rotation": [0, 0, 37.5],
							"uv": {
								"north": {"uv": [70, 32], "uv_size": [2, 4]},
								"east": {"uv": [73, 59], "uv_size": [1, 4]},
								"south": {"uv": [33, 70], "uv_size": [2, 4]},
								"west": {"uv": [60, 73], "uv_size": [1, 4]},
								"up": {"uv": [79, 15], "uv_size": [2, 1]},
								"down": {"uv": [16, 80], "uv_size": [2, -1]}
							}
						},
						{
							"origin": [0.19809, 0.24491, 6.869],
							"size": [0.43363, 0.85067, 0.17595],
							"pivot": [0.38558, 0.65852, 6.95697],
							"rotation": [0, 0, -37.5],
							"uv": {
								"north": {"uv": [36, 70], "uv_size": [2, 4]},
								"east": {"uv": [62, 73], "uv_size": [1, 4]},
								"south": {"uv": [70, 37], "uv_size": [2, 4]},
								"west": {"uv": [64, 73], "uv_size": [1, 4]},
								"up": {"uv": [19, 79], "uv_size": [2, 1]},
								"down": {"uv": [22, 80], "uv_size": [2, -1]}
							}
						},
						{
							"origin": [-0.31479, 0.48022, 6.869],
							"size": [0.62957, 0.67488, 0.17595],
							"uv": {
								"north": {"uv": [33, 66], "uv_size": [3, 3]},
								"east": {"uv": [36, 75], "uv_size": [1, 3]},
								"south": {"uv": [69, 0], "uv_size": [3, 3]},
								"west": {"uv": [76, 7], "uv_size": [1, 3]},
								"up": {"uv": [76, 11], "uv_size": [3, 1]},
								"down": {"uv": [76, 14], "uv_size": [3, -1]}
							}
						},
						{
							"origin": [-0.7009, -0.32321, -0.119],
							"size": [1.43068, 0.59261, 6.988],
							"pivot": [-0.03487, -0.0269, -0.26276],
							"rotation": [0, 0, -45],
							"uv": {
								"north": {"uv": [63, 36], "uv_size": [6, 3]},
								"east": {"uv": [21, 31], "uv_size": [30, 3]},
								"south": {"uv": [63, 40], "uv_size": [6, 3]},
								"west": {"uv": [35, 0], "uv_size": [30, 3]},
								"up": {"uv": [0, 0], "uv_size": [6, 30]},
								"down": {"uv": [7, 30], "uv_size": [6, -30]}
							}
						},
						{
							"origin": [-0.47647, -1.05004, 4.39705],
							"size": [0.25768, 0.82721, 0.12595],
							"pivot": [-0.34763, -0.66576, 4.48935],
							"rotation": [0, 0, -17.5],
							"uv": {
								"north": {"uv": [66, 73], "uv_size": [1, 4]},
								"east": {"uv": [68, 73], "uv_size": [1, 4]},
								"south": {"uv": [70, 73], "uv_size": [1, 4]},
								"west": {"uv": [72, 73], "uv_size": [1, 4]},
								"up": {"uv": [55, 60], "uv_size": [1, 1]},
								"down": {"uv": [27, 80], "uv_size": [1, -1]}
							}
						},
						{
							"origin": [0.21879, -1.05004, 4.39705],
							"size": [0.25768, 0.82721, 0.12595],
							"pivot": [0.34763, -0.66576, 4.48935],
							"rotation": [0, 0, 17.5],
							"uv": {
								"north": {"uv": [18, 74], "uv_size": [1, 4]},
								"east": {"uv": [20, 74], "uv_size": [1, 4]},
								"south": {"uv": [22, 74], "uv_size": [1, 4]},
								"west": {"uv": [24, 74], "uv_size": [1, 4]},
								"up": {"uv": [31, 79], "uv_size": [1, 1]},
								"down": {"uv": [49, 80], "uv_size": [1, -1]}
							}
						},
						{
							"origin": [0.21879, -1.05004, 1.81645],
							"size": [0.25768, 0.82721, 0.12595],
							"pivot": [0.34763, -0.66576, 1.90875],
							"rotation": [0, 0, 17.5],
							"uv": {
								"north": {"uv": [26, 74], "uv_size": [1, 4]},
								"east": {"uv": [47, 74], "uv_size": [1, 4]},
								"south": {"uv": [49, 74], "uv_size": [1, 4]},
								"west": {"uv": [51, 74], "uv_size": [1, 4]},
								"up": {"uv": [79, 50], "uv_size": [1, 1]},
								"down": {"uv": [51, 80], "uv_size": [1, -1]}
							}
						},
						{
							"origin": [-0.47647, -1.05004, 1.81645],
							"size": [0.25768, 0.82721, 0.12595],
							"pivot": [-0.34763, -0.66576, 1.90875],
							"rotation": [0, 0, -17.5],
							"uv": {
								"north": {"uv": [53, 74], "uv_size": [1, 4]},
								"east": {"uv": [74, 71], "uv_size": [1, 4]},
								"south": {"uv": [75, 0], "uv_size": [1, 4]},
								"west": {"uv": [4, 75], "uv_size": [1, 4]},
								"up": {"uv": [79, 52], "uv_size": [1, 1]},
								"down": {"uv": [53, 80], "uv_size": [1, -1]}
							}
						},
						{
							"origin": [-0.71534, -0.28833, -0.119],
							"size": [1.43068, 0.59261, 6.988],
							"uv": {
								"north": {"uv": [64, 44], "uv_size": [6, 3]},
								"east": {"uv": [35, 4], "uv_size": [30, 3]},
								"south": {"uv": [47, 64], "uv_size": [6, 3]},
								"west": {"uv": [35, 8], "uv_size": [30, 3]},
								"up": {"uv": [14, 0], "uv_size": [6, 30]},
								"down": {"uv": [21, 30], "uv_size": [6, -30]}
							}
						},
						{
							"origin": [-0.2419, -1.69593, 2.24022],
							"size": [0.48379, 0.59261, 0.48379],
							"pivot": [0, -1.39963, 2.48211],
							"rotation": [0, -45, 0],
							"uv": {
								"north": {"uv": [73, 7], "uv_size": [2, 3]},
								"east": {"uv": [73, 11], "uv_size": [2, 3]},
								"south": {"uv": [73, 22], "uv_size": [2, 3]},
								"west": {"uv": [73, 26], "uv_size": [2, 3]},
								"up": {"uv": [6, 75], "uv_size": [2, 2]},
								"down": {"uv": [33, 77], "uv_size": [2, -2]}
							}
						},
						{
							"origin": [-0.1246, -2.71644, 2.35752],
							"size": [0.27265, 0.59261, 0.27265],
							"pivot": [0, -2.42014, 2.48211],
							"rotation": [0, -45, 0],
							"uv": {
								"north": {"uv": [76, 22], "uv_size": [1, 3]},
								"east": {"uv": [76, 26], "uv_size": [1, 3]},
								"south": {"uv": [76, 30], "uv_size": [1, 3]},
								"west": {"uv": [76, 34], "uv_size": [1, 3]},
								"up": {"uv": [55, 79], "uv_size": [1, 1]},
								"down": {"uv": [79, 61], "uv_size": [1, -1]}
							}
						},
						{
							"origin": [-0.0617, 0.95791, 5.05085],
							"size": [0.12341, 0.19092, 1.81815],
							"uv": {
								"north": {"uv": [79, 62], "uv_size": [1, 1]},
								"east": {"uv": [70, 42], "uv_size": [8, 1]},
								"south": {"uv": [79, 69], "uv_size": [1, 1]},
								"west": {"uv": [47, 70], "uv_size": [8, 1]},
								"up": {"uv": [14, 70], "uv_size": [1, 8]},
								"down": {"uv": [56, 78], "uv_size": [1, -8]}
							}
						},
						{
							"origin": [-0.0617, 0.72331, 4.78414],
							"size": [0.12341, 0.42552, 0.26671],
							"uv": {
								"north": {"uv": [50, 28], "uv_size": [1, 2]},
								"east": {"uv": [47, 57], "uv_size": [1, 2]},
								"south": {"uv": [72, 78], "uv_size": [1, 2]},
								"west": {"uv": [25, 79], "uv_size": [1, 2]},
								"up": {"uv": [76, 79], "uv_size": [1, 1]},
								"down": {"uv": [78, 80], "uv_size": [1, -1]}
							}
						},
						{
							"origin": [-0.72978, -0.32321, -0.119],
							"size": [1.43068, 0.59261, 6.988],
							"pivot": [0.03487, -0.0269, -0.26276],
							"rotation": [0, 0, 45],
							"uv": {
								"north": {"uv": [64, 48], "uv_size": [6, 3]},
								"east": {"uv": [35, 12], "uv_size": [30, 3]},
								"south": {"uv": [54, 64], "uv_size": [6, 3]},
								"west": {"uv": [35, 16], "uv_size": [30, 3]},
								"up": {"uv": [28, 0], "uv_size": [6, 30]},
								"down": {"uv": [0, 61], "uv_size": [6, -30]}
							}
						},
						{
							"origin": [-0.76466, -0.33765, -0.119],
							"size": [1.43068, 0.59261, 6.988],
							"pivot": [0, -0.04135, -0.26276],
							"rotation": [0, 0, 90],
							"uv": {
								"north": {"uv": [61, 65], "uv_size": [6, 3]},
								"east": {"uv": [35, 20], "uv_size": [30, 3]},
								"south": {"uv": [0, 66], "uv_size": [6, 3]},
								"west": {"uv": [21, 35], "uv_size": [30, 3]},
								"up": {"uv": [7, 31], "uv_size": [6, 30]},
								"down": {"uv": [14, 61], "uv_size": [6, -30]}
							}
						},
						{
							"origin": [-0.76398, -0.35301, -0.11558],
							"size": [1.55944, 0.64594, 0.14256],
							"pivot": [-0.03801, -0.03004, -0.27228],
							"rotation": [0, 0, -45],
							"uv": {
								"north": {"uv": [29, 58], "uv_size": [7, 3]},
								"east": {"uv": [38, 76], "uv_size": [1, 3]},
								"south": {"uv": [47, 60], "uv_size": [7, 3]},
								"west": {"uv": [40, 76], "uv_size": [1, 3]},
								"up": {"uv": [71, 48], "uv_size": [7, 1]},
								"down": {"uv": [71, 51], "uv_size": [7, -1]}
							}
						},
						{
							"origin": [-0.77972, -0.315, -0.11558],
							"size": [1.55944, 0.64594, 0.14256],
							"uv": {
								"north": {"uv": [61, 53], "uv_size": [7, 3]},
								"east": {"uv": [76, 71], "uv_size": [1, 3]},
								"south": {"uv": [61, 57], "uv_size": [7, 3]},
								"west": {"uv": [74, 76], "uv_size": [1, 3]},
								"up": {"uv": [58, 71], "uv_size": [7, 1]},
								"down": {"uv": [66, 72], "uv_size": [7, -1]}
							}
						},
						{
							"origin": [-0.79547, -0.35301, -0.11558],
							"size": [1.55944, 0.64594, 0.14256],
							"pivot": [0.03801, -0.03004, -0.27228],
							"rotation": [0, 0, 45],
							"uv": {
								"north": {"uv": [61, 61], "uv_size": [7, 3]},
								"east": {"uv": [76, 75], "uv_size": [1, 3]},
								"south": {"uv": [0, 62], "uv_size": [7, 3]},
								"west": {"uv": [77, 0], "uv_size": [1, 3]},
								"up": {"uv": [71, 69], "uv_size": [7, 1]},
								"down": {"uv": [72, 19], "uv_size": [7, -1]}
							}
						},
						{
							"origin": [-0.83348, -0.36875, -0.11558],
							"size": [1.55944, 0.64594, 0.14256],
							"pivot": [0, -0.04578, -0.27228],
							"rotation": [0, 0, 90],
							"uv": {
								"north": {"uv": [8, 62], "uv_size": [7, 3]},
								"east": {"uv": [77, 38], "uv_size": [1, 3]},
								"south": {"uv": [62, 28], "uv_size": [7, 3]},
								"west": {"uv": [6, 78], "uv_size": [1, 3]},
								"up": {"uv": [72, 20], "uv_size": [7, 1]},
								"down": {"uv": [47, 73], "uv_size": [7, -1]}
							}
						},
						{
							"origin": [-0.76466, -1.5693, -0.119],
							"size": [0.73861, 0.70991, 6.988],
							"pivot": [0, -1.21435, -0.26276],
							"rotation": [0, 0, 90],
							"uv": {
								"north": {"uv": [69, 4], "uv_size": [3, 3]},
								"east": {"uv": [35, 24], "uv_size": [30, 3]},
								"south": {"uv": [69, 8], "uv_size": [3, 3]},
								"west": {"uv": [21, 39], "uv_size": [30, 3]},
								"up": {"uv": [21, 43], "uv_size": [3, 30]},
								"down": {"uv": [25, 73], "uv_size": [3, -30]}
							}
						},
						{
							"origin": [-0.4866, -1.76278, 1.44109],
							"size": [0.97321, 0.24539, 3.29305],
							"pivot": [0, -1.64009, 3.08762],
							"rotation": [0, 0, 90],
							"uv": {
								"north": {"uv": [75, 5], "uv_size": [4, 1]},
								"east": {"uv": [35, 28], "uv_size": [14, 1]},
								"south": {"uv": [75, 54], "uv_size": [4, 1]},
								"west": {"uv": [68, 65], "uv_size": [14, 1]},
								"up": {"uv": [29, 43], "uv_size": [4, 14]},
								"down": {"uv": [34, 57], "uv_size": [4, -14]}
							}
						},
						{
							"origin": [-0.53006, -2.44905, 1.55839],
							"size": [0.73861, 0.70991, 1.8268],
							"pivot": [0, -2.0941, -0.38006],
							"rotation": [0, 0, 90],
							"uv": {
								"north": {"uv": [69, 12], "uv_size": [3, 3]},
								"east": {"uv": [55, 45], "uv_size": [8, 3]},
								"south": {"uv": [39, 69], "uv_size": [3, 3]},
								"west": {"uv": [55, 49], "uv_size": [8, 3]},
								"up": {"uv": [57, 53], "uv_size": [3, 8]},
								"down": {"uv": [58, 36], "uv_size": [3, -8]}
							}
						},
						{
							"origin": [-0.35411, -2.44905, 1.38244],
							"size": [0.56266, 0.70991, 0.17595],
							"pivot": [0, -2.0941, -0.38006],
							"rotation": [0, 0, 90],
							"uv": {
								"north": {"uv": [73, 30], "uv_size": [2, 3]},
								"east": {"uv": [78, 7], "uv_size": [1, 3]},
								"south": {"uv": [73, 34], "uv_size": [2, 3]},
								"west": {"uv": [8, 78], "uv_size": [1, 3]},
								"up": {"uv": [35, 79], "uv_size": [2, 1]},
								"down": {"uv": [79, 39], "uv_size": [2, -1]}
							}
						},
						{
							"origin": [-1.14926, -2.46931, 2.01257],
							"size": [0.14365, 0.71459, 0.24883],
							"pivot": [0, -2.11201, 2.63572],
							"rotation": [0, -45, 90],
							"uv": {
								"north": {"uv": [78, 22], "uv_size": [1, 3]},
								"east": {"uv": [78, 26], "uv_size": [1, 3]},
								"south": {"uv": [78, 30], "uv_size": [1, 3]},
								"west": {"uv": [33, 78], "uv_size": [1, 3]},
								"up": {"uv": [3, 80], "uv_size": [1, 1]},
								"down": {"uv": [80, 5], "uv_size": [1, -1]}
							}
						},
						{
							"origin": [-0.26279, -2.46931, 3.01079],
							"size": [0.15211, 0.71459, 1.53355],
							"pivot": [0, -2.11201, 2.63572],
							"rotation": [0, 30, 90],
							"uv": {
								"north": {"uv": [78, 34], "uv_size": [1, 3]},
								"east": {"uv": [29, 62], "uv_size": [7, 3]},
								"south": {"uv": [42, 78], "uv_size": [1, 3]},
								"west": {"uv": [62, 32], "uv_size": [7, 3]},
								"up": {"uv": [16, 71], "uv_size": [1, 7]},
								"down": {"uv": [29, 79], "uv_size": [1, -7]}
							}
						},
						{
							"origin": [-0.84929, -2.46931, 3.01079],
							"size": [0.5865, 0.71459, 1.18165],
							"pivot": [0, -2.11201, 2.63572],
							"rotation": [0, 30, 90],
							"uv": {
								"north": {"uv": [43, 69], "uv_size": [3, 3]},
								"east": {"uv": [10, 66], "uv_size": [5, 3]},
								"south": {"uv": [69, 52], "uv_size": [3, 3]},
								"west": {"uv": [66, 18], "uv_size": [5, 3]},
								"up": {"uv": [66, 22], "uv_size": [3, 5]},
								"down": {"uv": [29, 71], "uv_size": [3, -5]}
							}
						},
						{
							"origin": [-0.29325, -2.80307, 4.11836],
							"size": [0.68034, 0.70991, 0.29017],
							"pivot": [0, -2.44811, 3.8177],
							"rotation": [0, 0, 90],
							"uv": {
								"north": {"uv": [69, 56], "uv_size": [3, 3]},
								"east": {"uv": [44, 78], "uv_size": [1, 3]},
								"south": {"uv": [69, 60], "uv_size": [3, 3]},
								"west": {"uv": [58, 78], "uv_size": [1, 3]},
								"up": {"uv": [60, 78], "uv_size": [3, 1]},
								"down": {"uv": [64, 79], "uv_size": [3, -1]}
							}
						},
						{
							"origin": [-0.53939, -2.14401, 4.73414],
							"size": [1.07878, 0.24539, 2.13178],
							"pivot": [0, -2.02132, 5.80003],
							"rotation": [0, 0, 90],
							"uv": {
								"north": {"uv": [55, 62], "uv_size": [5, 1]},
								"east": {"uv": [69, 16], "uv_size": [9, 1]},
								"south": {"uv": [73, 52], "uv_size": [5, 1]},
								"west": {"uv": [61, 69], "uv_size": [9, 1]},
								"up": {"uv": [49, 43], "uv_size": [5, 9]},
								"down": {"uv": [52, 37], "uv_size": [5, -9]}
							}
						},
						{
							"origin": [-0.46314, -2.69885, 3.79574],
							"size": [0.90283, 0.24071, 3.14056],
							"pivot": [0, -2.57849, 5.80003],
							"rotation": [0, 25, 90],
							"uv": {
								"north": {"uv": [75, 56], "uv_size": [4, 1]},
								"east": {"uv": [47, 68], "uv_size": [13, 1]},
								"south": {"uv": [75, 58], "uv_size": [4, 1]},
								"west": {"uv": [68, 67], "uv_size": [13, 1]},
								"up": {"uv": [39, 43], "uv_size": [4, 13]},
								"down": {"uv": [44, 56], "uv_size": [4, -13]}
							}
						},
						{
							"origin": [0.58083, -2.5048, 6.64402],
							"size": [0.49192, 0.24071, 0.3379],
							"pivot": [0, -2.38444, 5.41164],
							"rotation": [0, 0, 90],
							"uv": {
								"north": {"uv": [79, 40], "uv_size": [2, 1]},
								"east": {"uv": [80, 6], "uv_size": [1, 1]},
								"south": {"uv": [79, 42], "uv_size": [2, 1]},
								"west": {"uv": [80, 8], "uv_size": [1, 1]},
								"up": {"uv": [79, 44], "uv_size": [2, 1]},
								"down": {"uv": [46, 80], "uv_size": [2, -1]}
							}
						},
						{
							"origin": [-0.43622, -1.39373, 6.49364],
							"size": [0.64477, 0.24071, 0.37228],
							"pivot": [0, -1.27337, 3.03028],
							"rotation": [0, 0, 90],
							"uv": {
								"north": {"uv": [68, 78], "uv_size": [3, 1]},
								"east": {"uv": [79, 46], "uv_size": [2, 1]},
								"south": {"uv": [78, 71], "uv_size": [3, 1]},
								"west": {"uv": [79, 48], "uv_size": [2, 1]},
								"up": {"uv": [73, 38], "uv_size": [3, 2]},
								"down": {"uv": [39, 75], "uv_size": [3, -2]}
							}
						}
					]
				},
				{
					"name": "bone2",
					"parent": "stock",
					"pivot": [0, 0.00797, -0.01497]
				}
			]
		}
	]
}