{
	"credit": "Made with Blockbench",
	"parent": "block/block",
	"texture_size": [32, 32],
	"textures": {
		"1": "create:block/cogwheel",
		"2": "create:block/andesite_casing_short",
		"3": "create:block/hand_crank_handle",
		"4": "create:block/metal_casing",
		"5": "create:block/axis",
		"6": "create:block/axis_top",
		"particle": "create:block/cogwheel"
	},
	"elements": [
		{
			"name": "Axis",
			"from": [6, 6, 11],
			"to": [10, 10, 16],
			"rotation": {"angle": 0, "axis": "x", "origin": [8, 8, 8]},
			"faces": {
				"north": {"uv": [0, 0, 0, 0], "texture": "#5"},
				"east": {"uv": [6, 0, 10, 5], "rotation": 270, "texture": "#5"},
				"south": {"uv": [6, 6, 10, 10], "texture": "#6"},
				"west": {"uv": [6, 0, 10, 5], "rotation": 90, "texture": "#5"},
				"up": {"uv": [6, 0, 10, 5], "rotation": 180, "texture": "#5"},
				"down": {"uv": [6, 0, 10, 5], "texture": "#5"}
			}
		},
		{
			"name": "Connector",
			"from": [5, 5, 10],
			"to": [11, 11, 13],
			"rotation": {"angle": 0, "axis": "y", "origin": [0, 0, -1]},
			"faces": {
				"north": {"uv": [5, 5, 11, 11], "texture": "#4"},
				"east": {"uv": [13, 6, 16, 12], "texture": "#4"},
				"south": {"uv": [5, 5, 11, 11], "texture": "#4"},
				"west": {"uv": [0, 3, 3, 9], "texture": "#4"},
				"up": {"uv": [6, 0, 12, 3], "texture": "#4"},
				"down": {"uv": [6, 13, 12, 16], "texture": "#4"}
			}
		},
		{
			"name": "Arm",
			"from": [0, 6, 5],
			"to": [16, 10, 8],
			"rotation": {"angle": 0, "axis": "y", "origin": [2, 0, -5]},
			"faces": {
				"north": {"uv": [0, 6, 16, 10], "texture": "#2"},
				"east": {"uv": [0, 0, 4, 3], "rotation": 90, "texture": "#2"},
				"south": {"uv": [0, 6, 16, 10], "texture": "#2"},
				"west": {"uv": [0, 0, 4, 3], "rotation": 90, "texture": "#2"},
				"up": {"uv": [0, 6, 16, 9], "texture": "#2"},
				"down": {"uv": [0, 6, 16, 9], "texture": "#2"}
			}
		},
		{
			"name": "Connector",
			"from": [1, 7, 4],
			"to": [3, 9, 5],
			"rotation": {"angle": 0, "axis": "y", "origin": [10, 8, 9]},
			"faces": {
				"north": {"uv": [0, 3, 2, 5], "texture": "#3"},
				"east": {"uv": [0, 3, 1, 5], "texture": "#3"},
				"south": {"uv": [0, 3, 2, 5], "texture": "#3"},
				"west": {"uv": [0, 3, 1, 5], "texture": "#3"},
				"up": {"uv": [0, 3, 2, 4], "texture": "#3"},
				"down": {"uv": [0, 3, 2, 4], "texture": "#3"}
			}
		},
		{
			"name": "Grip",
			"from": [0.5, 6.5, -2],
			"to": [3.5, 9.5, 4],
			"rotation": {"angle": 45, "axis": "z", "origin": [2, 8, 9]},
			"faces": {
				"north": {"uv": [0, 13, 3, 16], "rotation": 90, "texture": "#3"},
				"east": {"uv": [0, 0, 3, 6], "rotation": 90, "texture": "#3"},
				"south": {"uv": [0, 7, 3, 10], "texture": "#3"},
				"west": {"uv": [0, 0, 3, 6], "rotation": 270, "texture": "#3"},
				"up": {"uv": [0, 0, 3, 6], "texture": "#3"},
				"down": {"uv": [0, 0, 3, 6], "rotation": 180, "texture": "#3"}
			}
		},
		{
			"name": "Gear",
			"from": [-1, 6.5, 6.5],
			"to": [17, 9.5, 9.5],
			"rotation": {"angle": 0, "axis": "y", "origin": [8, 8, 8]},
			"faces": {
				"north": {"uv": [7, 6, 16, 7.5], "rotation": 180, "texture": "#1"},
				"east": {"uv": [5, 8, 6.5, 9.5], "rotation": 90, "texture": "#1"},
				"south": {"uv": [7, 6, 16, 7.5], "texture": "#1"},
				"west": {"uv": [5, 8, 6.5, 9.5], "rotation": 270, "texture": "#1"},
				"up": {"uv": [7, 8, 16, 9.5], "texture": "#1"},
				"down": {"uv": [7, 8, 16, 9.5], "rotation": 180, "texture": "#1"}
			}
		},
		{
			"name": "Gear2",
			"from": [6.5, -1, 6.5],
			"to": [9.5, 17, 9.5],
			"rotation": {"angle": 45, "axis": "z", "origin": [8, 8, 8]},
			"faces": {
				"north": {"uv": [7, 6, 16, 7.5], "rotation": 90, "texture": "#1"},
				"east": {"uv": [7, 8, 16, 9.5], "rotation": 90, "texture": "#1"},
				"south": {"uv": [7, 6, 16, 7.5], "rotation": 90, "texture": "#1"},
				"west": {"uv": [7, 8, 16, 9.5], "rotation": 270, "texture": "#1"},
				"up": {"uv": [5, 8, 6.5, 9.5], "texture": "#1"},
				"down": {"uv": [5, 8, 6.5, 9.5], "rotation": 180, "texture": "#1"}
			}
		},
		{
			"name": "Gear3",
			"from": [6.5, -1, 6.5],
			"to": [9.5, 17, 9.5],
			"rotation": {"angle": -45, "axis": "z", "origin": [8, 8, 8]},
			"faces": {
				"north": {"uv": [7, 6, 16, 7.5], "rotation": 270, "texture": "#1"},
				"east": {"uv": [7, 8, 16, 9.5], "rotation": 90, "texture": "#1"},
				"south": {"uv": [7, 6, 16, 7.5], "rotation": 270, "texture": "#1"},
				"west": {"uv": [7, 8, 16, 9.5], "rotation": 270, "texture": "#1"},
				"up": {"uv": [5, 8, 6.5, 9.5], "texture": "#1"},
				"down": {"uv": [5, 8, 6.5, 9.5], "rotation": 180, "texture": "#1"}
			}
		},
		{
			"name": "Gear4",
			"from": [6.5, -1, 6.5],
			"to": [9.5, 17, 9.5],
			"rotation": {"angle": 0, "axis": "y", "origin": [8, 8, 8]},
			"faces": {
				"north": {"uv": [7, 6, 16, 7.5], "rotation": 270, "texture": "#1"},
				"east": {"uv": [7, 8, 16, 9.5], "rotation": 90, "texture": "#1"},
				"south": {"uv": [7, 6, 16, 7.5], "rotation": 90, "texture": "#1"},
				"west": {"uv": [7, 8, 16, 9.5], "rotation": 270, "texture": "#1"},
				"up": {"uv": [5, 8, 6.5, 9.5], "texture": "#1"},
				"down": {"uv": [5, 8, 6.5, 9.5], "rotation": 180, "texture": "#1"}
			}
		},
		{
			"name": "GearCaseInner",
			"from": [2, 2, 6.55],
			"to": [14, 14, 9.45],
			"rotation": {"angle": 0, "axis": "y", "origin": [8, 8, 8]},
			"faces": {
				"north": {"uv": [4, 0, 10, 6], "rotation": 180, "texture": "#1"},
				"east": {"uv": [0, 6, 6, 7.5], "rotation": 90, "texture": "#1"},
				"south": {"uv": [4, 0, 10, 6], "texture": "#1"},
				"west": {"uv": [0, 6, 6, 7.5], "rotation": 270, "texture": "#1"},
				"up": {"uv": [0, 6, 6, 7.5], "texture": "#1"},
				"down": {"uv": [0, 6, 6, 7.5], "rotation": 180, "texture": "#1"}
			}
		},
		{
			"name": "GearCaseOuter",
			"from": [3, 3, 6],
			"to": [13, 13, 10],
			"rotation": {"angle": 0, "axis": "y", "origin": [8, 8, 8]},
			"faces": {
				"north": {"uv": [0, 8.5, 5, 13.5], "rotation": 180, "texture": "#1"},
				"east": {"uv": [5, 11, 10, 13], "rotation": 90, "texture": "#1"},
				"south": {"uv": [0, 8.5, 5, 13.5], "texture": "#1"},
				"west": {"uv": [5, 11, 10, 13], "rotation": 270, "texture": "#1"},
				"up": {"uv": [5, 11, 10, 13], "texture": "#1"},
				"down": {"uv": [5, 11, 10, 13], "rotation": 180, "texture": "#1"}
			}
		}
	],
	"display": {
		"thirdperson_righthand": {
			"rotation": [75, 45, 0],
			"translation": [0, 2.5, 0],
			"scale": [0.375, 0.375, 0.375]
		},
		"thirdperson_lefthand": {
			"rotation": [75, 45, 0],
			"translation": [0, 2.5, 0],
			"scale": [0.375, 0.375, 0.375]
		},
		"firstperson_righthand": {
			"rotation": [-19, 145, 0],
			"translation": [0, 2.25, 0],
			"scale": [0.4, 0.4, 0.4]
		},
		"firstperson_lefthand": {
			"rotation": [-19, 145, 0],
			"translation": [0, 2.25, 0],
			"scale": [0.4, 0.4, 0.4]
		},
		"ground": {
			"translation": [0, 1, 0],
			"scale": [0.25, 0.25, 0.25]
		},
		"gui": {
			"rotation": [30, 225, 0],
			"translation": [-1.5, -0.25, 0],
			"scale": [0.75, 0.75, 0.75]
		},
		"head": {
			"rotation": [90, 0, 0],
			"translation": [0, 14.5, 0]
		},
		"fixed": {
			"translation": [0, 0, -1]
		}
	}
}