{
  // 版本
  "version": "1.0.7",
  // 名称，支持在语言文件中定义
  "name": "pack.suffuse.name",
  // 描述文本，支持在语言文件中定义
  "desc": "pack.suffuse.desc",
  // 许可证
  "license": "CC BY-NC-ND 4.0",
  //部分程序代码原创美术模型动画资源采用[CC BY-NC-ND 4.0]
  //使用音效均来自第三方素材
  //Some program code, original art models, animation resources use [CC BY-NC-ND 4.0]
  //Sound effects used are all from third-party materials
  // 作者
  "authors": [
    "Suffuse GunSmoke Dev Team"
  ],
  // 日期：ISO 8601 标准，即 YYYY-MM-DD
  "date": "2025-5-25"
}