{
	"credit": "Made with Blockbench",
	"parent": "block/block",
	"textures": {
		"0": "create:block/axis",
		"1": "create:block/axis_top",
		"2": "create:block/gantry_shaft",
		"3": "create:block/cogwheel",
		"particle": "create:block/gantry_shaft"
	},
	"elements": [
		{
			"from": [4, 2, 4],
			"to": [12, 5, 12],
			"faces": {
				"north": {"uv": [9.5, 6, 13.5, 7.5], "texture": "#3"},
				"east": {"uv": [9.5, 6, 13.5, 7.5], "texture": "#3"},
				"south": {"uv": [9.5, 6, 13.5, 7.5], "texture": "#3"},
				"west": {"uv": [9.5, 6, 13.5, 7.5], "texture": "#3"},
				"up": {"uv": [0.5, 9, 4.5, 13], "rotation": 180, "texture": "#3"},
				"down": {"uv": [0.5, 9, 4.5, 13], "texture": "#3"}
			}
		},
		{
			"name": "Axis",
			"from": [6, 0, 6],
			"to": [10, 16, 10],
			"faces": {
				"north": {"uv": [6, 0, 10, 16], "rotation": 180, "texture": "#0"},
				"east": {"uv": [6, 0, 10, 16], "rotation": 180, "texture": "#0"},
				"south": {"uv": [6, 0, 10, 16], "rotation": 180, "texture": "#0"},
				"west": {"uv": [6, 0, 10, 16], "rotation": 180, "texture": "#0"},
				"up": {"uv": [6, 6, 10, 10], "texture": "#1"},
				"down": {"uv": [6, 6, 10, 10], "texture": "#1"}
			}
		},
		{
			"from": [4, 11, 4],
			"to": [12, 14, 12],
			"faces": {
				"north": {"uv": [9.5, 6, 13.5, 7.5], "texture": "#3"},
				"east": {"uv": [9.5, 6, 13.5, 7.5], "texture": "#3"},
				"south": {"uv": [9.5, 6, 13.5, 7.5], "texture": "#3"},
				"west": {"uv": [9.5, 6, 13.5, 7.5], "texture": "#3"},
				"up": {"uv": [0.5, 9, 4.5, 13], "rotation": 180, "texture": "#3"},
				"down": {"uv": [0.5, 9, 4.5, 13], "texture": "#3"}
			}
		},
		{
			"from": [5, 5, 5],
			"to": [11, 11, 11],
			"shade": false,
			"faces": {
				"north": {"uv": [0, 5, 6, 11], "rotation": 180, "texture": "#2"},
				"east": {"uv": [6, 5, 12, 11], "rotation": 180, "texture": "#2"},
				"south": {"uv": [0, 5, 6, 11], "rotation": 180, "texture": "#2"},
				"west": {"uv": [6, 5, 12, 11], "rotation": 180, "texture": "#2"},
				"up": {"uv": [0, 0, 0, 0], "texture": "#2"},
				"down": {"uv": [0, 0, 0, 0], "texture": "#2"}
			}
		}
	],
	"groups": [
		{
			"name": "rack",
			"origin": [8, 8, 8],
			"color": 0,
			"children": [
				{
					"name": "end",
					"origin": [8, 8, 8],
					"color": 0,
					"children": [
						0,
						{
							"name": "shaft",
							"origin": [8, 8, 8],
							"color": 0,
							"children": []
						}
					]
				},
				{
					"name": "middle",
					"origin": [8, 8, 8],
					"color": 0,
					"children": [
						{
							"name": "shaft",
							"origin": [8, 8, 8],
							"color": 0,
							"children": [1]
						}
					]
				},
				{
					"name": "start",
					"origin": [8, 8, 8],
					"color": 0,
					"children": [
						2,
						3,
						{
							"name": "shaft",
							"origin": [8, 8, 8],
							"color": 0,
							"children": []
						}
					]
				}
			]
		}
	]
}
