{
	"format_version": "1.12.0",
	"minecraft:geometry": [
		{
			"description": {
				"identifier": "geometry.5.45x39",
				"texture_width": 64,
				"texture_height": 64,
				"visible_bounds_width": 2,
				"visible_bounds_height": 1.5,
				"visible_bounds_offset": [0, 0.25, 0]
			},
			"bones": [
				{
					"name": "bone2",
					"pivot": [0, -0.00271, -0.59503],
					"rotation": [90, 0, 0],
					"cubes": [
						{
							"origin": [-0.2397, -1.57635, -0.83473],
							"size": [0.4794, 0.11985, 0.4794],
							"uv": {
								"north": {"uv": [30, 25], "uv_size": [4, 1]},
								"east": {"uv": [30, 27], "uv_size": [4, 1]},
								"south": {"uv": [30, 29], "uv_size": [4, 1]},
								"west": {"uv": [31, 0], "uv_size": [4, 1]},
								"up": {"uv": [10, 23], "uv_size": [4, 4]},
								"down": {"uv": [26, 4], "uv_size": [4, -4]}
							}
						},
						{
							"origin": [-0.2397, -1.39658, -0.83473],
							"size": [0.4794, 1.79775, 0.4794],
							"uv": {
								"north": {"uv": [16, 0], "uv_size": [4, 15]},
								"east": {"uv": [16, 16], "uv_size": [4, 15]},
								"south": {"uv": [21, 0], "uv_size": [4, 15]},
								"west": {"uv": [21, 16], "uv_size": [4, 15]},
								"up": {"uv": [0, 23], "uv_size": [4, 4]},
								"down": {"uv": [5, 27], "uv_size": [4, -4]}
							}
						},
						{
							"origin": [-0.14981, -1.58235, -0.74484],
							"size": [0.29962, 2.67266, 0.29962],
							"uv": {
								"north": {"uv": [0, 0], "uv_size": [3, 22]},
								"east": {"uv": [4, 0], "uv_size": [3, 22]},
								"south": {"uv": [8, 0], "uv_size": [3, 22]},
								"west": {"uv": [12, 0], "uv_size": [3, 22]},
								"down": {"uv": [26, 28], "uv_size": [3, -3]}
							}
						},
						{
							"origin": [-0.14981, 0.34881, -0.79635],
							"size": [0.29962, 0.35356, 0.08989],
							"pivot": [0, 0.52076, -0.61668],
							"rotation": [-15, 0, 0],
							"uv": {
								"north": {"uv": [4, 28], "uv_size": [3, 3]},
								"east": {"uv": [30, 31], "uv_size": [1, 3]},
								"west": {"uv": [0, 32], "uv_size": [1, 3]}
							}
						},
						{
							"origin": [-0.14981, 0.34881, -0.4836],
							"size": [0.29962, 0.35356, 0.08989],
							"pivot": [0, 0.52076, -0.57339],
							"rotation": [15, 0, 0],
							"uv": {
								"east": {"uv": [2, 32], "uv_size": [1, 3]},
								"south": {"uv": [8, 28], "uv_size": [3, 3]},
								"west": {"uv": [4, 32], "uv_size": [1, 3]}
							}
						},
						{
							"origin": [-0.12817, 0.34881, -0.50525],
							"size": [0.29962, 0.35356, 0.08989],
							"pivot": [0.02164, 0.52076, -0.59503],
							"rotation": [0, 90, -15],
							"uv": {
								"east": {"uv": [6, 32], "uv_size": [1, 3]},
								"south": {"uv": [12, 28], "uv_size": [3, 3]},
								"west": {"uv": [8, 32], "uv_size": [1, 3]}
							}
						},
						{
							"origin": [-0.26134, 0.34881, -0.86459],
							"size": [0.29962, 0.35356, 0.08989],
							"pivot": [-0.02164, 0.52076, -0.68492],
							"rotation": [0, 90, 15],
							"uv": {
								"north": {"uv": [26, 29], "uv_size": [3, 3]},
								"east": {"uv": [10, 32], "uv_size": [1, 3]},
								"west": {"uv": [12, 32], "uv_size": [1, 3]}
							}
						}
					]
				}
			]
		}
	]
}