{
  "materials": [
    {
      "item": {
        "tag": "forge:ingots/gold"
      },
      "count": 10
    },
    {
      "item": {
        "tag": "forge:ingots/iron"
      },
      "count": 90
    },
    {
      "item": {
        "tag": "forge:gems/lapis"
      },
      "count": 4
    },
    {
      "item": {
        "tag": "minecraft:logs"
      },
      "count": 12
    }
  ],
  "result": {
    "type": "gun",
    "id": "suffuse:aiyasinrpg"
  },
  "type": "tacz:gun_smith_table_crafting"
}