{
  "materials": [
    {
      "item": {
        "tag": "forge:gems/diamond"
      },
      "count": 8
    },
    {
      "item": {
        "tag": "forge:ingots/gold"
      },
      "count": 60
    },
    {
      "item": {
        "tag": "forge:ingots/iron"
      },
      "count": 233
    },
	{
      "item": {
        "tag": "forge:gems/lapis"
      },
      "count": 20
    },
    {
      "item": {
        "tag": "forge:rods/blaze"
      },
      "count": 5
    }
  ],
  "result": {
    "type": "gun",
    "id": "suffuse:axmc"
  },
  "type": "tacz:gun_smith_table_crafting"
}