{
  "materials": [
    {
      "item": {
        "tag": "forge:gems/diamond"
      },
      "count": 8
    },
    {
      "item": {
        "tag": "forge:ingots/gold"
      },
      "count": 65
    },
    {
      "item": {
        "tag": "forge:ingots/iron"
      },
      "count": 240
    },
	{
      "item": {
        "tag": "forge:gems/lapis"
      },
      "count": 25
    },
    {
      "item": {
        "tag": "forge:rods/blaze"
      },
      "count": 5
    }
  ],
  "result": {
    "type": "gun",
    "id": "suffuse:axsr"
  },
  "type": "tacz:gun_smith_table_crafting"
}