{
  "materials": [
    {
      "item": {
        "tag": "forge:rods/blaze"
      },
      "count": 10
    },
    {
      "item": {
        "tag": "forge:ingots/netherite"
      },
      "count": 3
    },
    {
      "item": {
        "tag": "forge:gems/diamond"
      },
      "count": 15
    },
    {
      "item": {
        "tag": "forge:ingots/gold"
      },
      "count": 80
    },
    {
      "item": {
        "tag": "forge:ingots/iron"
      },
      "count": 380
    },
    {
      "item": {
        "tag": "forge:gems/lapis"
      },
      "count": 15
    }
  ],
  "result": {
    "type": "gun",
    "id": "suffuse:gm6"
  },
  "type": "tacz:gun_smith_table_crafting"
}