{
  "materials": [
    {"item": {"tag": "forge:rods/blaze"},"count": 6},
    {"item": {"tag": "forge:ingots/netherite"},"count": 1},
    {"item": {"tag": "forge:gems/diamond"},"count": 3},
    {"item": {"tag": "forge:ingots/gold"},"count": 20},
    {"item": {"tag": "forge:ingots/iron"},"count": 300},
    {"item": {"tag": "forge:gems/quartz"},"count": 20},
	{"item": {"tag": "forge:dusts/redstone"},"count": 16},
	{"item": {"tag": "forge:gems/amethyst"},"count": 6}
  ],
  "result": {
    "type": "gun",
    "id": "suffuse:pf98a"
  },
  "type": "tacz:gun_smith_table_crafting"
}