{
  "materials": [
    {
      "item": {
        "tag": "forge:ingots/gold"
      },
      "count": 4
    },
    {
      "item": {
        "tag": "forge:ingots/iron"
      },
      "count": 48
    },
    {
      "item": {
        "tag": "forge:gems/quartz"
      },
      "count": 4
    },
    {
      "item": {
        "item": "minecraft:clay_ball"
      },
      "count": 8
    }
  ],
  "result": {
    "type": "gun",
    "id": "suffuse:qbz191"
  },
  "type": "tacz:gun_smith_table_crafting"
}