{
  "materials": [
    {
      "item": {
        "tag": "forge:ingots/iron"
      },
      "count": 14
    },
    {
      "item": {
        "tag": "forge:glass"
      },
      "count": 2
    },
    {
      "item": {
        "tag": "forge:dusts/redstone"
      },
      "count": 4
    },
	{
      "item": {
        "tag": "forge:leather"
      },
      "count": 2
    }
  ],
  "result": {
    "type": "attachment",
    "id": "suffuse:grip_flashlight"
  },
  "type": "tacz:gun_smith_table_crafting"
}