{
  "materials": [
    {
      "item": {
        "tag": "forge:ingots/iron"
      },
      "count": 14
    },
    {
      "item": {
        "tag": "forge:gems/amethyst"
      },
      "count": 4
    },
    {
      "item": {
        "tag": "forge:dusts/glowstone"
      },
      "count": 4
    },
    {
      "item": {
        "tag": "forge:dusts/redstone"
      },
      "count": 4
    }
  ],
  "result": {
    "type": "attachment",
    "id": "suffuse:scope_qlu11s"
  },
  "type": "tacz:gun_smith_table_crafting"
}