{
	"credit": "Made with Blockbench",
	"parent": "block/block",
	"textures": {
		"2": "create:block/brass_casing",
		"4": "create:block/brass_casing",
		"5": "create:block/rotation_speed_controller_bracket",
		"7": "create:block/funnel/brass_funnel_neutral",
		"particle": "create:block/brass_casing"
	},
	"elements": [
		{
			"from": [11.9, 3, 2],
			"to": [14, 6, 6],
			"rotation": {"angle": 0, "axis": "y", "origin": [8, 4.5, -24]},
			"faces": {
				"north": {"uv": [8, 3, 10, 6], "texture": "#5"},
				"east": {"uv": [10, 3, 14, 6], "texture": "#5"},
				"south": {"uv": [10, 3, 8, 6], "texture": "#5"},
				"up": {"uv": [10, 1, 14, 3], "rotation": 90, "texture": "#5"},
				"down": {"uv": [10, 1, 14, 3], "rotation": 90, "texture": "#5"}
			}
		},
		{
			"from": [4.1, 3, 2],
			"to": [11.9, 13, 6],
			"rotation": {"angle": 0, "axis": "y", "origin": [10, 4.5, -24]},
			"faces": {
				"north": {"uv": [0, 0, 8, 10], "rotation": 180, "texture": "#5"},
				"east": {"uv": [7, 0, 8, 10], "texture": "#5"},
				"south": {"uv": [0, 0, 8, 10], "rotation": 180, "texture": "#5"},
				"west": {"uv": [7, 0, 8, 10], "texture": "#5"},
				"up": {"uv": [8, 6, 16, 10], "texture": "#5"}
			}
		},
		{
			"from": [2, 3, 2],
			"to": [4.1, 6, 6],
			"rotation": {"angle": 0, "axis": "y", "origin": [3, 4.5, -24]},
			"faces": {
				"north": {"uv": [10, 3, 8, 6], "texture": "#5"},
				"south": {"uv": [8, 3, 10, 6], "texture": "#5"},
				"west": {"uv": [10, 3, 14, 6], "texture": "#5"},
				"up": {"uv": [10, 1, 14, 3], "rotation": 270, "texture": "#5"},
				"down": {"uv": [10, 1, 14, 3], "rotation": 270, "texture": "#5"}
			}
		},
		{
			"from": [2, 10, 2],
			"to": [4.1, 13, 6],
			"rotation": {"angle": 0, "axis": "y", "origin": [3, 11.5, -24]},
			"faces": {
				"north": {"uv": [10, 3, 8, 6], "texture": "#5"},
				"south": {"uv": [8, 3, 10, 6], "texture": "#5"},
				"west": {"uv": [10, 3, 14, 6], "texture": "#5"},
				"up": {"uv": [10, 1, 14, 3], "rotation": 270, "texture": "#5"},
				"down": {"uv": [10, 1, 14, 3], "rotation": 270, "texture": "#5"}
			}
		},
		{
			"from": [12.5, 6, 3.5],
			"to": [13.5, 14, 4.5],
			"rotation": {"angle": 0, "axis": "y", "origin": [20, 14, -16]},
			"faces": {
				"north": {"uv": [6, 13, 14, 14], "rotation": 90, "texture": "#2"},
				"east": {"uv": [6, 13, 14, 14], "rotation": 90, "texture": "#2"},
				"south": {"uv": [6, 13, 14, 14], "rotation": 90, "texture": "#2"},
				"west": {"uv": [6, 13, 14, 14], "rotation": 90, "texture": "#2"},
				"up": {"uv": [13, 9, 14, 10], "texture": "#2"},
				"down": {"uv": [0, 0, 0, 0], "texture": "#4"}
			}
		},
		{
			"from": [11.9, 10, 2],
			"to": [14, 13, 6],
			"rotation": {"angle": 0, "axis": "y", "origin": [18, 11.5, -24]},
			"faces": {
				"north": {"uv": [8, 3, 10, 6], "texture": "#5"},
				"east": {"uv": [10, 3, 14, 6], "texture": "#5"},
				"south": {"uv": [10, 3, 8, 6], "texture": "#5"},
				"up": {"uv": [10, 1, 14, 3], "rotation": 90, "texture": "#5"},
				"down": {"uv": [10, 1, 14, 3], "rotation": 90, "texture": "#5"}
			}
		},
		{
			"from": [2.5, 6, 3.5],
			"to": [3.5, 14, 4.5],
			"rotation": {"angle": 0, "axis": "y", "origin": [10, 14, -16]},
			"faces": {
				"north": {"uv": [6, 13, 14, 14], "rotation": 90, "texture": "#2"},
				"east": {"uv": [6, 13, 14, 14], "rotation": 90, "texture": "#2"},
				"south": {"uv": [6, 13, 14, 14], "rotation": 90, "texture": "#2"},
				"west": {"uv": [6, 13, 14, 14], "rotation": 90, "texture": "#2"},
				"up": {"uv": [13, 9, 14, 10], "texture": "#2"},
				"down": {"uv": [0, 0, 0, 0], "texture": "#4"}
			}
		},
		{
			"from": [11.9, 3, 10],
			"to": [14, 6, 14],
			"rotation": {"angle": 0, "axis": "y", "origin": [8, 4.5, -16]},
			"faces": {
				"north": {"uv": [8, 3, 10, 6], "texture": "#5"},
				"east": {"uv": [10, 3, 14, 6], "texture": "#5"},
				"south": {"uv": [10, 3, 8, 6], "texture": "#5"},
				"up": {"uv": [10, 1, 14, 3], "rotation": 90, "texture": "#5"},
				"down": {"uv": [10, 1, 14, 3], "rotation": 90, "texture": "#5"}
			}
		},
		{
			"from": [4.1, 3, 10],
			"to": [11.9, 13, 14],
			"rotation": {"angle": 0, "axis": "y", "origin": [10, 4.5, -16]},
			"faces": {
				"north": {"uv": [0, 0, 8, 10], "rotation": 180, "texture": "#5"},
				"east": {"uv": [7, 0, 8, 10], "texture": "#5"},
				"south": {"uv": [0, 0, 8, 10], "rotation": 180, "texture": "#5"},
				"west": {"uv": [7, 0, 8, 10], "texture": "#5"},
				"up": {"uv": [8, 6, 16, 10], "texture": "#5"}
			}
		},
		{
			"from": [2, 3, 10],
			"to": [4.1, 6, 14],
			"rotation": {"angle": 0, "axis": "y", "origin": [3, 4.5, -16]},
			"faces": {
				"north": {"uv": [10, 3, 8, 6], "texture": "#5"},
				"south": {"uv": [8, 3, 10, 6], "texture": "#5"},
				"west": {"uv": [10, 3, 14, 6], "texture": "#5"},
				"up": {"uv": [10, 1, 14, 3], "rotation": 270, "texture": "#5"},
				"down": {"uv": [10, 1, 14, 3], "rotation": 270, "texture": "#5"}
			}
		},
		{
			"from": [2, 10, 10],
			"to": [4.1, 13, 14],
			"rotation": {"angle": 0, "axis": "y", "origin": [3, 11.5, -16]},
			"faces": {
				"north": {"uv": [10, 3, 8, 6], "texture": "#5"},
				"south": {"uv": [8, 3, 10, 6], "texture": "#5"},
				"west": {"uv": [10, 3, 14, 6], "texture": "#5"},
				"up": {"uv": [10, 1, 14, 3], "rotation": 270, "texture": "#5"},
				"down": {"uv": [10, 1, 14, 3], "rotation": 270, "texture": "#5"}
			}
		},
		{
			"from": [12.5, 6, 11.5],
			"to": [13.5, 14, 12.5],
			"rotation": {"angle": 0, "axis": "y", "origin": [20, 14, -8]},
			"faces": {
				"north": {"uv": [6, 13, 14, 14], "rotation": 90, "texture": "#2"},
				"east": {"uv": [6, 13, 14, 14], "rotation": 90, "texture": "#2"},
				"south": {"uv": [6, 13, 14, 14], "rotation": 90, "texture": "#2"},
				"west": {"uv": [6, 13, 14, 14], "rotation": 90, "texture": "#2"},
				"up": {"uv": [13, 9, 14, 10], "texture": "#2"},
				"down": {"uv": [0, 0, 0, 0], "texture": "#4"}
			}
		},
		{
			"from": [11.9, 10, 10],
			"to": [14, 13, 14],
			"rotation": {"angle": 0, "axis": "y", "origin": [18, 11.5, -16]},
			"faces": {
				"north": {"uv": [8, 3, 10, 6], "texture": "#5"},
				"east": {"uv": [10, 3, 14, 6], "texture": "#5"},
				"south": {"uv": [10, 3, 8, 6], "texture": "#5"},
				"up": {"uv": [10, 1, 14, 3], "rotation": 90, "texture": "#5"},
				"down": {"uv": [10, 1, 14, 3], "rotation": 90, "texture": "#5"}
			}
		},
		{
			"from": [2.5, 6, 11.5],
			"to": [3.5, 14, 12.5],
			"rotation": {"angle": 0, "axis": "y", "origin": [10, 14, -8]},
			"faces": {
				"north": {"uv": [6, 13, 14, 14], "rotation": 90, "texture": "#2"},
				"east": {"uv": [6, 13, 14, 14], "rotation": 90, "texture": "#2"},
				"south": {"uv": [6, 13, 14, 14], "rotation": 90, "texture": "#2"},
				"west": {"uv": [6, 13, 14, 14], "rotation": 90, "texture": "#2"},
				"up": {"uv": [13, 9, 14, 10], "texture": "#2"},
				"down": {"uv": [0, 0, 0, 0], "texture": "#4"}
			}
		},
		{
			"from": [1, -2, 10],
			"to": [15, 3, 15],
			"rotation": {"angle": 0, "axis": "y", "origin": [8, 1.5, 8]},
			"faces": {
				"north": {"uv": [8, 1.5, 10.5, 8], "rotation": 90, "texture": "#7"},
				"east": {"uv": [8, 10, 10.5, 12.5], "texture": "#7"},
				"south": {"uv": [0, 10, 14, 15], "texture": "#5"},
				"west": {"uv": [13.5, 10, 16, 12.5], "texture": "#7"},
				"up": {"uv": [16, 1, 15, 15], "rotation": 90, "texture": "#2"}
			}
		},
		{
			"from": [1, -2, 1],
			"to": [15, 3, 6],
			"rotation": {"angle": 0, "axis": "y", "origin": [8, 1.5, 8]},
			"faces": {
				"north": {"uv": [14, 10, 0, 15], "texture": "#5"},
				"east": {"uv": [13.5, 10, 16, 12.5], "texture": "#7"},
				"south": {"uv": [8, 1.5, 10.5, 8], "rotation": 90, "texture": "#7"},
				"west": {"uv": [8, 10, 10.5, 12.5], "texture": "#7"},
				"up": {"uv": [16, 1, 15, 15], "rotation": 90, "texture": "#2"}
			}
		}
	]
}
