{
	"credit": "Jsdpk",
	"parent": "block/leaves",
	"texture_size": [32, 32],
	"textures": {
		"0": "block/oak_leaves",
		"1": "block/oak_leaves1",
		"2": "block/oak_leaves2",
		"particle": "block/oak_leaves"
	},
	"elements": [
		{
			"from": [0, 0, 0],
			"to": [16, 16, 16],
			"faces": {
				"north": {"uv": [0, 0, 16, 16], "texture": "#0", "cullface": "north", "tintindex": 0},
				"east": {"uv": [0, 0, 16, 16], "texture": "#0", "cullface": "east", "tintindex": 0},
				"south": {"uv": [0, 0, 16, 16], "texture": "#0", "cullface": "south", "tintindex": 0},
				"west": {"uv": [0, 0, 16, 16], "texture": "#0", "cullface": "west", "tintindex": 0},
				"up": {"uv": [0, 0, 16, 16], "texture": "#0", "cullface": "up", "tintindex": 0},
				"down": {"uv": [16, 16, 0, 0], "texture": "#0", "cullface": "down", "tintindex": 0}
			}
		},
		{
			"from": [13.95319, -7, -9.39939],
			"to": [13.95319, 25, 22.60061],
			"rotation": {"angle": 22.5, "axis": "y", "origin": [14.95319, 27, 22.60061]},
			"faces": {
				"north": {"uv": [0, 0, 0, 0], "texture": "#2", "tintindex": 0},
				"east": {"uv": [16, 0, 0, 16], "rotation": 90, "texture": "#2", "tintindex": 0},
				"south": {"uv": [0, 0, 0, 0], "rotation": 180, "texture": "#2", "tintindex": 0},
				"west": {"uv": [16, 0, 0, 16], "rotation": 270, "texture": "#2", "tintindex": 0},
				"up": {"uv": [0, 0, 0, 0], "texture": "#2", "tintindex": 0},
				"down": {"uv": [0, 0, 0, 0], "rotation": 180, "texture": "#2", "tintindex": 0}
			}
		},
		{
			"from": [-9.91136, -8, 1.41826],
			"to": [22.08864, 24, 1.41826],
			"rotation": {"angle": 22.5, "axis": "y", "origin": [23.08864, -8, 0.41826]},
			"faces": {
				"north": {"uv": [16, 0, 0, 16], "texture": "#2", "tintindex": 0},
				"east": {"uv": [0, 0, 0, 0], "texture": "#2", "tintindex": 0},
				"south": {"uv": [16, 0, 0, 16], "texture": "#2", "tintindex": 0},
				"west": {"uv": [0, 0, 0, 0], "texture": "#2", "tintindex": 0},
				"up": {"uv": [0, 0, 0, 0], "texture": "#2", "tintindex": 0},
				"down": {"uv": [0, 0, 0, 0], "texture": "#2", "tintindex": 0}
			}
		},
		{
			"from": [-7.3561, -8, 2.26288],
			"to": [24.6439, 24, 2.26288],
			"rotation": {"angle": -22.5, "axis": "y", "origin": [-5.3561, -8, 3.26288]},
			"faces": {
				"north": {"uv": [16, 0, 0, 16], "texture": "#1", "tintindex": 0},
				"east": {"uv": [0, 0, 0, 0], "texture": "#1", "tintindex": 0},
				"south": {"uv": [16, 0, 0, 16], "texture": "#1", "tintindex": 0},
				"west": {"uv": [0, 0, 0, 0], "texture": "#1", "tintindex": 0},
				"up": {"uv": [0, 0, 0, 0], "texture": "#1", "tintindex": 0},
				"down": {"uv": [0, 0, 0, 0], "texture": "#1", "tintindex": 0}
			}
		},
		{
			"from": [12.93159, -8, -7.32013],
			"to": [12.93159, 24, 24.67987],
			"rotation": {"angle": -22.5, "axis": "y", "origin": [14.93159, -8, -6.32013]},
			"faces": {
				"north": {"uv": [0, 0, 0, 0], "texture": "#1", "tintindex": 0},
				"east": {"uv": [16, 0, 0, 16], "texture": "#1", "tintindex": 0},
				"south": {"uv": [0, 0, 0, 0], "texture": "#1", "tintindex": 0},
				"west": {"uv": [16, 0, 0, 16], "texture": "#1", "tintindex": 0},
				"up": {"uv": [0, 0, 0, 0], "texture": "#1", "tintindex": 0},
				"down": {"uv": [0, 0, 0, 0], "texture": "#1", "tintindex": 0}
			}
		}
	],
	"display": {
		"thirdperson_righthand": {
			"rotation": [45, 45, 0],
			"scale": [0.45, 0.45, 0.45]
		},
		"thirdperson_lefthand": {
			"rotation": [45, 45, 0],
			"scale": [0.45, 0.45, 0.45]
		},
		"firstperson_righthand": {
			"scale": [0.45, 0.45, 0.45]
		},
		"firstperson_lefthand": {
			"scale": [0.45, 0.45, 0.45]
		},
		"ground": {
			"scale": [0.45, 0.45, 0.45]
		},
		"gui": {
			"rotation": [39, 36, 0],
			"scale": [0.6, 0.6, 0.6]
		},
		"fixed": {
			"scale": [0.6, 0.6, 0.6]
		}
	},
	"groups": [
		0,
		{
			"name": "cross_down",
			"origin": [22.78207, -8, 1.87707],
			"color": 0,
			"children": [1, 2]
		},
		{
			"name": "cross_up",
			"origin": [13.93159, -8, -6.32013],
			"color": 0,
			"children": [3, 4]
		}
	]
}