{
	"credit": "Made with Blockbench",
	"parent": "block/block",
	"ambientocclusion": false,
	"textures": {
		"0": "block/lever",
		"particle": "block/lever"
	},
	"elements": [
		{
			"from": [7, 0, -2],
			"to": [9, 2, 8],
			"rotation": {"angle": 45, "axis": "x", "origin": [8, 1, 8]},
			"faces": {
				"north": {"uv": [14, 6, 16, 8], "rotation": 180, "texture": "#0"},
				"east": {"uv": [14, 6, 16, 16], "rotation": 90, "texture": "#0"},
				"south": {"uv": [0, 0, 0, 0], "texture": "#0"},
				"west": {"uv": [14, 6, 16, 16], "rotation": 270, "texture": "#0"},
				"up": {"uv": [14, 6, 16, 16], "texture": "#0"},
				"down": {"uv": [14, 6, 16, 16], "rotation": 180, "texture": "#0"}
			}
		}
	],
	"groups": [
		{
			"name": "lever",
			"origin": [8, 8, 8],
			"color": 0,
			"children": [0]
		}
	]
}
