{
	"credit": "Made with Blockbench",
	"parent": "block/block",
	"texture_size": [32, 32],
	"textures": {
		"1": "create:block/large_cogwheel",
		"2": "create:block/andesite_casing_short",
		"3": "create:block/hand_crank_handle",
		"4": "create:block/metal_casing",
		"particle": "create:block/large_cogwheel"
	},
	"elements": [
		{
			"name": "Connector",
			"from": [5, 5, 10],
			"to": [11, 11, 13],
			"rotation": {"angle": 0, "axis": "y", "origin": [0, 0, -1]},
			"faces": {
				"north": {"uv": [5, 5, 11, 11], "texture": "#4"},
				"east": {"uv": [13, 6, 16, 12], "texture": "#4"},
				"south": {"uv": [5, 5, 11, 11], "texture": "#4"},
				"west": {"uv": [0, 3, 3, 9], "texture": "#4"},
				"up": {"uv": [6, 0, 12, 3], "texture": "#4"},
				"down": {"uv": [6, 13, 12, 16], "texture": "#4"}
			}
		},
		{
			"name": "Arm",
			"from": [0, 6, 5],
			"to": [16, 10, 8],
			"rotation": {"angle": 0, "axis": "y", "origin": [2, 0, -5]},
			"faces": {
				"north": {"uv": [0, 6, 16, 10], "texture": "#2"},
				"east": {"uv": [0, 0, 4, 3], "rotation": 90, "texture": "#2"},
				"south": {"uv": [0, 6, 16, 10], "texture": "#2"},
				"west": {"uv": [0, 0, 4, 3], "rotation": 90, "texture": "#2"},
				"up": {"uv": [0, 6, 16, 9], "texture": "#2"},
				"down": {"uv": [0, 6, 16, 9], "texture": "#2"}
			}
		},
		{
			"name": "Connector",
			"from": [1, 7, 4],
			"to": [3, 9, 5],
			"rotation": {"angle": 0, "axis": "y", "origin": [10, 8, 4]},
			"faces": {
				"north": {"uv": [0, 3, 2, 5], "texture": "#3"},
				"east": {"uv": [0, 3, 1, 5], "texture": "#3"},
				"south": {"uv": [0, 3, 2, 5], "texture": "#3"},
				"west": {"uv": [0, 3, 1, 5], "texture": "#3"},
				"up": {"uv": [0, 3, 2, 4], "texture": "#3"},
				"down": {"uv": [0, 3, 2, 4], "texture": "#3"}
			}
		},
		{
			"name": "Grip",
			"from": [0.5, 6.5, -2],
			"to": [3.5, 9.5, 4],
			"rotation": {"angle": 45, "axis": "z", "origin": [2, 8, 4]},
			"faces": {
				"north": {"uv": [0, 13, 3, 16], "rotation": 90, "texture": "#3"},
				"east": {"uv": [0, 0, 3, 6], "rotation": 90, "texture": "#3"},
				"south": {"uv": [0, 7, 3, 10], "texture": "#3"},
				"west": {"uv": [0, 0, 3, 6], "rotation": 270, "texture": "#3"},
				"up": {"uv": [0, 0, 3, 6], "texture": "#3"},
				"down": {"uv": [0, 0, 3, 6], "rotation": 180, "texture": "#3"}
			}
		},
		{
			"name": "GearCaseInnerRotated",
			"from": [-2, -2, 6.625],
			"to": [18, 18, 9.375],
			"rotation": {"angle": -45, "axis": "z", "origin": [8, 8, 8]},
			"faces": {
				"north": {"uv": [0, 0, 10, 10], "rotation": 180, "texture": "#1"},
				"east": {"uv": [0, 10, 10, 11.5], "rotation": 90, "texture": "#1"},
				"south": {"uv": [0, 0, 10, 10], "texture": "#1"},
				"west": {"uv": [0, 10, 10, 11.5], "rotation": 270, "texture": "#1"},
				"up": {"uv": [0, 10, 10, 11.5], "texture": "#1"},
				"down": {"uv": [0, 10, 10, 11.5], "rotation": 180, "texture": "#1"}
			}
		},
		{
			"name": "Gear2",
			"from": [-7, 6.5, 6.525],
			"to": [23, 9.5, 9.475],
			"rotation": {"angle": -22.5, "axis": "z", "origin": [8, 8, 8]},
			"faces": {
				"north": {"uv": [0, 11.5, 15, 13], "rotation": 180, "texture": "#1"},
				"east": {"uv": [10, 9.5, 11.5, 11], "rotation": 90, "texture": "#1"},
				"south": {"uv": [0, 11.5, 15, 13], "texture": "#1"},
				"west": {"uv": [10, 9.5, 11.5, 11], "rotation": 270, "texture": "#1"},
				"up": {"uv": [0, 13, 15, 14.5], "texture": "#1"},
				"down": {"uv": [0, 13, 15, 14.5], "rotation": 180, "texture": "#1"}
			}
		},
		{
			"name": "Gear3",
			"from": [6.5, -7, 6.525],
			"to": [9.5, 23, 9.475],
			"rotation": {"angle": 45, "axis": "z", "origin": [8, 8, 8]},
			"faces": {
				"north": {"uv": [0, 11.5, 15, 13], "rotation": 90, "texture": "#1"},
				"east": {"uv": [0, 13, 15, 14.5], "rotation": 90, "texture": "#1"},
				"south": {"uv": [0, 11.5, 15, 13], "rotation": 90, "texture": "#1"},
				"west": {"uv": [0, 13, 15, 14.5], "rotation": 270, "texture": "#1"},
				"up": {"uv": [10, 9.5, 11.5, 11], "texture": "#1"},
				"down": {"uv": [10, 9.5, 11.5, 11], "rotation": 180, "texture": "#1"}
			}
		},
		{
			"name": "Gear4",
			"from": [6.5, -7, 6.525],
			"to": [9.5, 23, 9.475],
			"rotation": {"angle": -22.5, "axis": "z", "origin": [8, 8, 8]},
			"faces": {
				"north": {"uv": [0, 11.5, 15, 13], "rotation": 270, "texture": "#1"},
				"east": {"uv": [0, 13, 15, 14.5], "rotation": 90, "texture": "#1"},
				"south": {"uv": [0, 11.5, 15, 13], "rotation": 90, "texture": "#1"},
				"west": {"uv": [0, 13, 15, 14.5], "rotation": 270, "texture": "#1"},
				"up": {"uv": [10, 9.5, 11.5, 11], "texture": "#1"},
				"down": {"uv": [10, 9.5, 11.5, 11], "rotation": 180, "texture": "#1"}
			}
		},
		{
			"name": "GearCaseInner",
			"from": [-2, -2, 6.6],
			"to": [18, 18, 9.4],
			"rotation": {"angle": 0, "axis": "z", "origin": [8, 8, 8]},
			"faces": {
				"north": {"uv": [0, 0, 10, 10], "rotation": 180, "texture": "#1"},
				"east": {"uv": [0, 10, 10, 11.5], "rotation": 90, "texture": "#1"},
				"south": {"uv": [0, 0, 10, 10], "texture": "#1"},
				"west": {"uv": [0, 10, 10, 11.5], "rotation": 270, "texture": "#1"},
				"up": {"uv": [0, 10, 10, 11.5], "texture": "#1"},
				"down": {"uv": [0, 10, 10, 11.5], "rotation": 180, "texture": "#1"}
			}
		},
		{
			"name": "GearCaseOuter",
			"from": [1, 1, 5.975],
			"to": [15, 15, 10.025],
			"rotation": {"angle": 0, "axis": "x", "origin": [8, 8, 8]},
			"faces": {
				"north": {"uv": [1.5, 1.5, 8.5, 8.5], "rotation": 180, "texture": "#1"},
				"east": {"uv": [10, 0, 12.5, 7], "rotation": 180, "texture": "#1"},
				"south": {"uv": [1.5, 1.5, 8.5, 8.5], "texture": "#1"},
				"west": {"uv": [10, 0, 12.5, 7], "texture": "#1"},
				"up": {"uv": [10, 0, 12.5, 7], "rotation": 90, "texture": "#1"},
				"down": {"uv": [10, 0, 12.5, 7], "rotation": 270, "texture": "#1"}
			}
		},
		{
			"name": "GearCaseOuter",
			"from": [-1, 1, 5.975],
			"to": [1, 15, 10.025],
			"rotation": {"angle": 0, "axis": "x", "origin": [8, 8, 8]},
			"faces": {
				"north": {"uv": [12, 0, 13, 7], "texture": "#1"},
				"east": {"uv": [0, 0, 0, 0], "rotation": 90, "texture": "#1"},
				"south": {"uv": [13, 0, 14, 7], "rotation": 180, "texture": "#1"},
				"west": {"uv": [10, 0, 11, 7], "texture": "#1"},
				"up": {"uv": [10, 6, 11, 7], "rotation": 90, "texture": "#1"},
				"down": {"uv": [10, 0, 11, 1], "rotation": 270, "texture": "#1"}
			}
		},
		{
			"name": "GearCaseOuter",
			"from": [1, -1, 5.975],
			"to": [15, 1, 10.025],
			"rotation": {"angle": 0, "axis": "x", "origin": [8, 8, 8]},
			"faces": {
				"north": {"uv": [13, 0, 14, 7], "rotation": 90, "texture": "#1"},
				"east": {"uv": [10, 0, 11, 1], "rotation": 180, "texture": "#1"},
				"south": {"uv": [12, 0, 13, 7], "rotation": 90, "texture": "#1"},
				"west": {"uv": [10, 6, 11, 7], "texture": "#1"},
				"up": {"uv": [0, 0, 0, 0], "texture": "#1"},
				"down": {"uv": [10, 0, 11, 7], "rotation": 270, "texture": "#1"}
			}
		},
		{
			"name": "GearCaseOuter",
			"from": [15, 1, 5.975],
			"to": [17, 15, 10.025],
			"rotation": {"angle": 0, "axis": "x", "origin": [8, 8, 8]},
			"faces": {
				"north": {"uv": [15, 0, 16, 7], "rotation": 180, "texture": "#1"},
				"east": {"uv": [10, 0, 11, 7], "rotation": 180, "texture": "#1"},
				"south": {"uv": [14, 0, 15, 7], "texture": "#1"},
				"west": {"uv": [0, 0, 0, 0], "rotation": 270, "texture": "#1"},
				"up": {"uv": [10, 0, 11, 1], "rotation": 90, "texture": "#1"},
				"down": {"uv": [10, 6, 11, 7], "rotation": 270, "texture": "#1"}
			}
		},
		{
			"name": "GearCaseOuter",
			"from": [1, 15, 5.975],
			"to": [15, 17, 10.025],
			"rotation": {"angle": 0, "axis": "x", "origin": [8, 8, 8]},
			"faces": {
				"north": {"uv": [14, 0, 15, 7], "rotation": 270, "texture": "#1"},
				"east": {"uv": [10, 6, 11, 7], "rotation": 180, "texture": "#1"},
				"south": {"uv": [15, 0, 16, 7], "rotation": 270, "texture": "#1"},
				"west": {"uv": [10, 0, 11, 1], "texture": "#1"},
				"up": {"uv": [10, 0, 11, 7], "rotation": 90, "texture": "#1"},
				"down": {"uv": [0, 0, 0, 0], "rotation": 180, "texture": "#1"}
			}
		},
		{
			"name": "Gear",
			"from": [6.5, -7, 6.525],
			"to": [9.5, 23, 9.475],
			"rotation": {"angle": -45, "axis": "z", "origin": [8, 8, 8]},
			"faces": {
				"north": {"uv": [0, 11.5, 15, 13], "rotation": 270, "texture": "#1"},
				"east": {"uv": [0, 13, 15, 14.5], "rotation": 90, "texture": "#1"},
				"south": {"uv": [0, 11.5, 15, 13], "rotation": 90, "texture": "#1"},
				"west": {"uv": [0, 13, 15, 14.5], "rotation": 270, "texture": "#1"},
				"up": {"uv": [10, 9.5, 11.5, 11], "texture": "#1"},
				"down": {"uv": [10, 9.5, 11.5, 11], "rotation": 180, "texture": "#1"}
			}
		},
		{
			"name": "Gear5",
			"from": [-7, 6.5, 6.525],
			"to": [23, 9.5, 9.475],
			"rotation": {"angle": 22.5, "axis": "z", "origin": [8, 8, 8]},
			"faces": {
				"north": {"uv": [0, 11.5, 15, 13], "texture": "#1"},
				"east": {"uv": [10, 9.5, 11.5, 11], "rotation": 90, "texture": "#1"},
				"south": {"uv": [0, 11.5, 15, 13], "rotation": 180, "texture": "#1"},
				"west": {"uv": [10, 9.5, 11.5, 11], "rotation": 270, "texture": "#1"},
				"up": {"uv": [0, 13, 15, 14.5], "texture": "#1"},
				"down": {"uv": [0, 13, 15, 14.5], "rotation": 180, "texture": "#1"}
			}
		},
		{
			"name": "Gear6",
			"from": [6.5, -7, 6.525],
			"to": [9.5, 23, 9.475],
			"rotation": {"angle": 22.5, "axis": "z", "origin": [8, 8, 8]},
			"faces": {
				"north": {"uv": [0, 11.5, 15, 13], "rotation": 270, "texture": "#1"},
				"east": {"uv": [0, 13, 15, 14.5], "rotation": 90, "texture": "#1"},
				"south": {"uv": [0, 11.5, 15, 13], "rotation": 90, "texture": "#1"},
				"west": {"uv": [0, 13, 15, 14.5], "rotation": 270, "texture": "#1"},
				"up": {"uv": [10, 9.5, 11.5, 11], "texture": "#1"},
				"down": {"uv": [10, 9.5, 11.5, 11], "rotation": 180, "texture": "#1"}
			}
		},
		{
			"name": "Gear7",
			"from": [-7, 6.5, 6.525],
			"to": [23, 9.5, 9.475],
			"rotation": {"angle": 0, "axis": "x", "origin": [8, 8, 8]},
			"faces": {
				"north": {"uv": [0, 11.5, 15, 13], "rotation": 180, "texture": "#1"},
				"east": {"uv": [10, 9.5, 11.5, 11], "rotation": 90, "texture": "#1"},
				"south": {"uv": [0, 11.5, 15, 13], "texture": "#1"},
				"west": {"uv": [10, 9.5, 11.5, 11], "rotation": 270, "texture": "#1"},
				"up": {"uv": [0, 13, 15, 14.5], "texture": "#1"},
				"down": {"uv": [0, 13, 15, 14.5], "rotation": 180, "texture": "#1"}
			}
		},
		{
			"name": "Gear8",
			"from": [6.5, -7, 6.525],
			"to": [9.5, 23, 9.475],
			"rotation": {"angle": 0, "axis": "x", "origin": [8, 8, 8]},
			"faces": {
				"north": {"uv": [0, 11.5, 15, 13], "rotation": 270, "texture": "#1"},
				"east": {"uv": [0, 13, 15, 14.5], "rotation": 90, "texture": "#1"},
				"south": {"uv": [0, 11.5, 15, 13], "rotation": 90, "texture": "#1"},
				"west": {"uv": [0, 13, 15, 14.5], "rotation": 270, "texture": "#1"},
				"up": {"uv": [10, 9.5, 11.5, 11], "texture": "#1"},
				"down": {"uv": [10, 9.5, 11.5, 11], "rotation": 180, "texture": "#1"}
			}
		}
	],
	"groups": [
		{
			"name": "shaft_half",
			"origin": [8, 8, 8],
			"color": 0,
			"children": [0]
		},
		1,
		2,
		3,
		{
			"name": "large_cogwheel",
			"origin": [0, 0, 0],
			"color": 0,
			"children": [4, 5, 6, 7, 8, 9, 10, 11, 12, 13, 14, 15, 16, 17, 18]
		}
	]
}