{
	"credit": "Made with Blockbench",
	"parent": "block/block",
	"textures": {
		"base": "create:block/funnel/brass_funnel",
		"direction": "create:block/funnel/brass_funnel_pull",
		"redstone": "create:block/funnel/brass_funnel_unpowered",
		"open": "create:block/funnel/funnel_closed",
		"frame": "create:block/funnel/brass_funnel_frame",
		"particle": "create:block/andesite_casing"
	},
	"elements": [
		{
			"from": [1, 1, 1],
			"to": [15, 4, 15],
			"rotation": {"angle": 0, "axis": "y", "origin": [7, -6, 10]},
			"faces": {
				"north": {"uv": [1, 1, 4, 15], "rotation": 270, "texture": "#redstone"},
				"east": {"uv": [1, 1, 4, 15], "rotation": 270, "texture": "#redstone"},
				"south": {"uv": [1, 1, 4, 15], "rotation": 270, "texture": "#redstone"},
				"west": {"uv": [1, 1, 4, 15], "rotation": 270, "texture": "#redstone"},
				"down": {"uv": [1, 1, 15, 15], "rotation": 270, "texture": "#frame"}
			}
		},
		{
			"from": [0.95, 5, 2],
			"to": [1.95, 10, 14],
			"rotation": {"angle": 22.5, "axis": "z", "origin": [1.95, 10, 8]},
			"faces": {
				"east": {"uv": [12, 0, 14.5, 6], "rotation": 90, "texture": "#base"}
			}
		},
		{
			"from": [14.05, 5, 2],
			"to": [15.05, 10, 14],
			"rotation": {"angle": -22.5, "axis": "z", "origin": [14.05, 10, 8]},
			"faces": {
				"west": {"uv": [12, 0, 14.5, 6], "rotation": 90, "texture": "#base"}
			}
		},
		{
			"from": [2, 5, 14.05],
			"to": [14, 10, 15.05],
			"rotation": {"angle": 22.5, "axis": "x", "origin": [8, 10, 14.05]},
			"faces": {
				"north": {"uv": [12, 0, 14.5, 6], "rotation": 90, "texture": "#base"}
			}
		},
		{
			"from": [2, 5, 0.95],
			"to": [14, 10, 1.95],
			"rotation": {"angle": -22.5, "axis": "x", "origin": [8, 10, 1.95]},
			"faces": {
				"south": {"uv": [12, 0, 14.5, 6], "rotation": 90, "texture": "#base"}
			}
		},
		{
			"from": [3, 5, 3],
			"to": [13, 6.3, 13],
			"rotation": {"angle": 0, "axis": "y", "origin": [11, 13, 11]},
			"faces": {
				"up": {"uv": [3, 3, 13, 13], "texture": "#open"}
			}
		},
		{
			"from": [0, 4, 0],
			"to": [16, 10, 16],
			"faces": {
				"north": {"uv": [11, 8, 14, 16], "rotation": 90, "texture": "#direction"},
				"east": {"uv": [11, 8, 14, 16], "rotation": 90, "texture": "#direction"},
				"south": {"uv": [11, 8, 14, 16], "rotation": 90, "texture": "#direction"},
				"west": {"uv": [11, 8, 14, 16], "rotation": 90, "texture": "#direction"},
				"up": {"uv": [0, 0, 16, 16], "texture": "#frame"},
				"down": {"uv": [0, 0, 16, 16], "texture": "#frame"}
			}
		},
		{
			"name": "Back",
			"from": [1.925, -1.95, 1.925],
			"to": [14.075, 2, 14.075],
			"rotation": {"angle": 0, "axis": "y", "origin": [8, 0.025, 8]},
			"faces": {
				"north": {"uv": [9, 9, 11, 15], "rotation": 270, "texture": "#base"},
				"east": {"uv": [9, 9, 11, 15], "rotation": 270, "texture": "#base"},
				"south": {"uv": [9, 9, 11, 15], "rotation": 270, "texture": "#base"},
				"west": {"uv": [9, 9, 11, 15], "rotation": 270, "texture": "#base"},
				"down": {"uv": [6, 0, 12, 6], "rotation": 180, "texture": "#base"}
			}
		}
	],
	"groups": [
		{
			"name": "block_retracted",
			"origin": [8, 8, 8],
			"color": 0,
			"children": [
				{
					"name": "BeltFunnel",
					"origin": [9, -4, 8],
					"color": 0,
					"children": [
						{
							"name": "FrontSection",
							"origin": [9, -4, 8],
							"color": 0,
							"children": [0, 1, 2, 3, 4, 5, 6]
						},
						{
							"name": "Base",
							"origin": [9, -4, 8],
							"color": 0,
							"children": [7]
						}
					]
				}
			]
		}
	]
}
