{
	"credit": "Made with Blockbench",
	"parent": "block/block",
	"textures": {
		"0": "create:block/axis",
		"1": "create:block/axis_top",
		"2": "create:block/metal_face",
		"particle": "create:block/metal_face"
	},
	"elements": [
		{
			"name": "Axis",
			"from": [6, 0, 6],
			"to": [10, 16, 10],
			"faces": {
				"north": {"uv": [6, 0, 10, 16], "texture": "#0"},
				"east": {"uv": [6, 0, 10, 16], "texture": "#0"},
				"south": {"uv": [6, 0, 10, 16], "texture": "#0"},
				"west": {"uv": [6, 0, 10, 16], "texture": "#0"},
				"up": {"uv": [6, 6, 10, 10], "texture": "#1"},
				"down": {"uv": [6, 6, 10, 10], "texture": "#1"}
			}
		},
		{
			"name": "Pulley",
			"from": [4, 2, 5],
			"to": [8, 14, 11],
			"faces": {
				"north": {"uv": [5, 2, 9, 14], "texture": "#2"},
				"south": {"uv": [5, 2, 9, 14], "texture": "#2"},
				"west": {"uv": [5, 2, 11, 14], "texture": "#2"},
				"up": {"uv": [0, 5, 4, 11], "texture": "#2"},
				"down": {"uv": [0, 5, 4, 11], "texture": "#2"}
			}
		},
		{
			"name": "Pulley",
			"from": [8, 2, 5],
			"to": [12, 14, 11],
			"faces": {
				"north": {"uv": [5, 2, 9, 14], "texture": "#2"},
				"east": {"uv": [5, 2, 11, 14], "texture": "#2"},
				"south": {"uv": [5, 2, 9, 14], "texture": "#2"},
				"up": {"uv": [12, 5, 16, 11], "texture": "#2"},
				"down": {"uv": [12, 5, 16, 11], "texture": "#2"}
			}
		},
		{
			"name": "Pulley",
			"from": [5, 2, 4],
			"to": [11, 14, 5],
			"faces": {
				"north": {"uv": [5, 2, 11, 14], "texture": "#2"},
				"east": {"uv": [5, 2, 6, 14], "texture": "#2"},
				"west": {"uv": [5, 2, 6, 14], "texture": "#2"},
				"up": {"uv": [8, 15, 14, 16], "texture": "#2"},
				"down": {"uv": [6, 15, 12, 16], "texture": "#2"}
			}
		},
		{
			"name": "Pulley",
			"from": [5, 2, 11],
			"to": [11, 14, 12],
			"faces": {
				"east": {"uv": [6, 2, 5, 14], "texture": "#2"},
				"south": {"uv": [11, 2, 5, 14], "texture": "#2"},
				"west": {"uv": [6, 2, 5, 14], "texture": "#2"},
				"up": {"uv": [3, 1, 9, 0], "texture": "#2"},
				"down": {"uv": [4, 1, 10, 0], "texture": "#2"}
			}
		}
	]
}
