{
	"format_version": "1.9.0",
	"credit": "Made with Blockbench",
	"texture_size": [64, 64],
	"textures": {
		"0": "valkyrien_mod:block/cone_texture",
		"1": "valkyrien_mod:block/thruster",
		"particle": "valkyrien_mod:block/thruster"
	},
	"elements": [
		{
			"from": [11.775, 3.165, 4],
			"to": [13.775, 8.665, 12],
			"rotation": {"angle": 22.5, "axis": "z", "origin": [12.7894, 9.1749, 8]},
			"faces": {
				"north": {"uv": [4.75, 4.5, 4.25, 5.875], "rotation": 180, "texture": "#0"},
				"east": {"uv": [14.25, 0.5, 12.875, 2.5], "rotation": 270, "texture": "#0"},
				"south": {"uv": [7.25, 5.875, 6.75, 4.5], "texture": "#0"},
				"west": {"uv": [12.5, 0.5, 15, 2.5], "rotation": 90, "texture": "#0"},
				"up": {"uv": [11.75, 0.5, 12.25, 2.5], "rotation": 180, "texture": "#0"},
				"down": {"uv": [0, 13.5, 0.5, 16], "texture": "#0"}
			}
		},
		{
			"from": [12, 4, 4],
			"to": [14, 14, 12],
			"rotation": {"angle": 0, "axis": "y", "origin": [8, 5.5, 8]},
			"faces": {
				"north": {"uv": [0.5, 13, 0, 16], "rotation": 180, "texture": "#0"},
				"east": {"uv": [11, 0.5, 13.5, 2.5], "rotation": 270, "texture": "#0"},
				"south": {"uv": [0.5, 16, 0, 13], "texture": "#0"},
				"west": {"uv": [12.5, 0.5, 15, 2.5], "rotation": 90, "texture": "#0"},
				"up": {"uv": [11.75, 0.5, 12.25, 2.5], "rotation": 180, "texture": "#0"},
				"down": {"uv": [0, 13.5, 0.5, 16], "texture": "#0"}
			}
		},
		{
			"from": [2, 4, 4],
			"to": [4, 14, 12],
			"rotation": {"angle": 0, "axis": "x", "origin": [8, 5.5, 8]},
			"faces": {
				"north": {"uv": [0.5, 13, 0, 16], "rotation": 180, "texture": "#0"},
				"east": {"uv": [10.25, 0.5, 12.75, 2.5], "rotation": 270, "texture": "#0"},
				"south": {"uv": [0.5, 16, 0, 13], "texture": "#0"},
				"west": {"uv": [11.75, 0.5, 14.25, 2.5], "rotation": 90, "texture": "#0"},
				"up": {"uv": [12.25, 0.5, 12.75, 2.5], "rotation": 180, "texture": "#0"},
				"down": {"uv": [0, 13.5, 0.5, 16], "texture": "#0"}
			}
		},
		{
			"from": [2.225, 3.165, 4],
			"to": [4.225, 9.165, 12],
			"rotation": {"angle": -22.5, "axis": "z", "origin": [3.2106, 9.1749, 8]},
			"faces": {
				"north": {"uv": [4.75, 4.5, 4.25, 6], "rotation": 180, "texture": "#0"},
				"east": {"uv": [10.25, 0.5, 12.75, 2.5], "rotation": 270, "texture": "#0"},
				"south": {"uv": [7.25, 6, 6.75, 4.5], "texture": "#0"},
				"west": {"uv": [12.75, 0.5, 14.25, 2.5], "rotation": 90, "texture": "#0"},
				"up": {"uv": [12.25, 0.5, 12.75, 2.5], "rotation": 180, "texture": "#0"},
				"down": {"uv": [0, 13.5, 0.5, 16], "texture": "#0"}
			}
		},
		{
			"from": [2, 4, 12],
			"to": [14, 14, 14],
			"rotation": {"angle": 0, "axis": "x", "origin": [8, 5.5, 8]},
			"faces": {
				"north": {"uv": [10.75, 4.5, 7.75, 7], "rotation": 180, "texture": "#0"},
				"east": {"uv": [0, 12, 2.5, 12.5], "rotation": 270, "texture": "#0"},
				"south": {"uv": [10.75, 2.5, 7.75, 0], "texture": "#0"},
				"west": {"uv": [0.75, 12, 3.25, 12.5], "rotation": 90, "texture": "#0"},
				"up": {"uv": [7.75, 7, 10.75, 7.5], "rotation": 180, "texture": "#0"},
				"down": {"uv": [0, 15.5, 3.5, 16], "texture": "#0"}
			}
		},
		{
			"from": [4, 3.165, 11.775],
			"to": [12, 8.665, 13.775],
			"rotation": {"angle": -22.5, "axis": "x", "origin": [8, 9.1749, 12.7894]},
			"faces": {
				"north": {"uv": [10.75, 4.5, 7.75, 7], "rotation": 180, "texture": "#0"},
				"east": {"uv": [3.25, 12, 1.875, 12.5], "rotation": 270, "texture": "#0"},
				"south": {"uv": [12.875, 2.5, 14.25, 0.5], "rotation": 90, "texture": "#0"},
				"west": {"uv": [1.875, 12, 3.25, 12.5], "rotation": 90, "texture": "#0"},
				"up": {"uv": [8.25, 7, 10.25, 7.5], "rotation": 180, "texture": "#0"},
				"down": {"uv": [0, 15.5, 3.5, 16], "texture": "#0"}
			}
		},
		{
			"from": [2, 4, 2],
			"to": [14, 14, 4],
			"rotation": {"angle": 0, "axis": "x", "origin": [8, 5.5, 8]},
			"faces": {
				"north": {"uv": [7.25, 4.5, 4.25, 7], "rotation": 180, "texture": "#0"},
				"east": {"uv": [0, 12.5, 2.5, 12], "rotation": 270, "texture": "#0"},
				"south": {"uv": [7.25, 2.5, 4.25, 0], "texture": "#0"},
				"west": {"uv": [2.5, 12.5, 0, 12], "rotation": 90, "texture": "#0"},
				"up": {"uv": [4.25, 6.25, 7.25, 6.75], "rotation": 180, "texture": "#0"},
				"down": {"uv": [0, 15.5, 3.5, 16], "texture": "#0"}
			}
		},
		{
			"from": [4, 3.165, 2.225],
			"to": [12, 8.665, 4.225],
			"rotation": {"angle": 22.5, "axis": "x", "origin": [8, 9.1749, 3.2106]},
			"faces": {
				"north": {"uv": [12.875, 0.5, 14.25, 2.5], "rotation": 90, "texture": "#0"},
				"east": {"uv": [3.25, 12.5, 1.875, 12], "rotation": 270, "texture": "#0"},
				"south": {"uv": [7.25, 2.5, 4.25, 0], "texture": "#0"},
				"west": {"uv": [1.875, 12.5, 3.25, 12], "rotation": 90, "texture": "#0"},
				"up": {"uv": [4.25, 6.25, 6.25, 6.75], "rotation": 180, "texture": "#0"},
				"down": {"uv": [0, 15.5, 3.5, 16], "texture": "#0"}
			}
		},
		{
			"from": [4, 4, 4],
			"to": [12, 7, 12],
			"rotation": {"angle": 0, "axis": "x", "origin": [8, 5.5, 8]},
			"faces": {
				"north": {"uv": [4, 14.5, 0, 16], "rotation": 180, "texture": "#0"},
				"east": {"uv": [3.25, 12, 4.75, 16], "rotation": 270, "texture": "#0"},
				"south": {"uv": [4, 16, 0, 14.5], "texture": "#0"},
				"west": {"uv": [3.25, 12, 4.75, 16], "rotation": 90, "texture": "#0"},
				"up": {"uv": [0.25, 0.25, 2.25, 2.25], "rotation": 180, "texture": "#0"},
				"down": {"uv": [3.25, 12, 7.25, 16], "texture": "#0"}
			}
		},
		{
			"from": [0, 0, 0],
			"to": [16, 4, 16],
			"rotation": {"angle": 0, "axis": "x", "origin": [8, 2, 8]},
			"faces": {
				"north": {"uv": [4, 8, 5, 12], "rotation": 90, "texture": "#1"},
				"east": {"uv": [5, 8, 4, 12], "rotation": 270, "texture": "#1"},
				"south": {"uv": [5, 12, 4, 8], "rotation": 270, "texture": "#1"},
				"west": {"uv": [4, 8, 5, 12], "rotation": 90, "texture": "#1"},
				"up": {"uv": [0, 8, 4, 12], "rotation": 180, "texture": "#1"},
				"down": {"uv": [0, 4, 4, 8], "texture": "#1"}
			}
		}
	]
}